{
  "metadata": {
    "id": "final_boss_47",
    "axes": {
      "c_max": 100,
      "t_max": 1200
    }
  },
  "nodes": {
    "tmA": {
      "c": 0,
      "t": 1135
    },
    "tmB": {
      "c": 100,
      "t": 1127
    },
    "e1_a": {
      "c": 11.81270024781154,
      "t": 916.960084600237
    },
    "e1_l": {
      "c": 22.209823237947454,
      "t": 916.960084600237
    },
    "e1_b": {
      "c": 32.74264424892333,
      "t": 916.960084600237
    },
    "eu_b": {
      "c": 24.73038203653883,
      "t": 758.302928557512
    },
    "eu_a": {
      "c": 4.074241539232148,
      "t": 758.302928557512
    },
    "eu_g": {
      "c": 32.72724018310086,
      "t": 758.302928557512
    },
    "im_t": {
      "c": 57.672565618210264,
      "t": 1048.6568360680526
    },
    "im_b": {
      "c": 57.672565618210264,
      "t": 0
    },
    "p_im": {
      "c": 57.672565618210264,
      "t": 992.1847370969454
    },
    "p_l": {
      "c": 78.84650189200019,
      "t": 992.1847370969454
    },
    "p_d": {
      "c": 74.51251408967701,
      "t": 992.1847370969454
    },
    "e2_d": {
      "c": 76.01185026938612,
      "t": 870.5575009177635
    },
    "e2_l": {
      "c": 81.29160676114248,
      "t": 870.5575009177635
    },
    "e2_e": {
      "c": 95.7372768225006,
      "t": 870.5575009177635
    },
    "t_a": {
      "c": 0.2453180652546746,
      "t": 0
    },
    "t_g_l": {
      "c": 32.67740343684035,
      "t": 0
    },
    "t_g_r": {
      "c": 46.27357334909822,
      "t": 0
    },
    "t_d": {
      "c": 73.14351058852822,
      "t": 0
    },
    "t_e": {
      "c": 99.89977314922972,
      "t": 0
    }
  },
  "curves": {
    "L_1": {
      "start": "tmA",
      "end": "e1_l",
      "type": "liquidus",
      "power": 0.8
    },
    "L_2": {
      "start": "e1_l",
      "end": "im_t",
      "type": "liquidus",
      "power": 1.2
    },
    "L_3": {
      "start": "im_t",
      "end": "p_l",
      "type": "liquidus",
      "power": 0.9
    },
    "L_4": {
      "start": "p_l",
      "end": "e2_l",
      "type": "liquidus",
      "power": 1.1
    },
    "L_5": {
      "start": "e2_l",
      "end": "tmB",
      "type": "liquidus",
      "power": 0.8
    },
    "S_a": {
      "start": "tmA",
      "end": "e1_a",
      "type": "solidus",
      "power": 1.2
    },
    "S_e": {
      "start": "tmB",
      "end": "e2_e",
      "type": "solidus",
      "power": 1.1
    },
    "sol_a": {
      "start": "e1_a",
      "end": "eu_a",
      "type": "solvus",
      "power": 2.0
    },
    "sol_a_bot": {
      "start": "eu_a",
      "end": "t_a",
      "type": "solvus",
      "power": 1.5
    },
    "sol_e": {
      "start": "e2_e",
      "end": "t_e",
      "type": "solvus",
      "power": 1.8
    },
    "i_e1": {
      "start": "e1_a",
      "end": "e1_b",
      "type": "horizontal"
    },
    "i_eu": {
      "start": "eu_a",
      "end": "eu_g",
      "type": "horizontal"
    },
    "i_p": {
      "start": "p_im",
      "end": "p_l",
      "type": "horizontal"
    },
    "i_e2": {
      "start": "e2_d",
      "end": "e2_e",
      "type": "horizontal"
    },
    "im_vert": {
      "start": "im_t",
      "end": "im_b",
      "type": "vertical"
    }
  },
  "regions": {
    "R_a": {
      "type": "single-phase",
      "phase_name": "\u03b1",
      "label": {
        "text": "\u03b1",
        "c": 4,
        "t": 600
      },
      "bounding_curves": [
        {
          "id": "S_a",
          "dir": 1
        },
        {
          "id": "sol_a",
          "dir": 1
        },
        {
          "id": "sol_a_bot",
          "dir": 1
        },
        {
          "id": "bot_a",
          "dir": -1
        },
        {
          "id": "e_L",
          "dir": 1
        }
      ]
    }
  }
}