{
  "metadata": {
    "id": "final_boss_76",
    "axes": {
      "c_max": 100,
      "t_max": 1200
    }
  },
  "nodes": {
    "tmA": {
      "c": 0,
      "t": 1110
    },
    "tmB": {
      "c": 100,
      "t": 1056
    },
    "e1_a": {
      "c": 14.784231460558066,
      "t": 837.2041126797018
    },
    "e1_l": {
      "c": 25.749482288853084,
      "t": 837.2041126797018
    },
    "e1_b": {
      "c": 34.59891253183686,
      "t": 837.2041126797018
    },
    "eu_b": {
      "c": 30.876893233801,
      "t": 517.0981771937662
    },
    "eu_a": {
      "c": 10.718592026841577,
      "t": 517.0981771937662
    },
    "eu_g": {
      "c": 38.166943263390515,
      "t": 517.0981771937662
    },
    "im_t": {
      "c": 68.35018018087402,
      "t": 1054.1937106990506
    },
    "im_b": {
      "c": 68.35018018087402,
      "t": 0
    },
    "p_im": {
      "c": 68.35018018087402,
      "t": 821.9723927286595
    },
    "p_l": {
      "c": 85.60666858997523,
      "t": 821.9723927286595
    },
    "p_d": {
      "c": 74.41997150379865,
      "t": 821.9723927286595
    },
    "e2_d": {
      "c": 80.1648866644644,
      "t": 490.3961918958623
    },
    "e2_l": {
      "c": 85.71223494113518,
      "t": 490.3961918958623
    },
    "e2_e": {
      "c": 95.65421737044201,
      "t": 490.3961918958623
    },
    "t_a": {
      "c": 3.2009643123734937,
      "t": 0
    },
    "t_g_l": {
      "c": 36.16092322645768,
      "t": 0
    },
    "t_g_r": {
      "c": 56.30054518825084,
      "t": 0
    },
    "t_d": {
      "c": 75.55583236623393,
      "t": 0
    },
    "t_e": {
      "c": 99.18445618276583,
      "t": 0
    }
  },
  "curves": {
    "L_1": {
      "start": "tmA",
      "end": "e1_l",
      "type": "liquidus",
      "power": 0.8
    },
    "L_2": {
      "start": "e1_l",
      "end": "im_t",
      "type": "liquidus",
      "power": 1.2
    },
    "L_3": {
      "start": "im_t",
      "end": "p_l",
      "type": "liquidus",
      "power": 0.9
    },
    "L_4": {
      "start": "p_l",
      "end": "e2_l",
      "type": "liquidus",
      "power": 1.1
    },
    "L_5": {
      "start": "e2_l",
      "end": "tmB",
      "type": "liquidus",
      "power": 0.8
    },
    "S_a": {
      "start": "tmA",
      "end": "e1_a",
      "type": "solidus",
      "power": 1.2
    },
    "S_e": {
      "start": "tmB",
      "end": "e2_e",
      "type": "solidus",
      "power": 1.1
    },
    "sol_a": {
      "start": "e1_a",
      "end": "eu_a",
      "type": "solvus",
      "power": 2.0
    },
    "sol_a_bot": {
      "start": "eu_a",
      "end": "t_a",
      "type": "solvus",
      "power": 1.5
    },
    "sol_e": {
      "start": "e2_e",
      "end": "t_e",
      "type": "solvus",
      "power": 1.8
    },
    "i_e1": {
      "start": "e1_a",
      "end": "e1_b",
      "type": "horizontal"
    },
    "i_eu": {
      "start": "eu_a",
      "end": "eu_g",
      "type": "horizontal"
    },
    "i_p": {
      "start": "p_im",
      "end": "p_l",
      "type": "horizontal"
    },
    "i_e2": {
      "start": "e2_d",
      "end": "e2_e",
      "type": "horizontal"
    },
    "im_vert": {
      "start": "im_t",
      "end": "im_b",
      "type": "vertical"
    }
  },
  "regions": {
    "R_a": {
      "type": "single-phase",
      "phase_name": "\u03b1",
      "label": {
        "text": "\u03b1",
        "c": 4,
        "t": 600
      },
      "bounding_curves": [
        {
          "id": "S_a",
          "dir": 1
        },
        {
          "id": "sol_a",
          "dir": 1
        },
        {
          "id": "sol_a_bot",
          "dir": 1
        },
        {
          "id": "bot_a",
          "dir": -1
        },
        {
          "id": "e_L",
          "dir": 1
        }
      ]
    }
  }
}