{
  "metadata": {
    "id": "final_boss_65",
    "axes": {
      "c_max": 100,
      "t_max": 1200
    }
  },
  "nodes": {
    "tmA": {
      "c": 0,
      "t": 1052
    },
    "tmB": {
      "c": 100,
      "t": 1120
    },
    "e1_a": {
      "c": 13.67107038285723,
      "t": 904.5555010475074
    },
    "e1_l": {
      "c": 31.6403465513392,
      "t": 904.5555010475074
    },
    "e1_b": {
      "c": 42.39166686279635,
      "t": 904.5555010475074
    },
    "eu_b": {
      "c": 37.175384056218725,
      "t": 536.0931047428148
    },
    "eu_a": {
      "c": 9.36171146483222,
      "t": 536.0931047428148
    },
    "eu_g": {
      "c": 49.124248201268465,
      "t": 536.0931047428148
    },
    "im_t": {
      "c": 64.94806022055752,
      "t": 1088.5708800519121
    },
    "im_b": {
      "c": 64.94806022055752,
      "t": 0
    },
    "p_im": {
      "c": 64.94806022055752,
      "t": 822.5368885400137
    },
    "p_l": {
      "c": 84.11841888296605,
      "t": 822.5368885400137
    },
    "p_d": {
      "c": 68.79531259861831,
      "t": 822.5368885400137
    },
    "e2_d": {
      "c": 71.91824205158505,
      "t": 564.8419285789993
    },
    "e2_l": {
      "c": 82.61303310631456,
      "t": 564.8419285789993
    },
    "e2_e": {
      "c": 89.50127535713887,
      "t": 564.8419285789993
    },
    "t_a": {
      "c": 0.613083862032687,
      "t": 0
    },
    "t_g_l": {
      "c": 47.73622458638245,
      "t": 0
    },
    "t_g_r": {
      "c": 56.96821088533852,
      "t": 0
    },
    "t_d": {
      "c": 71.46051214043732,
      "t": 0
    },
    "t_e": {
      "c": 92.50729613427644,
      "t": 0
    }
  },
  "curves": {
    "L_1": {
      "start": "tmA",
      "end": "e1_l",
      "type": "liquidus",
      "power": 0.8
    },
    "L_2": {
      "start": "e1_l",
      "end": "im_t",
      "type": "liquidus",
      "power": 1.2
    },
    "L_3": {
      "start": "im_t",
      "end": "p_l",
      "type": "liquidus",
      "power": 0.9
    },
    "L_4": {
      "start": "p_l",
      "end": "e2_l",
      "type": "liquidus",
      "power": 1.1
    },
    "L_5": {
      "start": "e2_l",
      "end": "tmB",
      "type": "liquidus",
      "power": 0.8
    },
    "S_a": {
      "start": "tmA",
      "end": "e1_a",
      "type": "solidus",
      "power": 1.2
    },
    "S_e": {
      "start": "tmB",
      "end": "e2_e",
      "type": "solidus",
      "power": 1.1
    },
    "sol_a": {
      "start": "e1_a",
      "end": "eu_a",
      "type": "solvus",
      "power": 2.0
    },
    "sol_a_bot": {
      "start": "eu_a",
      "end": "t_a",
      "type": "solvus",
      "power": 1.5
    },
    "sol_e": {
      "start": "e2_e",
      "end": "t_e",
      "type": "solvus",
      "power": 1.8
    },
    "i_e1": {
      "start": "e1_a",
      "end": "e1_b",
      "type": "horizontal"
    },
    "i_eu": {
      "start": "eu_a",
      "end": "eu_g",
      "type": "horizontal"
    },
    "i_p": {
      "start": "p_im",
      "end": "p_l",
      "type": "horizontal"
    },
    "i_e2": {
      "start": "e2_d",
      "end": "e2_e",
      "type": "horizontal"
    },
    "im_vert": {
      "start": "im_t",
      "end": "im_b",
      "type": "vertical"
    }
  },
  "regions": {
    "R_a": {
      "type": "single-phase",
      "phase_name": "\u03b1",
      "label": {
        "text": "\u03b1",
        "c": 4,
        "t": 600
      },
      "bounding_curves": [
        {
          "id": "S_a",
          "dir": 1
        },
        {
          "id": "sol_a",
          "dir": 1
        },
        {
          "id": "sol_a_bot",
          "dir": 1
        },
        {
          "id": "bot_a",
          "dir": -1
        },
        {
          "id": "e_L",
          "dir": 1
        }
      ]
    }
  }
}