{
  "metadata": {
    "id": "final_boss_350",
    "axes": {
      "c_max": 100,
      "t_max": 1200
    }
  },
  "nodes": {
    "top_L": {
      "c": 0,
      "t": 1200,
      "bounds": {
        "lock_t": true,
        "lock_c": true
      }
    },
    "top_R": {
      "c": 100,
      "t": 1200,
      "bounds": {
        "lock_t": true,
        "lock_c": true
      }
    },
    "bot_L": {
      "c": 0,
      "t": 0,
      "bounds": {
        "lock_t": true,
        "lock_c": true
      }
    },
    "bot_R": {
      "c": 100,
      "t": 0,
      "bounds": {
        "lock_t": true,
        "lock_c": true
      }
    },
    "tmA": {
      "c": 0,
      "t": 1067.6322795881824,
      "bounds": {
        "lock_c": true,
        "t_min": 1000,
        "t_max": 1200
      }
    },
    "tmB": {
      "c": 100,
      "t": 1077.016908329075,
      "bounds": {
        "lock_c": true,
        "t_min": 1000,
        "t_max": 1200
      }
    },
    "im1_t": {
      "c": 58.58358949173422,
      "t": 1177.3084434682337,
      "bounds": {
        "lock_c": true,
        "t_min": 1000,
        "t_max": 1200
      }
    },
    "im1_b": {
      "c": 58.58358949173422,
      "t": 0,
      "bounds": {
        "lock_c": true,
        "lock_t": true
      }
    },
    "e1_a": {
      "c": 10.722877820907382,
      "t": 853.2957062873927,
      "bounds": {
        "lock_t": true,
        "c_min": 2,
        "c_max": 18
      }
    },
    "e1_l": {
      "c": 41.02548228483874,
      "t": 853.2957062873927,
      "bounds": {
        "lock_t": true,
        "c_min": 25,
        "c_max": 50
      }
    },
    "im1_e1": {
      "c": 58.58358949173422,
      "t": 853.2957062873927,
      "bounds": {
        "lock_c": true,
        "lock_t": true
      }
    },
    "po_nexus": {
      "c": 23.583441724827864,
      "t": 689.1244755859449,
      "bounds": {
        "lock_c": true,
        "lock_t": true
      }
    },
    "im2_b": {
      "c": 23.583441724827864,
      "t": 0,
      "bounds": {
        "lock_c": true,
        "lock_t": true
      }
    },
    "p_im1": {
      "c": 58.58358949173422,
      "t": 950.4824236103926,
      "bounds": {
        "lock_c": true,
        "lock_t": true
      }
    },
    "p_g": {
      "c": 67.69844113668456,
      "t": 950.4824236103926,
      "bounds": {
        "lock_t": true,
        "c_min": 60.58358949173422,
        "c_max": 73.84717022883707
      }
    },
    "p_l": {
      "c": 75.84717022883707,
      "t": 950.4824236103926,
      "bounds": {
        "lock_t": true,
        "c_min": 69.69844113668456,
        "c_max": 90
      }
    },
    "e2_g": {
      "c": 72.4395724700466,
      "t": 737.4144793052894,
      "bounds": {
        "lock_t": true,
        "c_min": 69.69844113668456,
        "c_max": 73.90434568532856
      }
    },
    "e2_l": {
      "c": 75.90434568532856,
      "t": 737.4144793052894,
      "bounds": {
        "lock_t": true,
        "c_min": 74.4395724700466,
        "c_max": 92.08498686992955
      }
    },
    "e2_e": {
      "c": 94.08498686992955,
      "t": 737.4144793052894,
      "bounds": {
        "lock_t": true,
        "c_min": 77.90434568532856,
        "c_max": 98
      }
    },
    "im1_eu": {
      "c": 58.58358949173422,
      "t": 555.8953398276325,
      "bounds": {
        "lock_c": true,
        "lock_t": true
      }
    },
    "eu_nexus": {
      "c": 68.27171489813814,
      "t": 555.8953398276325,
      "bounds": {
        "lock_t": true,
        "c_min": 63.58358949173422,
        "c_max": 92.39010947022052
      }
    },
    "eu_e_iso": {
      "c": 97.39010947022052,
      "t": 555.8953398276325,
      "bounds": {
        "lock_t": true,
        "c_min": 70.27171489813814,
        "c_max": 99
      }
    },
    "t_a": {
      "c": 1.6700578355880003,
      "t": 0,
      "bounds": {
        "lock_t": true,
        "c_min": 0.1,
        "c_max": 21.583441724827864
      }
    },
    "t_e": {
      "c": 99.22144862637221,
      "t": 0,
      "bounds": {
        "lock_t": true,
        "c_min": 97.49010947022052,
        "c_max": 99.9
      }
    }
  },
  "curves": {
    "L_1": {
      "start": "tmA",
      "end": "e1_l",
      "type": "liquidus"
    },
    "L_2": {
      "start": "e1_l",
      "end": "im1_t",
      "type": "liquidus"
    },
    "L_3": {
      "start": "im1_t",
      "end": "p_l",
      "type": "liquidus"
    },
    "L_4": {
      "start": "p_l",
      "end": "e2_l",
      "type": "liquidus"
    },
    "L_5": {
      "start": "e2_l",
      "end": "tmB",
      "type": "liquidus"
    },
    "S_a": {
      "start": "tmA",
      "end": "e1_a",
      "type": "solidus"
    },
    "S_g": {
      "start": "p_g",
      "end": "e2_g",
      "type": "solidus"
    },
    "S_e": {
      "start": "tmB",
      "end": "e2_e",
      "type": "solidus"
    },
    "sol_a_up": {
      "start": "e1_a",
      "end": "po_nexus",
      "type": "solvus"
    },
    "sol_a_bot": {
      "start": "po_nexus",
      "end": "t_a",
      "type": "solvus"
    },
    "sol_g_L": {
      "start": "p_g",
      "end": "eu_nexus",
      "type": "solvus"
    },
    "sol_g_R": {
      "start": "e2_g",
      "end": "eu_nexus",
      "type": "solvus"
    },
    "sol_e": {
      "start": "e2_e",
      "end": "t_e",
      "type": "solvus"
    },
    "IM1": {
      "start": "im1_t",
      "end": "im1_b",
      "type": "vertical"
    },
    "IM2": {
      "start": "po_nexus",
      "end": "im2_b",
      "type": "vertical"
    },
    "iso_e1": {
      "start": "e1_a",
      "end": "im1_e1",
      "type": "horizontal"
    },
    "iso_p": {
      "start": "p_im1",
      "end": "p_l",
      "type": "horizontal"
    },
    "iso_e2": {
      "start": "e2_g",
      "end": "e2_e",
      "type": "horizontal"
    },
    "iso_eu": {
      "start": "im1_eu",
      "end": "eu_e_iso",
      "type": "horizontal"
    },
    "edge_L_top": {
      "start": "top_L",
      "end": "tmA",
      "type": "edge"
    },
    "edge_L_bot": {
      "start": "tmA",
      "end": "bot_L",
      "type": "edge"
    },
    "edge_R_top": {
      "start": "top_R",
      "end": "tmB",
      "type": "edge"
    },
    "edge_R_bot": {
      "start": "tmB",
      "end": "bot_R",
      "type": "edge"
    },
    "edge_top": {
      "start": "top_L",
      "end": "top_R",
      "type": "edge"
    },
    "b_0_a": {
      "start": "bot_L",
      "end": "t_a",
      "type": "edge"
    },
    "b_a_im2": {
      "start": "t_a",
      "end": "im2_b",
      "type": "edge"
    },
    "b_im2_im1": {
      "start": "im2_b",
      "end": "im1_b",
      "type": "edge"
    },
    "b_im1_e": {
      "start": "im1_b",
      "end": "t_e",
      "type": "edge"
    },
    "b_e_100": {
      "start": "t_e",
      "end": "bot_R",
      "type": "edge"
    }
  },
  "regions": {
    "R_L": {
      "type": "single-phase",
      "phase_name": "L",
      "bounding_curves": [
        {
          "id": "L_1",
          "dir": 1
        },
        {
          "id": "L_2",
          "dir": 1
        },
        {
          "id": "L_3",
          "dir": 1
        },
        {
          "id": "L_4",
          "dir": 1
        },
        {
          "id": "L_5",
          "dir": 1
        },
        {
          "id": "edge_R_top",
          "dir": -1
        },
        {
          "id": "edge_top",
          "dir": -1
        },
        {
          "id": "edge_L_top",
          "dir": 1
        }
      ]
    },
    "R_a": {
      "type": "single-phase",
      "phase_name": "\u03b1",
      "bounding_curves": [
        {
          "id": "S_a",
          "dir": -1
        },
        {
          "id": "edge_L_bot",
          "dir": 1
        },
        {
          "id": "b_0_a",
          "dir": 1
        },
        {
          "id": "sol_a_bot",
          "dir": -1
        },
        {
          "id": "sol_a_up",
          "dir": -1
        }
      ]
    },
    "R_g": {
      "type": "single-phase",
      "phase_name": "\u03b3",
      "bounding_curves": [
        {
          "id": "sol_g_L",