{
  "metadata": {
    "id": "final_boss_301",
    "axes": {
      "c_max": 100,
      "t_max": 1200
    }
  },
  "nodes": {
    "tmA": {
      "c": 0,
      "t": 1079
    },
    "tmB": {
      "c": 100,
      "t": 1043
    },
    "e1_a": {
      "c": 14.977729077372057,
      "t": 844.8862463884279
    },
    "e1_l": {
      "c": 29.331734095589862,
      "t": 844.8862463884279
    },
    "e1_b": {
      "c": 38.14271349780549,
      "t": 844.8862463884279
    },
    "eu_b": {
      "c": 33.22971759436913,
      "t": 543.1029613781974
    },
    "eu_a": {
      "c": 9.505538562053626,
      "t": 543.1029613781974
    },
    "eu_g": {
      "c": 42.47439887136795,
      "t": 543.1029613781974
    },
    "im_t": {
      "c": 66.459958065906,
      "t": 999.9072694263792
    },
    "im_b": {
      "c": 66.459958065906,
      "t": 0
    },
    "p_im": {
      "c": 66.459958065906,
      "t": 752.6703479258506
    },
    "p_l": {
      "c": 80.13571705810396,
      "t": 752.6703479258506
    },
    "p_d": {
      "c": 76.27569555532173,
      "t": 752.6703479258506
    },
    "e2_d": {
      "c": 77.09943689450901,
      "t": 695.7009109618532
    },
    "e2_l": {
      "c": 82.62818025717517,
      "t": 695.7009109618532
    },
    "e2_e": {
      "c": 91.9874672297942,
      "t": 695.7009109618532
    },
    "t_a": {
      "c": 5.523526363095338,
      "t": 0
    },
    "t_g_l": {
      "c": 40.697071578482635,
      "t": 0
    },
    "t_g_r": {
      "c": 62.44176270722666,
      "t": 0
    },
    "t_d": {
      "c": 74.22268967199741,
      "t": 0
    },
    "t_e": {
      "c": 99.54390610302231,
      "t": 0
    }
  },
  "curves": {
    "L_1": {
      "start": "tmA",
      "end": "e1_l",
      "type": "liquidus",
      "power": 0.8
    },
    "L_2": {
      "start": "e1_l",
      "end": "im_t",
      "type": "liquidus",
      "power": 1.2
    },
    "L_3": {
      "start": "im_t",
      "end": "p_l",
      "type": "liquidus",
      "power": 0.9
    },
    "L_4": {
      "start": "p_l",
      "end": "e2_l",
      "type": "liquidus",
      "power": 1.1
    },
    "L_5": {
      "start": "e2_l",
      "end": "tmB",
      "type": "liquidus",
      "power": 0.8
    },
    "S_a": {
      "start": "tmA",
      "end": "e1_a",
      "type": "solidus",
      "power": 1.2
    },
    "S_e": {
      "start": "tmB",
      "end": "e2_e",
      "type": "solidus",
      "power": 1.1
    },
    "sol_a": {
      "start": "e1_a",
      "end": "eu_a",
      "type": "solvus",
      "power": 2.0
    },
    "sol_a_bot": {
      "start": "eu_a",
      "end": "t_a",
      "type": "solvus",
      "power": 1.5
    },
    "sol_e": {
      "start": "e2_e",
      "end": "t_e",
      "type": "solvus",
      "power": 1.8
    },
    "i_e1": {
      "start": "e1_a",
      "end": "e1_b",
      "type": "horizontal"
    },
    "i_eu": {
      "start": "eu_a",
      "end": "eu_g",
      "type": "horizontal"
    },
    "i_p": {
      "start": "p_im",
      "end": "p_l",
      "type": "horizontal"
    },
    "i_e2": {
      "start": "e2_d",
      "end": "e2_e",
      "type": "horizontal"
    },
    "im_vert": {
      "start": "im_t",
      "end": "im_b",
      "type": "vertical"
    }
  },
  "regions": {
    "R_a": {
      "type": "single-phase",
      "phase_name": "\u03b1",
      "label": {
        "text": "\u03b1",
        "c": 4,
        "t": 600
      },
      "bounding_curves": [
        {
          "id": "S_a",
          "dir": 1
        },
        {
          "id": "sol_a",
          "dir": 1
        },
        {
          "id": "sol_a_bot",
          "dir": 1
        },
        {
          "id": "bot_a",
          "dir": -1
        },
        {
          "id": "e_L",
          "dir": 1
        }
      ]
    }
  }
}