{
  "metadata": {
    "id": "final_boss_370",
    "axes": {
      "c_max": 100,
      "t_max": 1200
    }
  },
  "nodes": {
    "tmA": {
      "c": 0,
      "t": 1053
    },
    "tmB": {
      "c": 100,
      "t": 1016
    },
    "e1_a": {
      "c": 11.648494380102319,
      "t": 822.3100042844092
    },
    "e1_l": {
      "c": 28.039227854494754,
      "t": 822.3100042844092
    },
    "e1_b": {
      "c": 37.11243406942871,
      "t": 822.3100042844092
    },
    "eu_b": {
      "c": 30.49830724988367,
      "t": 634.7185029439378
    },
    "eu_a": {
      "c": 6.616911571422763,
      "t": 634.7185029439378
    },
    "eu_g": {
      "c": 44.87545998048595,
      "t": 634.7185029439378
    },
    "im_t": {
      "c": 66.9974569449884,
      "t": 1070.329319737471
    },
    "im_b": {
      "c": 66.9974569449884,
      "t": 0
    },
    "p_im": {
      "c": 66.9974569449884,
      "t": 756.9121683930679
    },
    "p_l": {
      "c": 86.50587670124447,
      "t": 756.9121683930679
    },
    "p_d": {
      "c": 70.64418350768057,
      "t": 756.9121683930679
    },
    "e2_d": {
      "c": 76.54887970755267,
      "t": 453.61444073547295
    },
    "e2_l": {
      "c": 84.10354452017141,
      "t": 453.61444073547295
    },
    "e2_e": {
      "c": 89.30376908159053,
      "t": 453.61444073547295
    },
    "t_a": {
      "c": 0.37002281539222953,
      "t": 0
    },
    "t_g_l": {
      "c": 43.39803145124197,
      "t": 0
    },
    "t_g_r": {
      "c": 50.53098683851371,
      "t": 0
    },
    "t_d": {
      "c": 75.1353893733453,
      "t": 0
    },
    "t_e": {
      "c": 91.89345419302866,
      "t": 0
    }
  },
  "curves": {
    "L_1": {
      "start": "tmA",
      "end": "e1_l",
      "type": "liquidus",
      "power": 0.8
    },
    "L_2": {
      "start": "e1_l",
      "end": "im_t",
      "type": "liquidus",
      "power": 1.2
    },
    "L_3": {
      "start": "im_t",
      "end": "p_l",
      "type": "liquidus",
      "power": 0.9
    },
    "L_4": {
      "start": "p_l",
      "end": "e2_l",
      "type": "liquidus",
      "power": 1.1
    },
    "L_5": {
      "start": "e2_l",
      "end": "tmB",
      "type": "liquidus",
      "power": 0.8
    },
    "S_a": {
      "start": "tmA",
      "end": "e1_a",
      "type": "solidus",
      "power": 1.2
    },
    "S_e": {
      "start": "tmB",
      "end": "e2_e",
      "type": "solidus",
      "power": 1.1
    },
    "sol_a": {
      "start": "e1_a",
      "end": "eu_a",
      "type": "solvus",
      "power": 2.0
    },
    "sol_a_bot": {
      "start": "eu_a",
      "end": "t_a",
      "type": "solvus",
      "power": 1.5
    },
    "sol_e": {
      "start": "e2_e",
      "end": "t_e",
      "type": "solvus",
      "power": 1.8
    },
    "i_e1": {
      "start": "e1_a",
      "end": "e1_b",
      "type": "horizontal"
    },
    "i_eu": {
      "start": "eu_a",
      "end": "eu_g",
      "type": "horizontal"
    },
    "i_p": {
      "start": "p_im",
      "end": "p_l",
      "type": "horizontal"
    },
    "i_e2": {
      "start": "e2_d",
      "end": "e2_e",
      "type": "horizontal"
    },
    "im_vert": {
      "start": "im_t",
      "end": "im_b",
      "type": "vertical"
    }
  },
  "regions": {
    "R_a": {
      "type": "single-phase",
      "phase_name": "\u03b1",
      "label": {
        "text": "\u03b1",
        "c": 4,
        "t": 600
      },
      "bounding_curves": [
        {
          "id": "S_a",
          "dir": 1
        },
        {
          "id": "sol_a",
          "dir": 1
        },
        {
          "id": "sol_a_bot",
          "dir": 1
        },
        {
          "id": "bot_a",
          "dir": -1
        },
        {
          "id": "e_L",
          "dir": 1
        }
      ]
    }
  }
}