{
  "metadata": {
    "id": "final_boss_229",
    "axes": {
      "c_max": 100,
      "t_max": 1200
    }
  },
  "nodes": {
    "tmA": {
      "c": 0,
      "t": 1094
    },
    "tmB": {
      "c": 100,
      "t": 1148
    },
    "e1_a": {
      "c": 11.67426619752104,
      "t": 942.2420893981174
    },
    "e1_l": {
      "c": 25.586041596802286,
      "t": 942.2420893981174
    },
    "e1_b": {
      "c": 40.08753226223928,
      "t": 942.2420893981174
    },
    "eu_b": {
      "c": 34.82866984602549,
      "t": 613.6505916659951
    },
    "eu_a": {
      "c": 5.043383036852607,
      "t": 613.6505916659951
    },
    "eu_g": {
      "c": 40.17460513554808,
      "t": 613.6505916659951
    },
    "im_t": {
      "c": 55.80147578743866,
      "t": 1024.287738977677
    },
    "im_b": {
      "c": 55.80147578743866,
      "t": 0
    },
    "p_im": {
      "c": 55.80147578743866,
      "t": 873.1392054984195
    },
    "p_l": {
      "c": 78.87223531053193,
      "t": 873.1392054984195
    },
    "p_d": {
      "c": 72.97733399349224,
      "t": 873.1392054984195
    },
    "e2_d": {
      "c": 74.90921058417007,
      "t": 680.7599497635019
    },
    "e2_l": {
      "c": 80.9316313755005,
      "t": 680.7599497635019
    },
    "e2_e": {
      "c": 93.84379796448223,
      "t": 680.7599497635019
    },
    "t_a": {
      "c": 3.786639086790663,
      "t": 0
    },
    "t_g_l": {
      "c": 38.484942757270794,
      "t": 0
    },
    "t_g_r": {
      "c": 42.418950136756074,
      "t": 0
    },
    "t_d": {
      "c": 71.54719294201902,
      "t": 0
    },
    "t_e": {
      "c": 99.43791242309534,
      "t": 0
    }
  },
  "curves": {
    "L_1": {
      "start": "tmA",
      "end": "e1_l",
      "type": "liquidus",
      "power": 0.8
    },
    "L_2": {
      "start": "e1_l",
      "end": "im_t",
      "type": "liquidus",
      "power": 1.2
    },
    "L_3": {
      "start": "im_t",
      "end": "p_l",
      "type": "liquidus",
      "power": 0.9
    },
    "L_4": {
      "start": "p_l",
      "end": "e2_l",
      "type": "liquidus",
      "power": 1.1
    },
    "L_5": {
      "start": "e2_l",
      "end": "tmB",
      "type": "liquidus",
      "power": 0.8
    },
    "S_a": {
      "start": "tmA",
      "end": "e1_a",
      "type": "solidus",
      "power": 1.2
    },
    "S_e": {
      "start": "tmB",
      "end": "e2_e",
      "type": "solidus",
      "power": 1.1
    },
    "sol_a": {
      "start": "e1_a",
      "end": "eu_a",
      "type": "solvus",
      "power": 2.0
    },
    "sol_a_bot": {
      "start": "eu_a",
      "end": "t_a",
      "type": "solvus",
      "power": 1.5
    },
    "sol_e": {
      "start": "e2_e",
      "end": "t_e",
      "type": "solvus",
      "power": 1.8
    },
    "i_e1": {
      "start": "e1_a",
      "end": "e1_b",
      "type": "horizontal"
    },
    "i_eu": {
      "start": "eu_a",
      "end": "eu_g",
      "type": "horizontal"
    },
    "i_p": {
      "start": "p_im",
      "end": "p_l",
      "type": "horizontal"
    },
    "i_e2": {
      "start": "e2_d",
      "end": "e2_e",
      "type": "horizontal"
    },
    "im_vert": {
      "start": "im_t",
      "end": "im_b",
      "type": "vertical"
    }
  },
  "regions": {
    "R_a": {
      "type": "single-phase",
      "phase_name": "\u03b1",
      "label": {
        "text": "\u03b1",
        "c": 4,
        "t": 600
      },
      "bounding_curves": [
        {
          "id": "S_a",
          "dir": 1
        },
        {
          "id": "sol_a",
          "dir": 1
        },
        {
          "id": "sol_a_bot",
          "dir": 1
        },
        {
          "id": "bot_a",
          "dir": -1
        },
        {
          "id": "e_L",
          "dir": 1
        }
      ]
    }
  }
}