{
  "metadata": {
    "id": "final_boss_376",
    "axes": {
      "c_max": 100,
      "t_max": 1200
    }
  },
  "nodes": {
    "tmA": {
      "c": 0,
      "t": 1099
    },
    "tmB": {
      "c": 100,
      "t": 1132
    },
    "e1_a": {
      "c": 13.111360907613783,
      "t": 879.2057547377623
    },
    "e1_l": {
      "c": 29.773739897254522,
      "t": 879.2057547377623
    },
    "e1_b": {
      "c": 42.19622517573599,
      "t": 879.2057547377623
    },
    "eu_b": {
      "c": 39.39982427478681,
      "t": 756.4802261488719
    },
    "eu_a": {
      "c": 4.494970603068349,
      "t": 756.4802261488719
    },
    "eu_g": {
      "c": 52.96282878377014,
      "t": 756.4802261488719
    },
    "im_t": {
      "c": 71.27237546905819,
      "t": 1122.8515762058273
    },
    "im_b": {
      "c": 71.27237546905819,
      "t": 0
    },
    "p_im": {
      "c": 71.27237546905819,
      "t": 756.6416452271167
    },
    "p_l": {
      "c": 87.43140924956873,
      "t": 756.6416452271167
    },
    "p_d": {
      "c": 78.59967421084941,
      "t": 756.6416452271167
    },
    "e2_d": {
      "c": 80.9408898651276,
      "t": 461.5206954851291
    },
    "e2_l": {
      "c": 87.06549713639416,
      "t": 461.5206954851291
    },
    "e2_e": {
      "c": 94.95000102205437,
      "t": 461.5206954851291
    },
    "t_a": {
      "c": 0.9240059035152475,
      "t": 0
    },
    "t_g_l": {
      "c": 50.694923628322954,
      "t": 0
    },
    "t_g_r": {
      "c": 69.60701887629313,
      "t": 0
    },
    "t_d": {
      "c": 77.61710350797219,
      "t": 0
    },
    "t_e": {
      "c": 99.09854151377631,
      "t": 0
    }
  },
  "curves": {
    "L_1": {
      "start": "tmA",
      "end": "e1_l",
      "type": "liquidus",
      "power": 0.8
    },
    "L_2": {
      "start": "e1_l",
      "end": "im_t",
      "type": "liquidus",
      "power": 1.2
    },
    "L_3": {
      "start": "im_t",
      "end": "p_l",
      "type": "liquidus",
      "power": 0.9
    },
    "L_4": {
      "start": "p_l",
      "end": "e2_l",
      "type": "liquidus",
      "power": 1.1
    },
    "L_5": {
      "start": "e2_l",
      "end": "tmB",
      "type": "liquidus",
      "power": 0.8
    },
    "S_a": {
      "start": "tmA",
      "end": "e1_a",
      "type": "solidus",
      "power": 1.2
    },
    "S_e": {
      "start": "tmB",
      "end": "e2_e",
      "type": "solidus",
      "power": 1.1
    },
    "sol_a": {
      "start": "e1_a",
      "end": "eu_a",
      "type": "solvus",
      "power": 2.0
    },
    "sol_a_bot": {
      "start": "eu_a",
      "end": "t_a",
      "type": "solvus",
      "power": 1.5
    },
    "sol_e": {
      "start": "e2_e",
      "end": "t_e",
      "type": "solvus",
      "power": 1.8
    },
    "i_e1": {
      "start": "e1_a",
      "end": "e1_b",
      "type": "horizontal"
    },
    "i_eu": {
      "start": "eu_a",
      "end": "eu_g",
      "type": "horizontal"
    },
    "i_p": {
      "start": "p_im",
      "end": "p_l",
      "type": "horizontal"
    },
    "i_e2": {
      "start": "e2_d",
      "end": "e2_e",
      "type": "horizontal"
    },
    "im_vert": {
      "start": "im_t",
      "end": "im_b",
      "type": "vertical"
    }
  },
  "regions": {
    "R_a": {
      "type": "single-phase",
      "phase_name": "\u03b1",
      "label": {
        "text": "\u03b1",
        "c": 4,
        "t": 600
      },
      "bounding_curves": [
        {
          "id": "S_a",
          "dir": 1
        },
        {
          "id": "sol_a",
          "dir": 1
        },
        {
          "id": "sol_a_bot",
          "dir": 1
        },
        {
          "id": "bot_a",
          "dir": -1
        },
        {
          "id": "e_L",
          "dir": 1
        }
      ]
    }
  }
}