{
  "metadata": {
    "id": "final_boss_465",
    "axes": {
      "c_max": 100,
      "t_max": 1200
    }
  },
  "nodes": {
    "tmA": {
      "c": 0,
      "t": 1100
    },
    "tmB": {
      "c": 100,
      "t": 1033
    },
    "e1_a": {
      "c": 12.647295361149464,
      "t": 817.8853693711998
    },
    "e1_l": {
      "c": 29.949260754204417,
      "t": 817.8853693711998
    },
    "e1_b": {
      "c": 43.97706679525902,
      "t": 817.8853693711998
    },
    "eu_b": {
      "c": 40.819176282736635,
      "t": 582.3619954096977
    },
    "eu_a": {
      "c": 6.904056401598565,
      "t": 582.3619954096977
    },
    "eu_g": {
      "c": 48.73400440778414,
      "t": 582.3619954096977
    },
    "im_t": {
      "c": 65.5907541045728,
      "t": 1107.1393419317906
    },
    "im_b": {
      "c": 65.5907541045728,
      "t": 0
    },
    "p_im": {
      "c": 65.5907541045728,
      "t": 858.5038601732147
    },
    "p_l": {
      "c": 86.22714557850334,
      "t": 858.5038601732147
    },
    "p_d": {
      "c": 73.04050404403601,
      "t": 858.5038601732147
    },
    "e2_d": {
      "c": 78.8598648521416,
      "t": 456.8963868334055
    },
    "e2_l": {
      "c": 84.98331792347929,
      "t": 456.8963868334055
    },
    "e2_e": {
      "c": 90.93044720512839,
      "t": 456.8963868334055
    },
    "t_a": {
      "c": 1.8230856078597648,
      "t": 0
    },
    "t_g_l": {
      "c": 46.840254047675344,
      "t": 0
    },
    "t_g_r": {
      "c": 50.18574221720952,
      "t": 0
    },
    "t_d": {
      "c": 76.57653277250346,
      "t": 0
    },
    "t_e": {
      "c": 99.40164624204172,
      "t": 0
    }
  },
  "curves": {
    "L_1": {
      "start": "tmA",
      "end": "e1_l",
      "type": "liquidus",
      "power": 0.8
    },
    "L_2": {
      "start": "e1_l",
      "end": "im_t",
      "type": "liquidus",
      "power": 1.2
    },
    "L_3": {
      "start": "im_t",
      "end": "p_l",
      "type": "liquidus",
      "power": 0.9
    },
    "L_4": {
      "start": "p_l",
      "end": "e2_l",
      "type": "liquidus",
      "power": 1.1
    },
    "L_5": {
      "start": "e2_l",
      "end": "tmB",
      "type": "liquidus",
      "power": 0.8
    },
    "S_a": {
      "start": "tmA",
      "end": "e1_a",
      "type": "solidus",
      "power": 1.2
    },
    "S_e": {
      "start": "tmB",
      "end": "e2_e",
      "type": "solidus",
      "power": 1.1
    },
    "sol_a": {
      "start": "e1_a",
      "end": "eu_a",
      "type": "solvus",
      "power": 2.0
    },
    "sol_a_bot": {
      "start": "eu_a",
      "end": "t_a",
      "type": "solvus",
      "power": 1.5
    },
    "sol_e": {
      "start": "e2_e",
      "end": "t_e",
      "type": "solvus",
      "power": 1.8
    },
    "i_e1": {
      "start": "e1_a",
      "end": "e1_b",
      "type": "horizontal"
    },
    "i_eu": {
      "start": "eu_a",
      "end": "eu_g",
      "type": "horizontal"
    },
    "i_p": {
      "start": "p_im",
      "end": "p_l",
      "type": "horizontal"
    },
    "i_e2": {
      "start": "e2_d",
      "end": "e2_e",
      "type": "horizontal"
    },
    "im_vert": {
      "start": "im_t",
      "end": "im_b",
      "type": "vertical"
    }
  },
  "regions": {
    "R_a": {
      "type": "single-phase",
      "phase_name": "\u03b1",
      "label": {
        "text": "\u03b1",
        "c": 4,
        "t": 600
      },
      "bounding_curves": [
        {
          "id": "S_a",
          "dir": 1
        },
        {
          "id": "sol_a",
          "dir": 1
        },
        {
          "id": "sol_a_bot",
          "dir": 1
        },
        {
          "id": "bot_a",
          "dir": -1
        },
        {
          "id": "e_L",
          "dir": 1
        }
      ]
    }
  }
}