{
  "metadata": {
    "id": "final_boss_46",
    "axes": {
      "c_max": 100,
      "t_max": 1200
    }
  },
  "nodes": {
    "tmA": {
      "c": 0,
      "t": 1122
    },
    "tmB": {
      "c": 100,
      "t": 1097
    },
    "e1_a": {
      "c": 17.04335291727029,
      "t": 900.1109472344924
    },
    "e1_l": {
      "c": 30.82906000585961,
      "t": 900.1109472344924
    },
    "e1_b": {
      "c": 41.35881120530053,
      "t": 900.1109472344924
    },
    "eu_b": {
      "c": 37.51233722760025,
      "t": 692.6398118514977
    },
    "eu_a": {
      "c": 8.76819600884842,
      "t": 692.6398118514977
    },
    "eu_g": {
      "c": 46.2978374161706,
      "t": 692.6398118514977
    },
    "im_t": {
      "c": 66.10536736515179,
      "t": 1019.9521659439432
    },
    "im_b": {
      "c": 66.10536736515179,
      "t": 0
    },
    "p_im": {
      "c": 66.10536736515179,
      "t": 830.7840157341326
    },
    "p_l": {
      "c": 78.20978617229346,
      "t": 830.7840157341326
    },
    "p_d": {
      "c": 70.72961535606359,
      "t": 830.7840157341326
    },
    "e2_d": {
      "c": 74.18570681027539,
      "t": 640.8162084653025
    },
    "e2_l": {
      "c": 79.63554168631295,
      "t": 640.8162084653025
    },
    "e2_e": {
      "c": 89.46946486287024,
      "t": 640.8162084653025
    },
    "t_a": {
      "c": 4.798192003962177,
      "t": 0
    },
    "t_g_l": {
      "c": 44.9165943690277,
      "t": 0
    },
    "t_g_r": {
      "c": 46.80824241458625,
      "t": 0
    },
    "t_d": {
      "c": 70.79536382924186,
      "t": 0
    },
    "t_e": {
      "c": 97.69864136865334,
      "t": 0
    }
  },
  "curves": {
    "L_1": {
      "start": "tmA",
      "end": "e1_l",
      "type": "liquidus",
      "power": 0.8
    },
    "L_2": {
      "start": "e1_l",
      "end": "im_t",
      "type": "liquidus",
      "power": 1.2
    },
    "L_3": {
      "start": "im_t",
      "end": "p_l",
      "type": "liquidus",
      "power": 0.9
    },
    "L_4": {
      "start": "p_l",
      "end": "e2_l",
      "type": "liquidus",
      "power": 1.1
    },
    "L_5": {
      "start": "e2_l",
      "end": "tmB",
      "type": "liquidus",
      "power": 0.8
    },
    "S_a": {
      "start": "tmA",
      "end": "e1_a",
      "type": "solidus",
      "power": 1.2
    },
    "S_e": {
      "start": "tmB",
      "end": "e2_e",
      "type": "solidus",
      "power": 1.1
    },
    "sol_a": {
      "start": "e1_a",
      "end": "eu_a",
      "type": "solvus",
      "power": 2.0
    },
    "sol_a_bot": {
      "start": "eu_a",
      "end": "t_a",
      "type": "solvus",
      "power": 1.5
    },
    "sol_e": {
      "start": "e2_e",
      "end": "t_e",
      "type": "solvus",
      "power": 1.8
    },
    "i_e1": {
      "start": "e1_a",
      "end": "e1_b",
      "type": "horizontal"
    },
    "i_eu": {
      "start": "eu_a",
      "end": "eu_g",
      "type": "horizontal"
    },
    "i_p": {
      "start": "p_im",
      "end": "p_l",
      "type": "horizontal"
    },
    "i_e2": {
      "start": "e2_d",
      "end": "e2_e",
      "type": "horizontal"
    },
    "im_vert": {
      "start": "im_t",
      "end": "im_b",
      "type": "vertical"
    }
  },
  "regions": {
    "R_a": {
      "type": "single-phase",
      "phase_name": "\u03b1",
      "label": {
        "text": "\u03b1",
        "c": 4,
        "t": 600
      },
      "bounding_curves": [
        {
          "id": "S_a",
          "dir": 1
        },
        {
          "id": "sol_a",
          "dir": 1
        },
        {
          "id": "sol_a_bot",
          "dir": 1
        },
        {
          "id": "bot_a",
          "dir": -1
        },
        {
          "id": "e_L",
          "dir": 1
        }
      ]
    }
  }
}