{
  "metadata": {
    "id": "final_boss_50",
    "axes": {
      "c_max": 100,
      "t_max": 1200
    }
  },
  "nodes": {
    "tmA": {
      "c": 0,
      "t": 1076
    },
    "tmB": {
      "c": 100,
      "t": 1074
    },
    "e1_a": {
      "c": 19.089476751322827,
      "t": 834.695599662432
    },
    "e1_l": {
      "c": 34.607181161554266,
      "t": 834.695599662432
    },
    "e1_b": {
      "c": 45.37799877354967,
      "t": 834.695599662432
    },
    "eu_b": {
      "c": 36.995675838971096,
      "t": 656.9783422175797
    },
    "eu_a": {
      "c": 11.202681708354614,
      "t": 656.9783422175797
    },
    "eu_g": {
      "c": 45.02465308808147,
      "t": 656.9783422175797
    },
    "im_t": {
      "c": 56.068061620846706,
      "t": 1057.9863999148895
    },
    "im_b": {
      "c": 56.068061620846706,
      "t": 0
    },
    "p_im": {
      "c": 56.068061620846706,
      "t": 832.615468406157
    },
    "p_l": {
      "c": 78.02374759759725,
      "t": 832.615468406157
    },
    "p_d": {
      "c": 72.81671576917691,
      "t": 832.615468406157
    },
    "e2_d": {
      "c": 74.05293632207064,
      "t": 679.9362376764042
    },
    "e2_l": {
      "c": 80.92175905137303,
      "t": 679.9362376764042
    },
    "e2_e": {
      "c": 95.09498392405087,
      "t": 679.9362376764042
    },
    "t_a": {
      "c": 2.9316049673306104,
      "t": 0
    },
    "t_g_l": {
      "c": 42.38830195702015,
      "t": 0
    },
    "t_g_r": {
      "c": 53.915733711421915,
      "t": 0
    },
    "t_d": {
      "c": 73.90411818136887,
      "t": 0
    },
    "t_e": {
      "c": 99.19968920817843,
      "t": 0
    }
  },
  "curves": {
    "L_1": {
      "start": "tmA",
      "end": "e1_l",
      "type": "liquidus",
      "power": 0.8
    },
    "L_2": {
      "start": "e1_l",
      "end": "im_t",
      "type": "liquidus",
      "power": 1.2
    },
    "L_3": {
      "start": "im_t",
      "end": "p_l",
      "type": "liquidus",
      "power": 0.9
    },
    "L_4": {
      "start": "p_l",
      "end": "e2_l",
      "type": "liquidus",
      "power": 1.1
    },
    "L_5": {
      "start": "e2_l",
      "end": "tmB",
      "type": "liquidus",
      "power": 0.8
    },
    "S_a": {
      "start": "tmA",
      "end": "e1_a",
      "type": "solidus",
      "power": 1.2
    },
    "S_e": {
      "start": "tmB",
      "end": "e2_e",
      "type": "solidus",
      "power": 1.1
    },
    "sol_a": {
      "start": "e1_a",
      "end": "eu_a",
      "type": "solvus",
      "power": 2.0
    },
    "sol_a_bot": {
      "start": "eu_a",
      "end": "t_a",
      "type": "solvus",
      "power": 1.5
    },
    "sol_e": {
      "start": "e2_e",
      "end": "t_e",
      "type": "solvus",
      "power": 1.8
    },
    "i_e1": {
      "start": "e1_a",
      "end": "e1_b",
      "type": "horizontal"
    },
    "i_eu": {
      "start": "eu_a",
      "end": "eu_g",
      "type": "horizontal"
    },
    "i_p": {
      "start": "p_im",
      "end": "p_l",
      "type": "horizontal"
    },
    "i_e2": {
      "start": "e2_d",
      "end": "e2_e",
      "type": "horizontal"
    },
    "im_vert": {
      "start": "im_t",
      "end": "im_b",
      "type": "vertical"
    }
  },
  "regions": {
    "R_a": {
      "type": "single-phase",
      "phase_name": "\u03b1",
      "label": {
        "text": "\u03b1",
        "c": 4,
        "t": 600
      },
      "bounding_curves": [
        {
          "id": "S_a",
          "dir": 1
        },
        {
          "id": "sol_a",
          "dir": 1
        },
        {
          "id": "sol_a_bot",
          "dir": 1
        },
        {
          "id": "bot_a",
          "dir": -1
        },
        {
          "id": "e_L",
          "dir": 1
        }
      ]
    }
  }
}