{
  "metadata": {
    "id": "final_boss_94",
    "axes": {
      "c_max": 100,
      "t_max": 1200
    }
  },
  "nodes": {
    "tmA": {
      "c": 0,
      "t": 1110
    },
    "tmB": {
      "c": 100,
      "t": 1093
    },
    "e1_a": {
      "c": 12.36292662069571,
      "t": 823.6834338629544
    },
    "e1_l": {
      "c": 31.877645135182753,
      "t": 823.6834338629544
    },
    "e1_b": {
      "c": 40.15040917495552,
      "t": 823.6834338629544
    },
    "eu_b": {
      "c": 35.5434805937452,
      "t": 577.7139025751079
    },
    "eu_a": {
      "c": 6.867955039848157,
      "t": 577.7139025751079
    },
    "eu_g": {
      "c": 44.062339401168025,
      "t": 577.7139025751079
    },
    "im_t": {
      "c": 69.22648763442253,
      "t": 1015.4117651359103
    },
    "im_b": {
      "c": 69.22648763442253,
      "t": 0
    },
    "p_im": {
      "c": 69.22648763442253,
      "t": 917.8307503577615
    },
    "p_l": {
      "c": 85.48443074365228,
      "t": 917.8307503577615
    },
    "p_d": {
      "c": 79.51773168277212,
      "t": 917.8307503577615
    },
    "e2_d": {
      "c": 81.50729189259944,
      "t": 443.8119938386688
    },
    "e2_l": {
      "c": 87.93269615636503,
      "t": 443.8119938386688
    },
    "e2_e": {
      "c": 95.93314339787729,
      "t": 443.8119938386688
    },
    "t_a": {
      "c": 4.395768804115006,
      "t": 0
    },
    "t_g_l": {
      "c": 41.90708491582588,
      "t": 0
    },
    "t_g_r": {
      "c": 44.51966936032529,
      "t": 0
    },
    "t_d": {
      "c": 79.41480264402026,
      "t": 0
    },
    "t_e": {
      "c": 97.7950125523579,
      "t": 0
    }
  },
  "curves": {
    "L_1": {
      "start": "tmA",
      "end": "e1_l",
      "type": "liquidus",
      "power": 0.8
    },
    "L_2": {
      "start": "e1_l",
      "end": "im_t",
      "type": "liquidus",
      "power": 1.2
    },
    "L_3": {
      "start": "im_t",
      "end": "p_l",
      "type": "liquidus",
      "power": 0.9
    },
    "L_4": {
      "start": "p_l",
      "end": "e2_l",
      "type": "liquidus",
      "power": 1.1
    },
    "L_5": {
      "start": "e2_l",
      "end": "tmB",
      "type": "liquidus",
      "power": 0.8
    },
    "S_a": {
      "start": "tmA",
      "end": "e1_a",
      "type": "solidus",
      "power": 1.2
    },
    "S_e": {
      "start": "tmB",
      "end": "e2_e",
      "type": "solidus",
      "power": 1.1
    },
    "sol_a": {
      "start": "e1_a",
      "end": "eu_a",
      "type": "solvus",
      "power": 2.0
    },
    "sol_a_bot": {
      "start": "eu_a",
      "end": "t_a",
      "type": "solvus",
      "power": 1.5
    },
    "sol_e": {
      "start": "e2_e",
      "end": "t_e",
      "type": "solvus",
      "power": 1.8
    },
    "i_e1": {
      "start": "e1_a",
      "end": "e1_b",
      "type": "horizontal"
    },
    "i_eu": {
      "start": "eu_a",
      "end": "eu_g",
      "type": "horizontal"
    },
    "i_p": {
      "start": "p_im",
      "end": "p_l",
      "type": "horizontal"
    },
    "i_e2": {
      "start": "e2_d",
      "end": "e2_e",
      "type": "horizontal"
    },
    "im_vert": {
      "start": "im_t",
      "end": "im_b",
      "type": "vertical"
    }
  },
  "regions": {
    "R_a": {
      "type": "single-phase",
      "phase_name": "\u03b1",
      "label": {
        "text": "\u03b1",
        "c": 4,
        "t": 600
      },
      "bounding_curves": [
        {
          "id": "S_a",
          "dir": 1
        },
        {
          "id": "sol_a",
          "dir": 1
        },
        {
          "id": "sol_a_bot",
          "dir": 1
        },
        {
          "id": "bot_a",
          "dir": -1
        },
        {
          "id": "e_L",
          "dir": 1
        }
      ]
    }
  }
}