{
  "metadata": {
    "id": "final_boss_356",
    "axes": {
      "c_max": 100,
      "t_max": 1200
    }
  },
  "nodes": {
    "tmA": {
      "c": 0,
      "t": 1113
    },
    "tmB": {
      "c": 100,
      "t": 1132
    },
    "e1_a": {
      "c": 11.69533062817162,
      "t": 877.5284463681105
    },
    "e1_l": {
      "c": 21.431199233828995,
      "t": 877.5284463681105
    },
    "e1_b": {
      "c": 30.40005315757123,
      "t": 877.5284463681105
    },
    "eu_b": {
      "c": 24.167913058916817,
      "t": 558.6750194034615
    },
    "eu_a": {
      "c": 7.474929729756307,
      "t": 558.6750194034615
    },
    "eu_g": {
      "c": 34.20651113976366,
      "t": 558.6750194034615
    },
    "im_t": {
      "c": 46.59213419537653,
      "t": 1120.1159504233892
    },
    "im_b": {
      "c": 46.59213419537653,
      "t": 0
    },
    "p_im": {
      "c": 46.59213419537653,
      "t": 796.9935032529256
    },
    "p_l": {
      "c": 85.47987703158499,
      "t": 796.9935032529256
    },
    "p_d": {
      "c": 63.91551049755678,
      "t": 796.9935032529256
    },
    "e2_d": {
      "c": 66.08562757175876,
      "t": 482.98551171765337
    },
    "e2_l": {
      "c": 77.90469206160842,
      "t": 482.98551171765337
    },
    "e2_e": {
      "c": 90.196038737171,
      "t": 482.98551171765337
    },
    "t_a": {
      "c": 3.4300450096262405,
      "t": 0
    },
    "t_g_l": {
      "c": 33.61312775387479,
      "t": 0
    },
    "t_g_r": {
      "c": 37.98026240373766,
      "t": 0
    },
    "t_d": {
      "c": 63.439176386719126,
      "t": 0
    },
    "t_e": {
      "c": 99.80328162101306,
      "t": 0
    }
  },
  "curves": {
    "L_1": {
      "start": "tmA",
      "end": "e1_l",
      "type": "liquidus",
      "power": 0.8
    },
    "L_2": {
      "start": "e1_l",
      "end": "im_t",
      "type": "liquidus",
      "power": 1.2
    },
    "L_3": {
      "start": "im_t",
      "end": "p_l",
      "type": "liquidus",
      "power": 0.9
    },
    "L_4": {
      "start": "p_l",
      "end": "e2_l",
      "type": "liquidus",
      "power": 1.1
    },
    "L_5": {
      "start": "e2_l",
      "end": "tmB",
      "type": "liquidus",
      "power": 0.8
    },
    "S_a": {
      "start": "tmA",
      "end": "e1_a",
      "type": "solidus",
      "power": 1.2
    },
    "S_e": {
      "start": "tmB",
      "end": "e2_e",
      "type": "solidus",
      "power": 1.1
    },
    "sol_a": {
      "start": "e1_a",
      "end": "eu_a",
      "type": "solvus",
      "power": 2.0
    },
    "sol_a_bot": {
      "start": "eu_a",
      "end": "t_a",
      "type": "solvus",
      "power": 1.5
    },
    "sol_e": {
      "start": "e2_e",
      "end": "t_e",
      "type": "solvus",
      "power": 1.8
    },
    "i_e1": {
      "start": "e1_a",
      "end": "e1_b",
      "type": "horizontal"
    },
    "i_eu": {
      "start": "eu_a",
      "end": "eu_g",
      "type": "horizontal"
    },
    "i_p": {
      "start": "p_im",
      "end": "p_l",
      "type": "horizontal"
    },
    "i_e2": {
      "start": "e2_d",
      "end": "e2_e",
      "type": "horizontal"
    },
    "im_vert": {
      "start": "im_t",
      "end": "im_b",
      "type": "vertical"
    }
  },
  "regions": {
    "R_a": {
      "type": "single-phase",
      "phase_name": "\u03b1",
      "label": {
        "text": "\u03b1",
        "c": 4,
        "t": 600
      },
      "bounding_curves": [
        {
          "id": "S_a",
          "dir": 1
        },
        {
          "id": "sol_a",
          "dir": 1
        },
        {
          "id": "sol_a_bot",
          "dir": 1
        },
        {
          "id": "bot_a",
          "dir": -1
        },
        {
          "id": "e_L",
          "dir": 1
        }
      ]
    }
  }
}