{
  "metadata": {
    "id": "final_boss_489",
    "axes": {
      "c_max": 100,
      "t_max": 1200
    }
  },
  "nodes": {
    "tmA": {
      "c": 0,
      "t": 1143
    },
    "tmB": {
      "c": 100,
      "t": 1128
    },
    "e1_a": {
      "c": 18.889062807837192,
      "t": 948.2436335554913
    },
    "e1_l": {
      "c": 37.34391351306436,
      "t": 948.2436335554913
    },
    "e1_b": {
      "c": 49.03688684313833,
      "t": 948.2436335554913
    },
    "eu_b": {
      "c": 41.270833083490174,
      "t": 788.238689488104
    },
    "eu_a": {
      "c": 11.163243813731341,
      "t": 788.238689488104
    },
    "eu_g": {
      "c": 47.86624468328967,
      "t": 788.238689488104
    },
    "im_t": {
      "c": 60.81144445793244,
      "t": 956.8608294824946
    },
    "im_b": {
      "c": 60.81144445793244,
      "t": 0
    },
    "p_im": {
      "c": 60.81144445793244,
      "t": 888.7218470859506
    },
    "p_l": {
      "c": 85.70810326934405,
      "t": 888.7218470859506
    },
    "p_d": {
      "c": 77.8596051722395,
      "t": 888.7218470859506
    },
    "e2_d": {
      "c": 80.61980878859634,
      "t": 722.3979938140388
    },
    "e2_l": {
      "c": 87.18409833752617,
      "t": 722.3979938140388
    },
    "e2_e": {
      "c": 92.61274709220368,
      "t": 722.3979938140388
    },
    "t_a": {
      "c": 0.6040516957310925,
      "t": 0
    },
    "t_g_l": {
      "c": 46.48195358327213,
      "t": 0
    },
    "t_g_r": {
      "c": 56.75863922186159,
      "t": 0
    },
    "t_d": {
      "c": 72.93825508497986,
      "t": 0
    },
    "t_e": {
      "c": 95.3230631403754,
      "t": 0
    }
  },
  "curves": {
    "L_1": {
      "start": "tmA",
      "end": "e1_l",
      "type": "liquidus",
      "power": 0.8
    },
    "L_2": {
      "start": "e1_l",
      "end": "im_t",
      "type": "liquidus",
      "power": 1.2
    },
    "L_3": {
      "start": "im_t",
      "end": "p_l",
      "type": "liquidus",
      "power": 0.9
    },
    "L_4": {
      "start": "p_l",
      "end": "e2_l",
      "type": "liquidus",
      "power": 1.1
    },
    "L_5": {
      "start": "e2_l",
      "end": "tmB",
      "type": "liquidus",
      "power": 0.8
    },
    "S_a": {
      "start": "tmA",
      "end": "e1_a",
      "type": "solidus",
      "power": 1.2
    },
    "S_e": {
      "start": "tmB",
      "end": "e2_e",
      "type": "solidus",
      "power": 1.1
    },
    "sol_a": {
      "start": "e1_a",
      "end": "eu_a",
      "type": "solvus",
      "power": 2.0
    },
    "sol_a_bot": {
      "start": "eu_a",
      "end": "t_a",
      "type": "solvus",
      "power": 1.5
    },
    "sol_e": {
      "start": "e2_e",
      "end": "t_e",
      "type": "solvus",
      "power": 1.8
    },
    "i_e1": {
      "start": "e1_a",
      "end": "e1_b",
      "type": "horizontal"
    },
    "i_eu": {
      "start": "eu_a",
      "end": "eu_g",
      "type": "horizontal"
    },
    "i_p": {
      "start": "p_im",
      "end": "p_l",
      "type": "horizontal"
    },
    "i_e2": {
      "start": "e2_d",
      "end": "e2_e",
      "type": "horizontal"
    },
    "im_vert": {
      "start": "im_t",
      "end": "im_b",
      "type": "vertical"
    }
  },
  "regions": {
    "R_a": {
      "type": "single-phase",
      "phase_name": "\u03b1",
      "label": {
        "text": "\u03b1",
        "c": 4,
        "t": 600
      },
      "bounding_curves": [
        {
          "id": "S_a",
          "dir": 1
        },
        {
          "id": "sol_a",
          "dir": 1
        },
        {
          "id": "sol_a_bot",
          "dir": 1
        },
        {
          "id": "bot_a",
          "dir": -1
        },
        {
          "id": "e_L",
          "dir": 1
        }
      ]
    }
  }
}