{
  "metadata": {
    "id": "final_boss_397",
    "axes": {
      "c_max": 100,
      "t_max": 1200
    }
  },
  "nodes": {
    "tmA": {
      "c": 0,
      "t": 1102
    },
    "tmB": {
      "c": 100,
      "t": 1106
    },
    "e1_a": {
      "c": 11.960374692094435,
      "t": 946.2337673270686
    },
    "e1_l": {
      "c": 29.777128240987125,
      "t": 946.2337673270686
    },
    "e1_b": {
      "c": 38.31913674344631,
      "t": 946.2337673270686
    },
    "eu_b": {
      "c": 34.89033130165544,
      "t": 770.5552556588714
    },
    "eu_a": {
      "c": 4.398095814844468,
      "t": 770.5552556588714
    },
    "eu_g": {
      "c": 47.69475409147007,
      "t": 770.5552556588714
    },
    "im_t": {
      "c": 61.82458654651985,
      "t": 995.7751449684527
    },
    "im_b": {
      "c": 61.82458654651985,
      "t": 0
    },
    "p_im": {
      "c": 61.82458654651985,
      "t": 835.9714285312646
    },
    "p_l": {
      "c": 82.60981908914947,
      "t": 835.9714285312646
    },
    "p_d": {
      "c": 68.93111031378226,
      "t": 835.9714285312646
    },
    "e2_d": {
      "c": 75.89691321613348,
      "t": 585.9041364968464
    },
    "e2_l": {
      "c": 85.83803902861081,
      "t": 585.9041364968464
    },
    "e2_e": {
      "c": 91.6215641209612,
      "t": 585.9041364968464
    },
    "t_a": {
      "c": 1.2176621336337057,
      "t": 0
    },
    "t_g_l": {
      "c": 45.397823632903076,
      "t": 0
    },
    "t_g_r": {
      "c": 48.74351604497346,
      "t": 0
    },
    "t_d": {
      "c": 75.65503775722942,
      "t": 0
    },
    "t_e": {
      "c": 96.8449023137419,
      "t": 0
    }
  },
  "curves": {
    "L_1": {
      "start": "tmA",
      "end": "e1_l",
      "type": "liquidus",
      "power": 0.8
    },
    "L_2": {
      "start": "e1_l",
      "end": "im_t",
      "type": "liquidus",
      "power": 1.2
    },
    "L_3": {
      "start": "im_t",
      "end": "p_l",
      "type": "liquidus",
      "power": 0.9
    },
    "L_4": {
      "start": "p_l",
      "end": "e2_l",
      "type": "liquidus",
      "power": 1.1
    },
    "L_5": {
      "start": "e2_l",
      "end": "tmB",
      "type": "liquidus",
      "power": 0.8
    },
    "S_a": {
      "start": "tmA",
      "end": "e1_a",
      "type": "solidus",
      "power": 1.2
    },
    "S_e": {
      "start": "tmB",
      "end": "e2_e",
      "type": "solidus",
      "power": 1.1
    },
    "sol_a": {
      "start": "e1_a",
      "end": "eu_a",
      "type": "solvus",
      "power": 2.0
    },
    "sol_a_bot": {
      "start": "eu_a",
      "end": "t_a",
      "type": "solvus",
      "power": 1.5
    },
    "sol_e": {
      "start": "e2_e",
      "end": "t_e",
      "type": "solvus",
      "power": 1.8
    },
    "i_e1": {
      "start": "e1_a",
      "end": "e1_b",
      "type": "horizontal"
    },
    "i_eu": {
      "start": "eu_a",
      "end": "eu_g",
      "type": "horizontal"
    },
    "i_p": {
      "start": "p_im",
      "end": "p_l",
      "type": "horizontal"
    },
    "i_e2": {
      "start": "e2_d",
      "end": "e2_e",
      "type": "horizontal"
    },
    "im_vert": {
      "start": "im_t",
      "end": "im_b",
      "type": "vertical"
    }
  },
  "regions": {
    "R_a": {
      "type": "single-phase",
      "phase_name": "\u03b1",
      "label": {
        "text": "\u03b1",
        "c": 4,
        "t": 600
      },
      "bounding_curves": [
        {
          "id": "S_a",
          "dir": 1
        },
        {
          "id": "sol_a",
          "dir": 1
        },
        {
          "id": "sol_a_bot",
          "dir": 1
        },
        {
          "id": "bot_a",
          "dir": -1
        },
        {
          "id": "e_L",
          "dir": 1
        }
      ]
    }
  }
}