{
  "metadata": {
    "id": "final_boss_422",
    "axes": {
      "c_max": 100,
      "t_max": 1200
    }
  },
  "nodes": {
    "tmA": {
      "c": 0,
      "t": 1087
    },
    "tmB": {
      "c": 100,
      "t": 1094
    },
    "e1_a": {
      "c": 9.277393609901457,
      "t": 815.0767509725231
    },
    "e1_l": {
      "c": 24.270452356235896,
      "t": 815.0767509725231
    },
    "e1_b": {
      "c": 35.49982075002661,
      "t": 815.0767509725231
    },
    "eu_b": {
      "c": 33.47652503242976,
      "t": 609.1461758028048
    },
    "eu_a": {
      "c": 6.9997109552163685,
      "t": 609.1461758028048
    },
    "eu_g": {
      "c": 47.98095158326977,
      "t": 609.1461758028048
    },
    "im_t": {
      "c": 62.55202254205657,
      "t": 1094.4038957038922
    },
    "im_b": {
      "c": 62.55202254205657,
      "t": 0
    },
    "p_im": {
      "c": 62.55202254205657,
      "t": 865.6605645746138
    },
    "p_l": {
      "c": 79.3558246398882,
      "t": 865.6605645746138
    },
    "p_d": {
      "c": 75.58468107792527,
      "t": 865.6605645746138
    },
    "e2_d": {
      "c": 76.79758093208581,
      "t": 691.5233483447109
    },
    "e2_l": {
      "c": 82.89873069797586,
      "t": 691.5233483447109
    },
    "e2_e": {
      "c": 93.69960886119199,
      "t": 691.5233483447109
    },
    "t_a": {
      "c": 1.1757206444131938,
      "t": 0
    },
    "t_g_l": {
      "c": 47.7081027926544,
      "t": 0
    },
    "t_g_r": {
      "c": 55.496154530653726,
      "t": 0
    },
    "t_d": {
      "c": 71.87278083027527,
      "t": 0
    },
    "t_e": {
      "c": 99.26672830431824,
      "t": 0
    }
  },
  "curves": {
    "L_1": {
      "start": "tmA",
      "end": "e1_l",
      "type": "liquidus",
      "power": 0.8
    },
    "L_2": {
      "start": "e1_l",
      "end": "im_t",
      "type": "liquidus",
      "power": 1.2
    },
    "L_3": {
      "start": "im_t",
      "end": "p_l",
      "type": "liquidus",
      "power": 0.9
    },
    "L_4": {
      "start": "p_l",
      "end": "e2_l",
      "type": "liquidus",
      "power": 1.1
    },
    "L_5": {
      "start": "e2_l",
      "end": "tmB",
      "type": "liquidus",
      "power": 0.8
    },
    "S_a": {
      "start": "tmA",
      "end": "e1_a",
      "type": "solidus",
      "power": 1.2
    },
    "S_e": {
      "start": "tmB",
      "end": "e2_e",
      "type": "solidus",
      "power": 1.1
    },
    "sol_a": {
      "start": "e1_a",
      "end": "eu_a",
      "type": "solvus",
      "power": 2.0
    },
    "sol_a_bot": {
      "start": "eu_a",
      "end": "t_a",
      "type": "solvus",
      "power": 1.5
    },
    "sol_e": {
      "start": "e2_e",
      "end": "t_e",
      "type": "solvus",
      "power": 1.8
    },
    "i_e1": {
      "start": "e1_a",
      "end": "e1_b",
      "type": "horizontal"
    },
    "i_eu": {
      "start": "eu_a",
      "end": "eu_g",
      "type": "horizontal"
    },
    "i_p": {
      "start": "p_im",
      "end": "p_l",
      "type": "horizontal"
    },
    "i_e2": {
      "start": "e2_d",
      "end": "e2_e",
      "type": "horizontal"
    },
    "im_vert": {
      "start": "im_t",
      "end": "im_b",
      "type": "vertical"
    }
  },
  "regions": {
    "R_a": {
      "type": "single-phase",
      "phase_name": "\u03b1",
      "label": {
        "text": "\u03b1",
        "c": 4,
        "t": 600
      },
      "bounding_curves": [
        {
          "id": "S_a",
          "dir": 1
        },
        {
          "id": "sol_a",
          "dir": 1
        },
        {
          "id": "sol_a_bot",
          "dir": 1
        },
        {
          "id": "bot_a",
          "dir": -1
        },
        {
          "id": "e_L",
          "dir": 1
        }
      ]
    }
  }
}