{
  "metadata": {
    "id": "final_boss_234",
    "axes": {
      "c_max": 100,
      "t_max": 1200
    }
  },
  "nodes": {
    "tmA": {
      "c": 0,
      "t": 1076
    },
    "tmB": {
      "c": 100,
      "t": 1008
    },
    "e1_a": {
      "c": 13.947159544202831,
      "t": 839.2469676712944
    },
    "e1_l": {
      "c": 32.243654842948985,
      "t": 839.2469676712944
    },
    "e1_b": {
      "c": 42.215868527769864,
      "t": 839.2469676712944
    },
    "eu_b": {
      "c": 36.29507406196834,
      "t": 591.0416578093086
    },
    "eu_a": {
      "c": 8.510666907859806,
      "t": 591.0416578093086
    },
    "eu_g": {
      "c": 47.92038938859934,
      "t": 591.0416578093086
    },
    "im_t": {
      "c": 73.3289932353285,
      "t": 1012.6118881211579
    },
    "im_b": {
      "c": 73.3289932353285,
      "t": 0
    },
    "p_im": {
      "c": 73.3289932353285,
      "t": 754.3957999870436
    },
    "p_l": {
      "c": 85.67521028919211,
      "t": 754.3957999870436
    },
    "p_d": {
      "c": 82.25749590538932,
      "t": 754.3957999870436
    },
    "e2_d": {
      "c": 83.5701940169921,
      "t": 420.46777441132934
    },
    "e2_l": {
      "c": 89.4264566354725,
      "t": 420.46777441132934
    },
    "e2_e": {
      "c": 93.47984363424075,
      "t": 420.46777441132934
    },
    "t_a": {
      "c": 5.180294580596801,
      "t": 0
    },
    "t_g_l": {
      "c": 47.27989924699523,
      "t": 0
    },
    "t_g_r": {
      "c": 58.23080444556716,
      "t": 0
    },
    "t_d": {
      "c": 82.04676448869051,
      "t": 0
    },
    "t_e": {
      "c": 97.82956484164448,
      "t": 0
    }
  },
  "curves": {
    "L_1": {
      "start": "tmA",
      "end": "e1_l",
      "type": "liquidus",
      "power": 0.8
    },
    "L_2": {
      "start": "e1_l",
      "end": "im_t",
      "type": "liquidus",
      "power": 1.2
    },
    "L_3": {
      "start": "im_t",
      "end": "p_l",
      "type": "liquidus",
      "power": 0.9
    },
    "L_4": {
      "start": "p_l",
      "end": "e2_l",
      "type": "liquidus",
      "power": 1.1
    },
    "L_5": {
      "start": "e2_l",
      "end": "tmB",
      "type": "liquidus",
      "power": 0.8
    },
    "S_a": {
      "start": "tmA",
      "end": "e1_a",
      "type": "solidus",
      "power": 1.2
    },
    "S_e": {
      "start": "tmB",
      "end": "e2_e",
      "type": "solidus",
      "power": 1.1
    },
    "sol_a": {
      "start": "e1_a",
      "end": "eu_a",
      "type": "solvus",
      "power": 2.0
    },
    "sol_a_bot": {
      "start": "eu_a",
      "end": "t_a",
      "type": "solvus",
      "power": 1.5
    },
    "sol_e": {
      "start": "e2_e",
      "end": "t_e",
      "type": "solvus",
      "power": 1.8
    },
    "i_e1": {
      "start": "e1_a",
      "end": "e1_b",
      "type": "horizontal"
    },
    "i_eu": {
      "start": "eu_a",
      "end": "eu_g",
      "type": "horizontal"
    },
    "i_p": {
      "start": "p_im",
      "end": "p_l",
      "type": "horizontal"
    },
    "i_e2": {
      "start": "e2_d",
      "end": "e2_e",
      "type": "horizontal"
    },
    "im_vert": {
      "start": "im_t",
      "end": "im_b",
      "type": "vertical"
    }
  },
  "regions": {
    "R_a": {
      "type": "single-phase",
      "phase_name": "\u03b1",
      "label": {
        "text": "\u03b1",
        "c": 4,
        "t": 600
      },
      "bounding_curves": [
        {
          "id": "S_a",
          "dir": 1
        },
        {
          "id": "sol_a",
          "dir": 1
        },
        {
          "id": "sol_a_bot",
          "dir": 1
        },
        {
          "id": "bot_a",
          "dir": -1
        },
        {
          "id": "e_L",
          "dir": 1
        }
      ]
    }
  }
}