{
  "metadata": {
    "id": "final_boss_161",
    "axes": {
      "c_max": 100,
      "t_max": 1200
    }
  },
  "nodes": {
    "tmA": {
      "c": 0,
      "t": 1077
    },
    "tmB": {
      "c": 100,
      "t": 1013
    },
    "e1_a": {
      "c": 13.086354583101958,
      "t": 825.1218046836755
    },
    "e1_l": {
      "c": 27.145712311959475,
      "t": 825.1218046836755
    },
    "e1_b": {
      "c": 36.69262349759929,
      "t": 825.1218046836755
    },
    "eu_b": {
      "c": 29.90096967491708,
      "t": 588.5766597490568
    },
    "eu_a": {
      "c": 5.790628614553807,
      "t": 588.5766597490568
    },
    "eu_g": {
      "c": 35.06141760284607,
      "t": 588.5766597490568
    },
    "im_t": {
      "c": 71.02939593845335,
      "t": 1094.0630796862872
    },
    "im_b": {
      "c": 71.02939593845335,
      "t": 0
    },
    "p_im": {
      "c": 71.02939593845335,
      "t": 829.4832379639588
    },
    "p_l": {
      "c": 81.19930481944394,
      "t": 829.4832379639588
    },
    "p_d": {
      "c": 75.03941455237273,
      "t": 829.4832379639588
    },
    "e2_d": {
      "c": 77.12351844362102,
      "t": 711.6296747280933
    },
    "e2_l": {
      "c": 84.33603157892051,
      "t": 711.6296747280933
    },
    "e2_e": {
      "c": 95.60335655629807,
      "t": 711.6296747280933
    },
    "t_a": {
      "c": 0.28976019303985606,
      "t": 0
    },
    "t_g_l": {
      "c": 34.823662266725634,
      "t": 0
    },
    "t_g_r": {
      "c": 36.82810318497209,
      "t": 0
    },
    "t_d": {
      "c": 75.0979260345108,
      "t": 0
    },
    "t_e": {
      "c": 99.23197389526364,
      "t": 0
    }
  },
  "curves": {
    "L_1": {
      "start": "tmA",
      "end": "e1_l",
      "type": "liquidus",
      "power": 0.8
    },
    "L_2": {
      "start": "e1_l",
      "end": "im_t",
      "type": "liquidus",
      "power": 1.2
    },
    "L_3": {
      "start": "im_t",
      "end": "p_l",
      "type": "liquidus",
      "power": 0.9
    },
    "L_4": {
      "start": "p_l",
      "end": "e2_l",
      "type": "liquidus",
      "power": 1.1
    },
    "L_5": {
      "start": "e2_l",
      "end": "tmB",
      "type": "liquidus",
      "power": 0.8
    },
    "S_a": {
      "start": "tmA",
      "end": "e1_a",
      "type": "solidus",
      "power": 1.2
    },
    "S_e": {
      "start": "tmB",
      "end": "e2_e",
      "type": "solidus",
      "power": 1.1
    },
    "sol_a": {
      "start": "e1_a",
      "end": "eu_a",
      "type": "solvus",
      "power": 2.0
    },
    "sol_a_bot": {
      "start": "eu_a",
      "end": "t_a",
      "type": "solvus",
      "power": 1.5
    },
    "sol_e": {
      "start": "e2_e",
      "end": "t_e",
      "type": "solvus",
      "power": 1.8
    },
    "i_e1": {
      "start": "e1_a",
      "end": "e1_b",
      "type": "horizontal"
    },
    "i_eu": {
      "start": "eu_a",
      "end": "eu_g",
      "type": "horizontal"
    },
    "i_p": {
      "start": "p_im",
      "end": "p_l",
      "type": "horizontal"
    },
    "i_e2": {
      "start": "e2_d",
      "end": "e2_e",
      "type": "horizontal"
    },
    "im_vert": {
      "start": "im_t",
      "end": "im_b",
      "type": "vertical"
    }
  },
  "regions": {
    "R_a": {
      "type": "single-phase",
      "phase_name": "\u03b1",
      "label": {
        "text": "\u03b1",
        "c": 4,
        "t": 600
      },
      "bounding_curves": [
        {
          "id": "S_a",
          "dir": 1
        },
        {
          "id": "sol_a",
          "dir": 1
        },
        {
          "id": "sol_a_bot",
          "dir": 1
        },
        {
          "id": "bot_a",
          "dir": -1
        },
        {
          "id": "e_L",
          "dir": 1
        }
      ]
    }
  }
}