{
  "metadata": {
    "id": "final_boss_456",
    "axes": {
      "c_max": 100,
      "t_max": 1200
    }
  },
  "nodes": {
    "tmA": {
      "c": 0,
      "t": 1139
    },
    "tmB": {
      "c": 100,
      "t": 1150
    },
    "e1_a": {
      "c": 16.72340058356733,
      "t": 813.3368802617247
    },
    "e1_l": {
      "c": 32.16438047251002,
      "t": 813.3368802617247
    },
    "e1_b": {
      "c": 40.97441812363993,
      "t": 813.3368802617247
    },
    "eu_b": {
      "c": 35.25029405431282,
      "t": 539.8937428483274
    },
    "eu_a": {
      "c": 6.66516942395442,
      "t": 539.8937428483274
    },
    "eu_g": {
      "c": 47.16017941811698,
      "t": 539.8937428483274
    },
    "im_t": {
      "c": 73.69213427794853,
      "t": 1140.881561347729
    },
    "im_b": {
      "c": 73.69213427794853,
      "t": 0
    },
    "p_im": {
      "c": 73.69213427794853,
      "t": 1020.9375883828551
    },
    "p_l": {
      "c": 84.47761507687567,
      "t": 1020.9375883828551
    },
    "p_d": {
      "c": 79.82111680496703,
      "t": 1020.9375883828551
    },
    "e2_d": {
      "c": 81.09676277566184,
      "t": 814.2284564757799
    },
    "e2_l": {
      "c": 89.04709531534348,
      "t": 814.2284564757799
    },
    "e2_e": {
      "c": 95.50232963605768,
      "t": 814.2284564757799
    },
    "t_a": {
      "c": 3.853274845834285,
      "t": 0
    },
    "t_g_l": {
      "c": 47.10536970539756,
      "t": 0
    },
    "t_g_r": {
      "c": 66.38711714039482,
      "t": 0
    },
    "t_d": {
      "c": 77.56358320532976,
      "t": 0
    },
    "t_e": {
      "c": 98.66814477435351,
      "t": 0
    }
  },
  "curves": {
    "L_1": {
      "start": "tmA",
      "end": "e1_l",
      "type": "liquidus",
      "power": 0.8
    },
    "L_2": {
      "start": "e1_l",
      "end": "im_t",
      "type": "liquidus",
      "power": 1.2
    },
    "L_3": {
      "start": "im_t",
      "end": "p_l",
      "type": "liquidus",
      "power": 0.9
    },
    "L_4": {
      "start": "p_l",
      "end": "e2_l",
      "type": "liquidus",
      "power": 1.1
    },
    "L_5": {
      "start": "e2_l",
      "end": "tmB",
      "type": "liquidus",
      "power": 0.8
    },
    "S_a": {
      "start": "tmA",
      "end": "e1_a",
      "type": "solidus",
      "power": 1.2
    },
    "S_e": {
      "start": "tmB",
      "end": "e2_e",
      "type": "solidus",
      "power": 1.1
    },
    "sol_a": {
      "start": "e1_a",
      "end": "eu_a",
      "type": "solvus",
      "power": 2.0
    },
    "sol_a_bot": {
      "start": "eu_a",
      "end": "t_a",
      "type": "solvus",
      "power": 1.5
    },
    "sol_e": {
      "start": "e2_e",
      "end": "t_e",
      "type": "solvus",
      "power": 1.8
    },
    "i_e1": {
      "start": "e1_a",
      "end": "e1_b",
      "type": "horizontal"
    },
    "i_eu": {
      "start": "eu_a",
      "end": "eu_g",
      "type": "horizontal"
    },
    "i_p": {
      "start": "p_im",
      "end": "p_l",
      "type": "horizontal"
    },
    "i_e2": {
      "start": "e2_d",
      "end": "e2_e",
      "type": "horizontal"
    },
    "im_vert": {
      "start": "im_t",
      "end": "im_b",
      "type": "vertical"
    }
  },
  "regions": {
    "R_a": {
      "type": "single-phase",
      "phase_name": "\u03b1",
      "label": {
        "text": "\u03b1",
        "c": 4,
        "t": 600
      },
      "bounding_curves": [
        {
          "id": "S_a",
          "dir": 1
        },
        {
          "id": "sol_a",
          "dir": 1
        },
        {
          "id": "sol_a_bot",
          "dir": 1
        },
        {
          "id": "bot_a",
          "dir": -1
        },
        {
          "id": "e_L",
          "dir": 1
        }
      ]
    }
  }
}