{
  "metadata": {
    "id": "final_boss_114",
    "axes": {
      "c_max": 100,
      "t_max": 1200
    }
  },
  "nodes": {
    "tmA": {
      "c": 0,
      "t": 1081
    },
    "tmB": {
      "c": 100,
      "t": 1027
    },
    "e1_a": {
      "c": 17.741301282311404,
      "t": 805.0404753007801
    },
    "e1_l": {
      "c": 27.674561726740176,
      "t": 805.0404753007801
    },
    "e1_b": {
      "c": 40.348883174876356,
      "t": 805.0404753007801
    },
    "eu_b": {
      "c": 35.69549190530056,
      "t": 555.5922008183569
    },
    "eu_a": {
      "c": 4.808673627561934,
      "t": 555.5922008183569
    },
    "eu_g": {
      "c": 43.37374780520153,
      "t": 555.5922008183569
    },
    "im_t": {
      "c": 63.81630756835129,
      "t": 1143.7919218591683
    },
    "im_b": {
      "c": 63.81630756835129,
      "t": 0
    },
    "p_im": {
      "c": 63.81630756835129,
      "t": 1050.83686738894
    },
    "p_l": {
      "c": 77.06001418259854,
      "t": 1050.83686738894
    },
    "p_d": {
      "c": 73.44569965612537,
      "t": 1050.83686738894
    },
    "e2_d": {
      "c": 73.1712717529047,
      "t": 665.3417965436149
    },
    "e2_l": {
      "c": 79.39663711331679,
      "t": 665.3417965436149
    },
    "e2_e": {
      "c": 87.58792087056364,
      "t": 665.3417965436149
    },
    "t_a": {
      "c": 3.491388861302212,
      "t": 0
    },
    "t_g_l": {
      "c": 43.0559312641858,
      "t": 0
    },
    "t_g_r": {
      "c": 62.01786636071673,
      "t": 0
    },
    "t_d": {
      "c": 68.89579544696666,
      "t": 0
    },
    "t_e": {
      "c": 92.54616351495375,
      "t": 0
    }
  },
  "curves": {
    "L_1": {
      "start": "tmA",
      "end": "e1_l",
      "type": "liquidus",
      "power": 0.8
    },
    "L_2": {
      "start": "e1_l",
      "end": "im_t",
      "type": "liquidus",
      "power": 1.2
    },
    "L_3": {
      "start": "im_t",
      "end": "p_l",
      "type": "liquidus",
      "power": 0.9
    },
    "L_4": {
      "start": "p_l",
      "end": "e2_l",
      "type": "liquidus",
      "power": 1.1
    },
    "L_5": {
      "start": "e2_l",
      "end": "tmB",
      "type": "liquidus",
      "power": 0.8
    },
    "S_a": {
      "start": "tmA",
      "end": "e1_a",
      "type": "solidus",
      "power": 1.2
    },
    "S_e": {
      "start": "tmB",
      "end": "e2_e",
      "type": "solidus",
      "power": 1.1
    },
    "sol_a": {
      "start": "e1_a",
      "end": "eu_a",
      "type": "solvus",
      "power": 2.0
    },
    "sol_a_bot": {
      "start": "eu_a",
      "end": "t_a",
      "type": "solvus",
      "power": 1.5
    },
    "sol_e": {
      "start": "e2_e",
      "end": "t_e",
      "type": "solvus",
      "power": 1.8
    },
    "i_e1": {
      "start": "e1_a",
      "end": "e1_b",
      "type": "horizontal"
    },
    "i_eu": {
      "start": "eu_a",
      "end": "eu_g",
      "type": "horizontal"
    },
    "i_p": {
      "start": "p_im",
      "end": "p_l",
      "type": "horizontal"
    },
    "i_e2": {
      "start": "e2_d",
      "end": "e2_e",
      "type": "horizontal"
    },
    "im_vert": {
      "start": "im_t",
      "end": "im_b",
      "type": "vertical"
    }
  },
  "regions": {
    "R_a": {
      "type": "single-phase",
      "phase_name": "\u03b1",
      "label": {
        "text": "\u03b1",
        "c": 4,
        "t": 600
      },
      "bounding_curves": [
        {
          "id": "S_a",
          "dir": 1
        },
        {
          "id": "sol_a",
          "dir": 1
        },
        {
          "id": "sol_a_bot",
          "dir": 1
        },
        {
          "id": "bot_a",
          "dir": -1
        },
        {
          "id": "e_L",
          "dir": 1
        }
      ]
    }
  }
}