{
  "metadata": {
    "id": "final_boss_112",
    "axes": {
      "c_max": 100,
      "t_max": 1200
    }
  },
  "nodes": {
    "tmA": {
      "c": 0,
      "t": 1110
    },
    "tmB": {
      "c": 100,
      "t": 1116
    },
    "e1_a": {
      "c": 14.076232286313417,
      "t": 800.4398792014232
    },
    "e1_l": {
      "c": 24.354110694164913,
      "t": 800.4398792014232
    },
    "e1_b": {
      "c": 38.49364825997579,
      "t": 800.4398792014232
    },
    "eu_b": {
      "c": 28.81374787348976,
      "t": 673.8258254225981
    },
    "eu_a": {
      "c": 6.671474814600025,
      "t": 673.8258254225981
    },
    "eu_g": {
      "c": 37.17818924689718,
      "t": 673.8258254225981
    },
    "im_t": {
      "c": 54.03834828595232,
      "t": 1035.3278730105014
    },
    "im_b": {
      "c": 54.03834828595232,
      "t": 0
    },
    "p_im": {
      "c": 54.03834828595232,
      "t": 944.1608510545532
    },
    "p_l": {
      "c": 65.10458968140809,
      "t": 944.1608510545532
    },
    "p_d": {
      "c": 61.442685986950806,
      "t": 944.1608510545532
    },
    "e2_d": {
      "c": 62.54370791898836,
      "t": 404.63112899707886
    },
    "e2_l": {
      "c": 67.55194523578135,
      "t": 404.63112899707886
    },
    "e2_e": {
      "c": 75.80951330162713,
      "t": 404.63112899707886
    },
    "t_a": {
      "c": 2.6601250054805865,
      "t": 0
    },
    "t_g_l": {
      "c": 35.70580705289195,
      "t": 0
    },
    "t_g_r": {
      "c": 38.36009114973395,
      "t": 0
    },
    "t_d": {
      "c": 61.682019034450285,
      "t": 0
    },
    "t_e": {
      "c": 95.03697799125378,
      "t": 0
    }
  },
  "curves": {
    "L_1": {
      "start": "tmA",
      "end": "e1_l",
      "type": "liquidus",
      "power": 0.8
    },
    "L_2": {
      "start": "e1_l",
      "end": "im_t",
      "type": "liquidus",
      "power": 1.2
    },
    "L_3": {
      "start": "im_t",
      "end": "p_l",
      "type": "liquidus",
      "power": 0.9
    },
    "L_4": {
      "start": "p_l",
      "end": "e2_l",
      "type": "liquidus",
      "power": 1.1
    },
    "L_5": {
      "start": "e2_l",
      "end": "tmB",
      "type": "liquidus",
      "power": 0.8
    },
    "S_a": {
      "start": "tmA",
      "end": "e1_a",
      "type": "solidus",
      "power": 1.2
    },
    "S_e": {
      "start": "tmB",
      "end": "e2_e",
      "type": "solidus",
      "power": 1.1
    },
    "sol_a": {
      "start": "e1_a",
      "end": "eu_a",
      "type": "solvus",
      "power": 2.0
    },
    "sol_a_bot": {
      "start": "eu_a",
      "end": "t_a",
      "type": "solvus",
      "power": 1.5
    },
    "sol_e": {
      "start": "e2_e",
      "end": "t_e",
      "type": "solvus",
      "power": 1.8
    },
    "i_e1": {
      "start": "e1_a",
      "end": "e1_b",
      "type": "horizontal"
    },
    "i_eu": {
      "start": "eu_a",
      "end": "eu_g",
      "type": "horizontal"
    },
    "i_p": {
      "start": "p_im",
      "end": "p_l",
      "type": "horizontal"
    },
    "i_e2": {
      "start": "e2_d",
      "end": "e2_e",
      "type": "horizontal"
    },
    "im_vert": {
      "start": "im_t",
      "end": "im_b",
      "type": "vertical"
    }
  },
  "regions": {
    "R_a": {
      "type": "single-phase",
      "phase_name": "\u03b1",
      "label": {
        "text": "\u03b1",
        "c": 4,
        "t": 600
      },
      "bounding_curves": [
        {
          "id": "S_a",
          "dir": 1
        },
        {
          "id": "sol_a",
          "dir": 1
        },
        {
          "id": "sol_a_bot",
          "dir": 1
        },
        {
          "id": "bot_a",
          "dir": -1
        },
        {
          "id": "e_L",
          "dir": 1
        }
      ]
    }
  }
}