{
  "metadata": {
    "id": "final_boss_294",
    "axes": {
      "c_max": 100,
      "t_max": 1200
    }
  },
  "nodes": {
    "tmA": {
      "c": 0,
      "t": 1089
    },
    "tmB": {
      "c": 100,
      "t": 1089
    },
    "e1_a": {
      "c": 15.872569183520561,
      "t": 937.4426103309138
    },
    "e1_l": {
      "c": 25.05504475325676,
      "t": 937.4426103309138
    },
    "e1_b": {
      "c": 35.90451064506717,
      "t": 937.4426103309138
    },
    "eu_b": {
      "c": 27.608003151622658,
      "t": 791.956221125091
    },
    "eu_a": {
      "c": 7.020835169120071,
      "t": 791.956221125091
    },
    "eu_g": {
      "c": 35.33906007943805,
      "t": 791.956221125091
    },
    "im_t": {
      "c": 74.04651120511244,
      "t": 1029.6994055392431
    },
    "im_b": {
      "c": 74.04651120511244,
      "t": 0
    },
    "p_im": {
      "c": 74.04651120511244,
      "t": 934.1977003223516
    },
    "p_l": {
      "c": 86.84388188555555,
      "t": 934.1977003223516
    },
    "p_d": {
      "c": 81.97490814287224,
      "t": 934.1977003223516
    },
    "e2_d": {
      "c": 83.97015224031581,
      "t": 787.0859145113411
    },
    "e2_l": {
      "c": 91.47922229822318,
      "t": 787.0859145113411
    },
    "e2_e": {
      "c": 95.95676046275364,
      "t": 787.0859145113411
    },
    "t_a": {
      "c": 4.322047932820022,
      "t": 0
    },
    "t_g_l": {
      "c": 33.71563046704936,
      "t": 0
    },
    "t_g_r": {
      "c": 44.50451448885424,
      "t": 0
    },
    "t_d": {
      "c": 79.02168754473495,
      "t": 0
    },
    "t_e": {
      "c": 98.83730935138645,
      "t": 0
    }
  },
  "curves": {
    "L_1": {
      "start": "tmA",
      "end": "e1_l",
      "type": "liquidus",
      "power": 0.8
    },
    "L_2": {
      "start": "e1_l",
      "end": "im_t",
      "type": "liquidus",
      "power": 1.2
    },
    "L_3": {
      "start": "im_t",
      "end": "p_l",
      "type": "liquidus",
      "power": 0.9
    },
    "L_4": {
      "start": "p_l",
      "end": "e2_l",
      "type": "liquidus",
      "power": 1.1
    },
    "L_5": {
      "start": "e2_l",
      "end": "tmB",
      "type": "liquidus",
      "power": 0.8
    },
    "S_a": {
      "start": "tmA",
      "end": "e1_a",
      "type": "solidus",
      "power": 1.2
    },
    "S_e": {
      "start": "tmB",
      "end": "e2_e",
      "type": "solidus",
      "power": 1.1
    },
    "sol_a": {
      "start": "e1_a",
      "end": "eu_a",
      "type": "solvus",
      "power": 2.0
    },
    "sol_a_bot": {
      "start": "eu_a",
      "end": "t_a",
      "type": "solvus",
      "power": 1.5
    },
    "sol_e": {
      "start": "e2_e",
      "end": "t_e",
      "type": "solvus",
      "power": 1.8
    },
    "i_e1": {
      "start": "e1_a",
      "end": "e1_b",
      "type": "horizontal"
    },
    "i_eu": {
      "start": "eu_a",
      "end": "eu_g",
      "type": "horizontal"
    },
    "i_p": {
      "start": "p_im",
      "end": "p_l",
      "type": "horizontal"
    },
    "i_e2": {
      "start": "e2_d",
      "end": "e2_e",
      "type": "horizontal"
    },
    "im_vert": {
      "start": "im_t",
      "end": "im_b",
      "type": "vertical"
    }
  },
  "regions": {
    "R_a": {
      "type": "single-phase",
      "phase_name": "\u03b1",
      "label": {
        "text": "\u03b1",
        "c": 4,
        "t": 600
      },
      "bounding_curves": [
        {
          "id": "S_a",
          "dir": 1
        },
        {
          "id": "sol_a",
          "dir": 1
        },
        {
          "id": "sol_a_bot",
          "dir": 1
        },
        {
          "id": "bot_a",
          "dir": -1
        },
        {
          "id": "e_L",
          "dir": 1
        }
      ]
    }
  }
}