{
  "metadata": {
    "id": "final_boss_15",
    "axes": {
      "c_max": 100,
      "t_max": 1200
    }
  },
  "nodes": {
    "tmA": {
      "c": 0,
      "t": 1063
    },
    "tmB": {
      "c": 100,
      "t": 1020
    },
    "e1_a": {
      "c": 17.255461870833944,
      "t": 834.2452067019444
    },
    "e1_l": {
      "c": 33.423644466818594,
      "t": 834.2452067019444
    },
    "e1_b": {
      "c": 46.02898492613177,
      "t": 834.2452067019444
    },
    "eu_b": {
      "c": 37.268555633252525,
      "t": 555.8876563710385
    },
    "eu_a": {
      "c": 9.756436830335307,
      "t": 555.8876563710385
    },
    "eu_g": {
      "c": 47.86161845566042,
      "t": 555.8876563710385
    },
    "im_t": {
      "c": 59.44152322895694,
      "t": 1119.2664912196458
    },
    "im_b": {
      "c": 59.44152322895694,
      "t": 0
    },
    "p_im": {
      "c": 59.44152322895694,
      "t": 1041.9924996545456
    },
    "p_l": {
      "c": 81.19763188405565,
      "t": 1041.9924996545456
    },
    "p_d": {
      "c": 65.01539845856067,
      "t": 1041.9924996545456
    },
    "e2_d": {
      "c": 69.65002054161532,
      "t": 517.6669896765759
    },
    "e2_l": {
      "c": 85.031895320938,
      "t": 517.6669896765759
    },
    "e2_e": {
      "c": 91.56368312992524,
      "t": 517.6669896765759
    },
    "t_a": {
      "c": 7.18939027288093,
      "t": 0
    },
    "t_g_l": {
      "c": 47.14445140445946,
      "t": 0
    },
    "t_g_r": {
      "c": 53.610725795998896,
      "t": 0
    },
    "t_d": {
      "c": 65.15523769944595,
      "t": 0
    },
    "t_e": {
      "c": 98.92912488388181,
      "t": 0
    }
  },
  "curves": {
    "L_1": {
      "start": "tmA",
      "end": "e1_l",
      "type": "liquidus",
      "power": 0.8
    },
    "L_2": {
      "start": "e1_l",
      "end": "im_t",
      "type": "liquidus",
      "power": 1.2
    },
    "L_3": {
      "start": "im_t",
      "end": "p_l",
      "type": "liquidus",
      "power": 0.9
    },
    "L_4": {
      "start": "p_l",
      "end": "e2_l",
      "type": "liquidus",
      "power": 1.1
    },
    "L_5": {
      "start": "e2_l",
      "end": "tmB",
      "type": "liquidus",
      "power": 0.8
    },
    "S_a": {
      "start": "tmA",
      "end": "e1_a",
      "type": "solidus",
      "power": 1.2
    },
    "S_e": {
      "start": "tmB",
      "end": "e2_e",
      "type": "solidus",
      "power": 1.1
    },
    "sol_a": {
      "start": "e1_a",
      "end": "eu_a",
      "type": "solvus",
      "power": 2.0
    },
    "sol_a_bot": {
      "start": "eu_a",
      "end": "t_a",
      "type": "solvus",
      "power": 1.5
    },
    "sol_e": {
      "start": "e2_e",
      "end": "t_e",
      "type": "solvus",
      "power": 1.8
    },
    "i_e1": {
      "start": "e1_a",
      "end": "e1_b",
      "type": "horizontal"
    },
    "i_eu": {
      "start": "eu_a",
      "end": "eu_g",
      "type": "horizontal"
    },
    "i_p": {
      "start": "p_im",
      "end": "p_l",
      "type": "horizontal"
    },
    "i_e2": {
      "start": "e2_d",
      "end": "e2_e",
      "type": "horizontal"
    },
    "im_vert": {
      "start": "im_t",
      "end": "im_b",
      "type": "vertical"
    }
  },
  "regions": {
    "R_a": {
      "type": "single-phase",
      "phase_name": "\u03b1",
      "label": {
        "text": "\u03b1",
        "c": 4,
        "t": 600
      },
      "bounding_curves": [
        {
          "id": "S_a",
          "dir": 1
        },
        {
          "id": "sol_a",
          "dir": 1
        },
        {
          "id": "sol_a_bot",
          "dir": 1
        },
        {
          "id": "bot_a",
          "dir": -1
        },
        {
          "id": "e_L",
          "dir": 1
        }
      ]
    }
  }
}