{
  "metadata": {
    "id": "final_boss_5",
    "axes": {
      "c_max": 100,
      "t_max": 1200
    }
  },
  "nodes": {
    "tmA": {
      "c": 0,
      "t": 1077
    },
    "tmB": {
      "c": 100,
      "t": 1055
    },
    "e1_a": {
      "c": 11.654580637600628,
      "t": 832.2986139619741
    },
    "e1_l": {
      "c": 30.824115769502164,
      "t": 832.2986139619741
    },
    "e1_b": {
      "c": 44.74110528127472,
      "t": 832.2986139619741
    },
    "eu_b": {
      "c": 39.092744275096265,
      "t": 503.33461928726757
    },
    "eu_a": {
      "c": 6.803116235383559,
      "t": 503.33461928726757
    },
    "eu_g": {
      "c": 49.826625512633,
      "t": 503.33461928726757
    },
    "im_t": {
      "c": 62.78973033736863,
      "t": 972.1928731182865
    },
    "im_b": {
      "c": 62.78973033736863,
      "t": 0
    },
    "p_im": {
      "c": 62.78973033736863,
      "t": 764.2029346814597
    },
    "p_l": {
      "c": 76.47073736378722,
      "t": 764.2029346814597
    },
    "p_d": {
      "c": 66.18254102946304,
      "t": 764.2029346814597
    },
    "e2_d": {
      "c": 72.0614094649222,
      "t": 567.8422791624823
    },
    "e2_l": {
      "c": 78.73973310860579,
      "t": 567.8422791624823
    },
    "e2_e": {
      "c": 94.9355952117997,
      "t": 567.8422791624823
    },
    "t_a": {
      "c": 3.949680961527767,
      "t": 0
    },
    "t_g_l": {
      "c": 49.568311550193755,
      "t": 0
    },
    "t_g_r": {
      "c": 57.17868377156343,
      "t": 0
    },
    "t_d": {
      "c": 70.3235772023251,
      "t": 0
    },
    "t_e": {
      "c": 96.18817265064044,
      "t": 0
    }
  },
  "curves": {
    "L_1": {
      "start": "tmA",
      "end": "e1_l",
      "type": "liquidus",
      "power": 0.8
    },
    "L_2": {
      "start": "e1_l",
      "end": "im_t",
      "type": "liquidus",
      "power": 1.2
    },
    "L_3": {
      "start": "im_t",
      "end": "p_l",
      "type": "liquidus",
      "power": 0.9
    },
    "L_4": {
      "start": "p_l",
      "end": "e2_l",
      "type": "liquidus",
      "power": 1.1
    },
    "L_5": {
      "start": "e2_l",
      "end": "tmB",
      "type": "liquidus",
      "power": 0.8
    },
    "S_a": {
      "start": "tmA",
      "end": "e1_a",
      "type": "solidus",
      "power": 1.2
    },
    "S_e": {
      "start": "tmB",
      "end": "e2_e",
      "type": "solidus",
      "power": 1.1
    },
    "sol_a": {
      "start": "e1_a",
      "end": "eu_a",
      "type": "solvus",
      "power": 2.0
    },
    "sol_a_bot": {
      "start": "eu_a",
      "end": "t_a",
      "type": "solvus",
      "power": 1.5
    },
    "sol_e": {
      "start": "e2_e",
      "end": "t_e",
      "type": "solvus",
      "power": 1.8
    },
    "i_e1": {
      "start": "e1_a",
      "end": "e1_b",
      "type": "horizontal"
    },
    "i_eu": {
      "start": "eu_a",
      "end": "eu_g",
      "type": "horizontal"
    },
    "i_p": {
      "start": "p_im",
      "end": "p_l",
      "type": "horizontal"
    },
    "i_e2": {
      "start": "e2_d",
      "end": "e2_e",
      "type": "horizontal"
    },
    "im_vert": {
      "start": "im_t",
      "end": "im_b",
      "type": "vertical"
    }
  },
  "regions": {
    "R_a": {
      "type": "single-phase",
      "phase_name": "\u03b1",
      "label": {
        "text": "\u03b1",
        "c": 4,
        "t": 600
      },
      "bounding_curves": [
        {
          "id": "S_a",
          "dir": 1
        },
        {
          "id": "sol_a",
          "dir": 1
        },
        {
          "id": "sol_a_bot",
          "dir": 1
        },
        {
          "id": "bot_a",
          "dir": -1
        },
        {
          "id": "e_L",
          "dir": 1
        }
      ]
    }
  }
}