{
  "metadata": {
    "id": "final_boss_468",
    "axes": {
      "c_max": 100,
      "t_max": 1200
    }
  },
  "nodes": {
    "tmA": {
      "c": 0,
      "t": 1069
    },
    "tmB": {
      "c": 100,
      "t": 1017
    },
    "e1_a": {
      "c": 12.374994826721515,
      "t": 827.8083811116038
    },
    "e1_l": {
      "c": 21.48813020858787,
      "t": 827.8083811116038
    },
    "e1_b": {
      "c": 31.188518707578567,
      "t": 827.8083811116038
    },
    "eu_b": {
      "c": 26.167252397973204,
      "t": 635.0335971719613
    },
    "eu_a": {
      "c": 9.20640920590023,
      "t": 635.0335971719613
    },
    "eu_g": {
      "c": 37.382507931191704,
      "t": 635.0335971719613
    },
    "im_t": {
      "c": 60.64291442562797,
      "t": 992.8218810564931
    },
    "im_b": {
      "c": 60.64291442562797,
      "t": 0
    },
    "p_im": {
      "c": 60.64291442562797,
      "t": 935.1214690557817
    },
    "p_l": {
      "c": 72.73979665490538,
      "t": 935.1214690557817
    },
    "p_d": {
      "c": 67.46354877412723,
      "t": 935.1214690557817
    },
    "e2_d": {
      "c": 68.76058729811992,
      "t": 829.6844016418738
    },
    "e2_l": {
      "c": 74.44344150270723,
      "t": 829.6844016418738
    },
    "e2_e": {
      "c": 87.25582890966324,
      "t": 829.6844016418738
    },
    "t_a": {
      "c": 1.3079109357504333,
      "t": 0
    },
    "t_g_l": {
      "c": 34.57221005373026,
      "t": 0
    },
    "t_g_r": {
      "c": 39.28961056635736,
      "t": 0
    },
    "t_d": {
      "c": 67.70511442070716,
      "t": 0
    },
    "t_e": {
      "c": 92.90554023607493,
      "t": 0
    }
  },
  "curves": {
    "L_1": {
      "start": "tmA",
      "end": "e1_l",
      "type": "liquidus",
      "power": 0.8
    },
    "L_2": {
      "start": "e1_l",
      "end": "im_t",
      "type": "liquidus",
      "power": 1.2
    },
    "L_3": {
      "start": "im_t",
      "end": "p_l",
      "type": "liquidus",
      "power": 0.9
    },
    "L_4": {
      "start": "p_l",
      "end": "e2_l",
      "type": "liquidus",
      "power": 1.1
    },
    "L_5": {
      "start": "e2_l",
      "end": "tmB",
      "type": "liquidus",
      "power": 0.8
    },
    "S_a": {
      "start": "tmA",
      "end": "e1_a",
      "type": "solidus",
      "power": 1.2
    },
    "S_e": {
      "start": "tmB",
      "end": "e2_e",
      "type": "solidus",
      "power": 1.1
    },
    "sol_a": {
      "start": "e1_a",
      "end": "eu_a",
      "type": "solvus",
      "power": 2.0
    },
    "sol_a_bot": {
      "start": "eu_a",
      "end": "t_a",
      "type": "solvus",
      "power": 1.5
    },
    "sol_e": {
      "start": "e2_e",
      "end": "t_e",
      "type": "solvus",
      "power": 1.8
    },
    "i_e1": {
      "start": "e1_a",
      "end": "e1_b",
      "type": "horizontal"
    },
    "i_eu": {
      "start": "eu_a",
      "end": "eu_g",
      "type": "horizontal"
    },
    "i_p": {
      "start": "p_im",
      "end": "p_l",
      "type": "horizontal"
    },
    "i_e2": {
      "start": "e2_d",
      "end": "e2_e",
      "type": "horizontal"
    },
    "im_vert": {
      "start": "im_t",
      "end": "im_b",
      "type": "vertical"
    }
  },
  "regions": {
    "R_a": {
      "type": "single-phase",
      "phase_name": "\u03b1",
      "label": {
        "text": "\u03b1",
        "c": 4,
        "t": 600
      },
      "bounding_curves": [
        {
          "id": "S_a",
          "dir": 1
        },
        {
          "id": "sol_a",
          "dir": 1
        },
        {
          "id": "sol_a_bot",
          "dir": 1
        },
        {
          "id": "bot_a",
          "dir": -1
        },
        {
          "id": "e_L",
          "dir": 1
        }
      ]
    }
  }
}