{
  "metadata": {
    "id": "final_boss_356",
    "axes": {
      "c_max": 100,
      "t_max": 1200
    }
  },
  "nodes": {
    "top_L": {
      "c": 0,
      "t": 1200,
      "bounds": {
        "lock_t": true,
        "lock_c": true
      }
    },
    "top_R": {
      "c": 100,
      "t": 1200,
      "bounds": {
        "lock_t": true,
        "lock_c": true
      }
    },
    "bot_L": {
      "c": 0,
      "t": 0,
      "bounds": {
        "lock_t": true,
        "lock_c": true
      }
    },
    "bot_R": {
      "c": 100,
      "t": 0,
      "bounds": {
        "lock_t": true,
        "lock_c": true
      }
    },
    "tmA": {
      "c": 0,
      "t": 1125.792575688249,
      "bounds": {
        "lock_c": true,
        "t_min": 1000,
        "t_max": 1200
      }
    },
    "tmB": {
      "c": 100,
      "t": 1070.1617531731333,
      "bounds": {
        "lock_c": true,
        "t_min": 1000,
        "t_max": 1200
      }
    },
    "im1_t": {
      "c": 60.99923776634939,
      "t": 1150.9255254211703,
      "bounds": {
        "lock_c": true,
        "t_min": 1000,
        "t_max": 1200
      }
    },
    "im1_b": {
      "c": 60.99923776634939,
      "t": 0,
      "bounds": {
        "lock_c": true,
        "lock_t": true
      }
    },
    "e1_a": {
      "c": 11.100930656501893,
      "t": 858.8008130701842,
      "bounds": {
        "lock_t": true,
        "c_min": 2,
        "c_max": 18
      }
    },
    "e1_l": {
      "c": 37.35691914368824,
      "t": 858.8008130701842,
      "bounds": {
        "lock_t": true,
        "c_min": 25,
        "c_max": 50
      }
    },
    "im1_e1": {
      "c": 60.99923776634939,
      "t": 858.8008130701842,
      "bounds": {
        "lock_c": true,
        "lock_t": true
      }
    },
    "po_nexus": {
      "c": 20.457022891920897,
      "t": 661.8914344997432,
      "bounds": {
        "lock_c": true,
        "lock_t": true
      }
    },
    "im2_b": {
      "c": 20.457022891920897,
      "t": 0,
      "bounds": {
        "lock_c": true,
        "lock_t": true
      }
    },
    "p_im1": {
      "c": 60.99923776634939,
      "t": 920.9287162168162,
      "bounds": {
        "lock_c": true,
        "lock_t": true
      }
    },
    "p_g": {
      "c": 66.45050675609343,
      "t": 920.9287162168162,
      "bounds": {
        "lock_t": true,
        "c_min": 62.99923776634939,
        "c_max": 71.88707626326982
      }
    },
    "p_l": {
      "c": 73.88707626326982,
      "t": 920.9287162168162,
      "bounds": {
        "lock_t": true,
        "c_min": 68.45050675609343,
        "c_max": 90
      }
    },
    "e2_g": {
      "c": 69.60784049424578,
      "t": 727.5265090541344,
      "bounds": {
        "lock_t": true,
        "c_min": 68.45050675609343,
        "c_max": 74.08669229609981
      }
    },
    "e2_l": {
      "c": 76.08669229609981,
      "t": 727.5265090541344,
      "bounds": {
        "lock_t": true,
        "c_min": 71.60784049424578,
        "c_max": 79.59084976901676
      }
    },
    "e2_e": {
      "c": 81.59084976901676,
      "t": 727.5265090541344,
      "bounds": {
        "lock_t": true,
        "c_min": 78.08669229609981,
        "c_max": 98
      }
    },
    "im1_eu": {
      "c": 60.99923776634939,
      "t": 579.3124918443144,
      "bounds": {
        "lock_c": true,
        "lock_t": true
      }
    },
    "eu_nexus": {
      "c": 65.3787630291726,
      "t": 579.3124918443144,
      "bounds": {
        "lock_t": true,
        "c_min": 65.99923776634938,
        "c_max": 80.28331331253467
      }
    },
    "eu_e_iso": {
      "c": 85.28331331253467,
      "t": 579.3124918443144,
      "bounds": {
        "lock_t": true,
        "c_min": 67.3787630291726,
        "c_max": 99
      }
    },
    "t_a": {
      "c": 4.956586128116379,
      "t": 0,
      "bounds": {
        "lock_t": true,
        "c_min": 0.1,
        "c_max": 18.457022891920897
      }
    },
    "t_e": {
      "c": 89.06738776873259,
      "t": 0,
      "bounds": {
        "lock_t": true,
        "c_min": 85.38331331253467,
        "c_max": 99.9
      }
    }
  },
  "curves": {
    "L_1": {
      "start": "tmA",
      "end": "e1_l",
      "type": "liquidus"
    },
    "L_2": {
      "start": "e1_l",
      "end": "im1_t",
      "type": "liquidus"
    },
    "L_3": {
      "start": "im1_t",
      "end": "p_l",
      "type": "liquidus"
    },
    "L_4": {
      "start": "p_l",
      "end": "e2_l",
      "type": "liquidus"
    },
    "L_5": {
      "start": "e2_l",
      "end": "tmB",
      "type": "liquidus"
    },
    "S_a": {
      "start": "tmA",
      "end": "e1_a",
      "type": "solidus"
    },
    "S_g": {
      "start": "p_g",
      "end": "e2_g",
      "type": "solidus"
    },
    "S_e": {
      "start": "tmB",
      "end": "e2_e",
      "type": "solidus"
    },
    "sol_a_up": {
      "start": "e1_a",
      "end": "po_nexus",
      "type": "solvus"
    },
    "sol_a_bot": {
      "start": "po_nexus",
      "end": "t_a",
      "type": "solvus"
    },
    "sol_g_L": {
      "start": "p_g",
      "end": "eu_nexus",
      "type": "solvus"
    },
    "sol_g_R": {
      "start": "e2_g",
      "end": "eu_nexus",
      "type": "solvus"
    },
    "sol_e": {
      "start": "e2_e",
      "end": "t_e",
      "type": "solvus"
    },
    "IM1": {
      "start": "im1_t",
      "end": "im1_b",
      "type": "vertical"
    },
    "IM2": {
      "start": "po_nexus",
      "end": "im2_b",
      "type": "vertical"
    },
    "iso_e1": {
      "start": "e1_a",
      "end": "im1_e1",
      "type": "horizontal"
    },
    "iso_p": {
      "start": "p_im1",
      "end": "p_l",
      "type": "horizontal"
    },
    "iso_e2": {
      "start": "e2_g",
      "end": "e2_e",
      "type": "horizontal"
    },
    "iso_eu": {
      "start": "im1_eu",
      "end": "eu_e_iso",
      "type": "horizontal"
    },
    "edge_L_top": {
      "start": "top_L",
      "end": "tmA",
      "type": "edge"
    },
    "edge_L_bot": {
      "start": "tmA",
      "end": "bot_L",
      "type": "edge"
    },
    "edge_R_top": {
      "start": "top_R",
      "end": "tmB",
      "type": "edge"
    },
    "edge_R_bot": {
      "start": "tmB",
      "end": "bot_R",
      "type": "edge"
    },
    "edge_top": {
      "start": "top_L",
      "end": "top_R",
      "type": "edge"
    },
    "b_0_a": {
      "start": "bot_L",
      "end": "t_a",
      "type": "edge"
    },
    "b_a_im2": {
      "start": "t_a",
      "end": "im2_b",
      "type": "edge"
    },
    "b_im2_im1": {
      "start": "im2_b",
      "end": "im1_b",
      "type": "edge"
    },
    "b_im1_e": {
      "start": "im1_b",
      "end": "t_e",
      "type": "edge"
    },
    "b_e_100": {
      "start": "t_e",
      "end": "bot_R",
      "type": "edge"
    }
  },
  "regions": {
    "R_L": {
      "type": "single-phase",
      "phase_name": "L",
      "bounding_curves": [
        {
          "id": "L_1",
          "dir": 1
        },
        {
          "id": "L_2",
          "dir": 1
        },
        {
          "id": "L_3",
          "dir": 1
        },
        {
          "id": "L_4",
          "dir": 1
        },
        {
          "id": "L_5",
          "dir": 1
        },
        {
          "id": "edge_R_top",
          "dir": -1
        },
        {
          "id": "edge_top",
          "dir": -1
        },
        {
          "id": "edge_L_top",
          "dir": 1
        }
      ]
    },
    "R_a": {
      "type": "single-phase",
      "phase_name": "\u03b1",
      "bounding_curves": [
        {
          "id": "S_a",
          "dir": -1
        },
        {
          "id": "edge_L_bot",
          "dir": 1
        },
        {
          "id": "b_0_a",
          "dir": 1
        },
        {
          "id": "sol_a_bot",
          "dir": -1
        },
        {
          "id": "sol_a_up",
          "dir": -1
        }
      ]
    },
    "R_g": {
      "type": "single-phase",
      "phase_name": "\u03b3",
      "bounding_curves": [
        {
          "id": "sol_g_L",