{
  "metadata": {
    "id": "final_boss_214",
    "axes": {
      "c_max": 100,
      "t_max": 1200
    }
  },
  "nodes": {
    "tmA": {
      "c": 0,
      "t": 1106
    },
    "tmB": {
      "c": 100,
      "t": 1056
    },
    "e1_a": {
      "c": 16.756686172223418,
      "t": 853.8568068935018
    },
    "e1_l": {
      "c": 29.06900864297253,
      "t": 853.8568068935018
    },
    "e1_b": {
      "c": 38.934013154858214,
      "t": 853.8568068935018
    },
    "eu_b": {
      "c": 33.31266605238009,
      "t": 606.7072614246339
    },
    "eu_a": {
      "c": 6.858927046627264,
      "t": 606.7072614246339
    },
    "eu_g": {
      "c": 42.07769148080946,
      "t": 606.7072614246339
    },
    "im_t": {
      "c": 69.21925384697913,
      "t": 1076.1522323190136
    },
    "im_b": {
      "c": 69.21925384697913,
      "t": 0
    },
    "p_im": {
      "c": 69.21925384697913,
      "t": 932.6897630542474
    },
    "p_l": {
      "c": 85.87437142793544,
      "t": 932.6897630542474
    },
    "p_d": {
      "c": 82.44739997354627,
      "t": 932.6897630542474
    },
    "e2_d": {
      "c": 84.43479723750258,
      "t": 408.70056914585257
    },
    "e2_l": {
      "c": 90.70961754130443,
      "t": 408.70056914585257
    },
    "e2_e": {
      "c": 94.7720302156276,
      "t": 408.70056914585257
    },
    "t_a": {
      "c": 0.8926410523019604,
      "t": 0
    },
    "t_g_l": {
      "c": 40.495397005781186,
      "t": 0
    },
    "t_g_r": {
      "c": 67.76032667634773,
      "t": 0
    },
    "t_d": {
      "c": 76.86210687538099,
      "t": 0
    },
    "t_e": {
      "c": 97.05925640015076,
      "t": 0
    }
  },
  "curves": {
    "L_1": {
      "start": "tmA",
      "end": "e1_l",
      "type": "liquidus",
      "power": 0.8
    },
    "L_2": {
      "start": "e1_l",
      "end": "im_t",
      "type": "liquidus",
      "power": 1.2
    },
    "L_3": {
      "start": "im_t",
      "end": "p_l",
      "type": "liquidus",
      "power": 0.9
    },
    "L_4": {
      "start": "p_l",
      "end": "e2_l",
      "type": "liquidus",
      "power": 1.1
    },
    "L_5": {
      "start": "e2_l",
      "end": "tmB",
      "type": "liquidus",
      "power": 0.8
    },
    "S_a": {
      "start": "tmA",
      "end": "e1_a",
      "type": "solidus",
      "power": 1.2
    },
    "S_e": {
      "start": "tmB",
      "end": "e2_e",
      "type": "solidus",
      "power": 1.1
    },
    "sol_a": {
      "start": "e1_a",
      "end": "eu_a",
      "type": "solvus",
      "power": 2.0
    },
    "sol_a_bot": {
      "start": "eu_a",
      "end": "t_a",
      "type": "solvus",
      "power": 1.5
    },
    "sol_e": {
      "start": "e2_e",
      "end": "t_e",
      "type": "solvus",
      "power": 1.8
    },
    "i_e1": {
      "start": "e1_a",
      "end": "e1_b",
      "type": "horizontal"
    },
    "i_eu": {
      "start": "eu_a",
      "end": "eu_g",
      "type": "horizontal"
    },
    "i_p": {
      "start": "p_im",
      "end": "p_l",
      "type": "horizontal"
    },
    "i_e2": {
      "start": "e2_d",
      "end": "e2_e",
      "type": "horizontal"
    },
    "im_vert": {
      "start": "im_t",
      "end": "im_b",
      "type": "vertical"
    }
  },
  "regions": {
    "R_a": {
      "type": "single-phase",
      "phase_name": "\u03b1",
      "label": {
        "text": "\u03b1",
        "c": 4,
        "t": 600
      },
      "bounding_curves": [
        {
          "id": "S_a",
          "dir": 1
        },
        {
          "id": "sol_a",
          "dir": 1
        },
        {
          "id": "sol_a_bot",
          "dir": 1
        },
        {
          "id": "bot_a",
          "dir": -1
        },
        {
          "id": "e_L",
          "dir": 1
        }
      ]
    }
  }
}