{
  "metadata": {
    "id": "final_boss_463",
    "axes": {
      "c_max": 100,
      "t_max": 1200
    }
  },
  "nodes": {
    "tmA": {
      "c": 0,
      "t": 1115
    },
    "tmB": {
      "c": 100,
      "t": 1025
    },
    "e1_a": {
      "c": 13.051238100529192,
      "t": 940.0563777290976
    },
    "e1_l": {
      "c": 31.525762509043325,
      "t": 940.0563777290976
    },
    "e1_b": {
      "c": 42.95690782016003,
      "t": 940.0563777290976
    },
    "eu_b": {
      "c": 33.99997147697728,
      "t": 580.0635964743785
    },
    "eu_a": {
      "c": 4.013425946100831,
      "t": 580.0635964743785
    },
    "eu_g": {
      "c": 41.77119271431685,
      "t": 580.0635964743785
    },
    "im_t": {
      "c": 67.42301630736172,
      "t": 1054.067630584023
    },
    "im_b": {
      "c": 67.42301630736172,
      "t": 0
    },
    "p_im": {
      "c": 67.42301630736172,
      "t": 798.4353372607927
    },
    "p_l": {
      "c": 84.46657983475724,
      "t": 798.4353372607927
    },
    "p_d": {
      "c": 75.0376803521309,
      "t": 798.4353372607927
    },
    "e2_d": {
      "c": 79.85774077731546,
      "t": 604.5639093022319
    },
    "e2_l": {
      "c": 88.29799834324434,
      "t": 604.5639093022319
    },
    "e2_e": {
      "c": 93.1843989997496,
      "t": 604.5639093022319
    },
    "t_a": {
      "c": 1.6708125228866788,
      "t": 0
    },
    "t_g_l": {
      "c": 41.691502624966986,
      "t": 0
    },
    "t_g_r": {
      "c": 48.084883308731676,
      "t": 0
    },
    "t_d": {
      "c": 75.27600167678102,
      "t": 0
    },
    "t_e": {
      "c": 97.49457345381184,
      "t": 0
    }
  },
  "curves": {
    "L_1": {
      "start": "tmA",
      "end": "e1_l",
      "type": "liquidus",
      "power": 0.8
    },
    "L_2": {
      "start": "e1_l",
      "end": "im_t",
      "type": "liquidus",
      "power": 1.2
    },
    "L_3": {
      "start": "im_t",
      "end": "p_l",
      "type": "liquidus",
      "power": 0.9
    },
    "L_4": {
      "start": "p_l",
      "end": "e2_l",
      "type": "liquidus",
      "power": 1.1
    },
    "L_5": {
      "start": "e2_l",
      "end": "tmB",
      "type": "liquidus",
      "power": 0.8
    },
    "S_a": {
      "start": "tmA",
      "end": "e1_a",
      "type": "solidus",
      "power": 1.2
    },
    "S_e": {
      "start": "tmB",
      "end": "e2_e",
      "type": "solidus",
      "power": 1.1
    },
    "sol_a": {
      "start": "e1_a",
      "end": "eu_a",
      "type": "solvus",
      "power": 2.0
    },
    "sol_a_bot": {
      "start": "eu_a",
      "end": "t_a",
      "type": "solvus",
      "power": 1.5
    },
    "sol_e": {
      "start": "e2_e",
      "end": "t_e",
      "type": "solvus",
      "power": 1.8
    },
    "i_e1": {
      "start": "e1_a",
      "end": "e1_b",
      "type": "horizontal"
    },
    "i_eu": {
      "start": "eu_a",
      "end": "eu_g",
      "type": "horizontal"
    },
    "i_p": {
      "start": "p_im",
      "end": "p_l",
      "type": "horizontal"
    },
    "i_e2": {
      "start": "e2_d",
      "end": "e2_e",
      "type": "horizontal"
    },
    "im_vert": {
      "start": "im_t",
      "end": "im_b",
      "type": "vertical"
    }
  },
  "regions": {
    "R_a": {
      "type": "single-phase",
      "phase_name": "\u03b1",
      "label": {
        "text": "\u03b1",
        "c": 4,
        "t": 600
      },
      "bounding_curves": [
        {
          "id": "S_a",
          "dir": 1
        },
        {
          "id": "sol_a",
          "dir": 1
        },
        {
          "id": "sol_a_bot",
          "dir": 1
        },
        {
          "id": "bot_a",
          "dir": -1
        },
        {
          "id": "e_L",
          "dir": 1
        }
      ]
    }
  }
}