{
  "metadata": {
    "id": "final_boss_419",
    "axes": {
      "c_max": 100,
      "t_max": 1200
    }
  },
  "nodes": {
    "tmA": {
      "c": 0,
      "t": 1124
    },
    "tmB": {
      "c": 100,
      "t": 1122
    },
    "e1_a": {
      "c": 16.34665811234885,
      "t": 923.6961225464677
    },
    "e1_l": {
      "c": 25.597578118149325,
      "t": 923.6961225464677
    },
    "e1_b": {
      "c": 36.63083615331738,
      "t": 923.6961225464677
    },
    "eu_b": {
      "c": 30.201761838961257,
      "t": 612.4879457941017
    },
    "eu_a": {
      "c": 7.767044520306735,
      "t": 612.4879457941017
    },
    "eu_g": {
      "c": 39.027491979946625,
      "t": 612.4879457941017
    },
    "im_t": {
      "c": 57.49918276366467,
      "t": 1102.9842866408917
    },
    "im_b": {
      "c": 57.49918276366467,
      "t": 0
    },
    "p_im": {
      "c": 57.49918276366467,
      "t": 778.7101468699605
    },
    "p_l": {
      "c": 82.43960415153795,
      "t": 778.7101468699605
    },
    "p_d": {
      "c": 65.18656720811576,
      "t": 778.7101468699605
    },
    "e2_d": {
      "c": 75.8243307743849,
      "t": 597.3534139845996
    },
    "e2_l": {
      "c": 81.88379734980427,
      "t": 597.3534139845996
    },
    "e2_e": {
      "c": 87.3233517141423,
      "t": 597.3534139845996
    },
    "t_a": {
      "c": 2.8661391759247015,
      "t": 0
    },
    "t_g_l": {
      "c": 38.260767240747114,
      "t": 0
    },
    "t_g_r": {
      "c": 49.54407673345693,
      "t": 0
    },
    "t_d": {
      "c": 72.54311309470155,
      "t": 0
    },
    "t_e": {
      "c": 95.26471313251426,
      "t": 0
    }
  },
  "curves": {
    "L_1": {
      "start": "tmA",
      "end": "e1_l",
      "type": "liquidus",
      "power": 0.8
    },
    "L_2": {
      "start": "e1_l",
      "end": "im_t",
      "type": "liquidus",
      "power": 1.2
    },
    "L_3": {
      "start": "im_t",
      "end": "p_l",
      "type": "liquidus",
      "power": 0.9
    },
    "L_4": {
      "start": "p_l",
      "end": "e2_l",
      "type": "liquidus",
      "power": 1.1
    },
    "L_5": {
      "start": "e2_l",
      "end": "tmB",
      "type": "liquidus",
      "power": 0.8
    },
    "S_a": {
      "start": "tmA",
      "end": "e1_a",
      "type": "solidus",
      "power": 1.2
    },
    "S_e": {
      "start": "tmB",
      "end": "e2_e",
      "type": "solidus",
      "power": 1.1
    },
    "sol_a": {
      "start": "e1_a",
      "end": "eu_a",
      "type": "solvus",
      "power": 2.0
    },
    "sol_a_bot": {
      "start": "eu_a",
      "end": "t_a",
      "type": "solvus",
      "power": 1.5
    },
    "sol_e": {
      "start": "e2_e",
      "end": "t_e",
      "type": "solvus",
      "power": 1.8
    },
    "i_e1": {
      "start": "e1_a",
      "end": "e1_b",
      "type": "horizontal"
    },
    "i_eu": {
      "start": "eu_a",
      "end": "eu_g",
      "type": "horizontal"
    },
    "i_p": {
      "start": "p_im",
      "end": "p_l",
      "type": "horizontal"
    },
    "i_e2": {
      "start": "e2_d",
      "end": "e2_e",
      "type": "horizontal"
    },
    "im_vert": {
      "start": "im_t",
      "end": "im_b",
      "type": "vertical"
    }
  },
  "regions": {
    "R_a": {
      "type": "single-phase",
      "phase_name": "\u03b1",
      "label": {
        "text": "\u03b1",
        "c": 4,
        "t": 600
      },
      "bounding_curves": [
        {
          "id": "S_a",
          "dir": 1
        },
        {
          "id": "sol_a",
          "dir": 1
        },
        {
          "id": "sol_a_bot",
          "dir": 1
        },
        {
          "id": "bot_a",
          "dir": -1
        },
        {
          "id": "e_L",
          "dir": 1
        }
      ]
    }
  }
}