{
  "metadata": {
    "id": "final_boss_333",
    "axes": {
      "c_max": 100,
      "t_max": 1200
    }
  },
  "nodes": {
    "tmA": {
      "c": 0,
      "t": 1082
    },
    "tmB": {
      "c": 100,
      "t": 1057
    },
    "e1_a": {
      "c": 8.705512760271748,
      "t": 929.5160945255735
    },
    "e1_l": {
      "c": 21.169513895315973,
      "t": 929.5160945255735
    },
    "e1_b": {
      "c": 29.378318125466944,
      "t": 929.5160945255735
    },
    "eu_b": {
      "c": 24.609971833640614,
      "t": 659.5299414023166
    },
    "eu_a": {
      "c": 6.044537405186148,
      "t": 659.5299414023166
    },
    "eu_g": {
      "c": 31.88383467174309,
      "t": 659.5299414023166
    },
    "im_t": {
      "c": 64.15022910478514,
      "t": 988.5063709222256
    },
    "im_b": {
      "c": 64.15022910478514,
      "t": 0
    },
    "p_im": {
      "c": 64.15022910478514,
      "t": 903.2757089268176
    },
    "p_l": {
      "c": 76.02912646547662,
      "t": 903.2757089268176
    },
    "p_d": {
      "c": 68.0092846751854,
      "t": 903.2757089268176
    },
    "e2_d": {
      "c": 71.0702739395192,
      "t": 656.3802726002134
    },
    "e2_l": {
      "c": 80.24000844432935,
      "t": 656.3802726002134
    },
    "e2_e": {
      "c": 86.44647558972194,
      "t": 656.3802726002134
    },
    "t_a": {
      "c": 3.9125176125260888,
      "t": 0
    },
    "t_g_l": {
      "c": 29.466415863902085,
      "t": 0
    },
    "t_g_r": {
      "c": 60.85455725949076,
      "t": 0
    },
    "t_d": {
      "c": 69.98975522312737,
      "t": 0
    },
    "t_e": {
      "c": 96.63360543969138,
      "t": 0
    }
  },
  "curves": {
    "L_1": {
      "start": "tmA",
      "end": "e1_l",
      "type": "liquidus",
      "power": 0.8
    },
    "L_2": {
      "start": "e1_l",
      "end": "im_t",
      "type": "liquidus",
      "power": 1.2
    },
    "L_3": {
      "start": "im_t",
      "end": "p_l",
      "type": "liquidus",
      "power": 0.9
    },
    "L_4": {
      "start": "p_l",
      "end": "e2_l",
      "type": "liquidus",
      "power": 1.1
    },
    "L_5": {
      "start": "e2_l",
      "end": "tmB",
      "type": "liquidus",
      "power": 0.8
    },
    "S_a": {
      "start": "tmA",
      "end": "e1_a",
      "type": "solidus",
      "power": 1.2
    },
    "S_e": {
      "start": "tmB",
      "end": "e2_e",
      "type": "solidus",
      "power": 1.1
    },
    "sol_a": {
      "start": "e1_a",
      "end": "eu_a",
      "type": "solvus",
      "power": 2.0
    },
    "sol_a_bot": {
      "start": "eu_a",
      "end": "t_a",
      "type": "solvus",
      "power": 1.5
    },
    "sol_e": {
      "start": "e2_e",
      "end": "t_e",
      "type": "solvus",
      "power": 1.8
    },
    "i_e1": {
      "start": "e1_a",
      "end": "e1_b",
      "type": "horizontal"
    },
    "i_eu": {
      "start": "eu_a",
      "end": "eu_g",
      "type": "horizontal"
    },
    "i_p": {
      "start": "p_im",
      "end": "p_l",
      "type": "horizontal"
    },
    "i_e2": {
      "start": "e2_d",
      "end": "e2_e",
      "type": "horizontal"
    },
    "im_vert": {
      "start": "im_t",
      "end": "im_b",
      "type": "vertical"
    }
  },
  "regions": {
    "R_a": {
      "type": "single-phase",
      "phase_name": "\u03b1",
      "label": {
        "text": "\u03b1",
        "c": 4,
        "t": 600
      },
      "bounding_curves": [
        {
          "id": "S_a",
          "dir": 1
        },
        {
          "id": "sol_a",
          "dir": 1
        },
        {
          "id": "sol_a_bot",
          "dir": 1
        },
        {
          "id": "bot_a",
          "dir": -1
        },
        {
          "id": "e_L",
          "dir": 1
        }
      ]
    }
  }
}