{
  "metadata": {
    "id": "final_boss_145",
    "axes": {
      "c_max": 100,
      "t_max": 1200
    }
  },
  "nodes": {
    "tmA": {
      "c": 0,
      "t": 1083
    },
    "tmB": {
      "c": 100,
      "t": 1058
    },
    "e1_a": {
      "c": 11.585317097127863,
      "t": 942.2936855333941
    },
    "e1_l": {
      "c": 21.435390424255687,
      "t": 942.2936855333941
    },
    "e1_b": {
      "c": 32.52851392645092,
      "t": 942.2936855333941
    },
    "eu_b": {
      "c": 29.241194748441973,
      "t": 629.5502608660056
    },
    "eu_a": {
      "c": 4.8845577916072465,
      "t": 629.5502608660056
    },
    "eu_g": {
      "c": 36.832747916266634,
      "t": 629.5502608660056
    },
    "im_t": {
      "c": 49.08777151026501,
      "t": 1001.8597918491354
    },
    "im_b": {
      "c": 49.08777151026501,
      "t": 0
    },
    "p_im": {
      "c": 49.08777151026501,
      "t": 805.2244772122207
    },
    "p_l": {
      "c": 68.3582674397876,
      "t": 805.2244772122207
    },
    "p_d": {
      "c": 56.900662737975296,
      "t": 805.2244772122207
    },
    "e2_d": {
      "c": 59.587404157275564,
      "t": 405.44189348552607
    },
    "e2_l": {
      "c": 67.26609427418786,
      "t": 405.44189348552607
    },
    "e2_e": {
      "c": 79.6238897491437,
      "t": 405.44189348552607
    },
    "t_a": {
      "c": 3.4057076892977887,
      "t": 0
    },
    "t_g_l": {
      "c": 36.34225936093398,
      "t": 0
    },
    "t_g_r": {
      "c": 41.298993823564565,
      "t": 0
    },
    "t_d": {
      "c": 55.57126558963235,
      "t": 0
    },
    "t_e": {
      "c": 96.12692019867903,
      "t": 0
    }
  },
  "curves": {
    "L_1": {
      "start": "tmA",
      "end": "e1_l",
      "type": "liquidus",
      "power": 0.8
    },
    "L_2": {
      "start": "e1_l",
      "end": "im_t",
      "type": "liquidus",
      "power": 1.2
    },
    "L_3": {
      "start": "im_t",
      "end": "p_l",
      "type": "liquidus",
      "power": 0.9
    },
    "L_4": {
      "start": "p_l",
      "end": "e2_l",
      "type": "liquidus",
      "power": 1.1
    },
    "L_5": {
      "start": "e2_l",
      "end": "tmB",
      "type": "liquidus",
      "power": 0.8
    },
    "S_a": {
      "start": "tmA",
      "end": "e1_a",
      "type": "solidus",
      "power": 1.2
    },
    "S_e": {
      "start": "tmB",
      "end": "e2_e",
      "type": "solidus",
      "power": 1.1
    },
    "sol_a": {
      "start": "e1_a",
      "end": "eu_a",
      "type": "solvus",
      "power": 2.0
    },
    "sol_a_bot": {
      "start": "eu_a",
      "end": "t_a",
      "type": "solvus",
      "power": 1.5
    },
    "sol_e": {
      "start": "e2_e",
      "end": "t_e",
      "type": "solvus",
      "power": 1.8
    },
    "i_e1": {
      "start": "e1_a",
      "end": "e1_b",
      "type": "horizontal"
    },
    "i_eu": {
      "start": "eu_a",
      "end": "eu_g",
      "type": "horizontal"
    },
    "i_p": {
      "start": "p_im",
      "end": "p_l",
      "type": "horizontal"
    },
    "i_e2": {
      "start": "e2_d",
      "end": "e2_e",
      "type": "horizontal"
    },
    "im_vert": {
      "start": "im_t",
      "end": "im_b",
      "type": "vertical"
    }
  },
  "regions": {
    "R_a": {
      "type": "single-phase",
      "phase_name": "\u03b1",
      "label": {
        "text": "\u03b1",
        "c": 4,
        "t": 600
      },
      "bounding_curves": [
        {
          "id": "S_a",
          "dir": 1
        },
        {
          "id": "sol_a",
          "dir": 1
        },
        {
          "id": "sol_a_bot",
          "dir": 1
        },
        {
          "id": "bot_a",
          "dir": -1
        },
        {
          "id": "e_L",
          "dir": 1
        }
      ]
    }
  }
}