{
  "metadata": {
    "id": "final_boss_388",
    "axes": {
      "c_max": 100,
      "t_max": 1200
    }
  },
  "nodes": {
    "tmA": {
      "c": 0,
      "t": 1091
    },
    "tmB": {
      "c": 100,
      "t": 1059
    },
    "e1_a": {
      "c": 15.555640952256748,
      "t": 838.0306012953156
    },
    "e1_l": {
      "c": 32.38487546638021,
      "t": 838.0306012953156
    },
    "e1_b": {
      "c": 42.77295431955032,
      "t": 838.0306012953156
    },
    "eu_b": {
      "c": 39.60082129684188,
      "t": 638.3613545072008
    },
    "eu_a": {
      "c": 5.801562449706803,
      "t": 638.3613545072008
    },
    "eu_g": {
      "c": 49.291791473683496,
      "t": 638.3613545072008
    },
    "im_t": {
      "c": 72.74436427865044,
      "t": 993.4946325114189
    },
    "im_b": {
      "c": 72.74436427865044,
      "t": 0
    },
    "p_im": {
      "c": 72.74436427865044,
      "t": 840.135962657642
    },
    "p_l": {
      "c": 85.55721931047637,
      "t": 840.135962657642
    },
    "p_d": {
      "c": 80.17847570886104,
      "t": 840.135962657642
    },
    "e2_d": {
      "c": 81.907107770419,
      "t": 582.4748909152527
    },
    "e2_l": {
      "c": 88.615914809053,
      "t": 582.4748909152527
    },
    "e2_e": {
      "c": 93.5191539686358,
      "t": 582.4748909152527
    },
    "t_a": {
      "c": 0.21896102113612423,
      "t": 0
    },
    "t_g_l": {
      "c": 48.92179211381941,
      "t": 0
    },
    "t_g_r": {
      "c": 64.75753133650879,
      "t": 0
    },
    "t_d": {
      "c": 80.14519998529771,
      "t": 0
    },
    "t_e": {
      "c": 98.57216180716227,
      "t": 0
    }
  },
  "curves": {
    "L_1": {
      "start": "tmA",
      "end": "e1_l",
      "type": "liquidus",
      "power": 0.8
    },
    "L_2": {
      "start": "e1_l",
      "end": "im_t",
      "type": "liquidus",
      "power": 1.2
    },
    "L_3": {
      "start": "im_t",
      "end": "p_l",
      "type": "liquidus",
      "power": 0.9
    },
    "L_4": {
      "start": "p_l",
      "end": "e2_l",
      "type": "liquidus",
      "power": 1.1
    },
    "L_5": {
      "start": "e2_l",
      "end": "tmB",
      "type": "liquidus",
      "power": 0.8
    },
    "S_a": {
      "start": "tmA",
      "end": "e1_a",
      "type": "solidus",
      "power": 1.2
    },
    "S_e": {
      "start": "tmB",
      "end": "e2_e",
      "type": "solidus",
      "power": 1.1
    },
    "sol_a": {
      "start": "e1_a",
      "end": "eu_a",
      "type": "solvus",
      "power": 2.0
    },
    "sol_a_bot": {
      "start": "eu_a",
      "end": "t_a",
      "type": "solvus",
      "power": 1.5
    },
    "sol_e": {
      "start": "e2_e",
      "end": "t_e",
      "type": "solvus",
      "power": 1.8
    },
    "i_e1": {
      "start": "e1_a",
      "end": "e1_b",
      "type": "horizontal"
    },
    "i_eu": {
      "start": "eu_a",
      "end": "eu_g",
      "type": "horizontal"
    },
    "i_p": {
      "start": "p_im",
      "end": "p_l",
      "type": "horizontal"
    },
    "i_e2": {
      "start": "e2_d",
      "end": "e2_e",
      "type": "horizontal"
    },
    "im_vert": {
      "start": "im_t",
      "end": "im_b",
      "type": "vertical"
    }
  },
  "regions": {
    "R_a": {
      "type": "single-phase",
      "phase_name": "\u03b1",
      "label": {
        "text": "\u03b1",
        "c": 4,
        "t": 600
      },
      "bounding_curves": [
        {
          "id": "S_a",
          "dir": 1
        },
        {
          "id": "sol_a",
          "dir": 1
        },
        {
          "id": "sol_a_bot",
          "dir": 1
        },
        {
          "id": "bot_a",
          "dir": -1
        },
        {
          "id": "e_L",
          "dir": 1
        }
      ]
    }
  }
}