{
  "metadata": {
    "id": "final_boss_140",
    "axes": {
      "c_max": 100,
      "t_max": 1200
    }
  },
  "nodes": {
    "tmA": {
      "c": 0,
      "t": 1052
    },
    "tmB": {
      "c": 100,
      "t": 1029
    },
    "e1_a": {
      "c": 17.047509557014028,
      "t": 824.4710874068309
    },
    "e1_l": {
      "c": 27.93584941027978,
      "t": 824.4710874068309
    },
    "e1_b": {
      "c": 39.63863052806479,
      "t": 824.4710874068309
    },
    "eu_b": {
      "c": 37.16186719865413,
      "t": 664.2974763591636
    },
    "eu_a": {
      "c": 8.047276940023838,
      "t": 664.2974763591636
    },
    "eu_g": {
      "c": 43.681411786987915,
      "t": 664.2974763591636
    },
    "im_t": {
      "c": 57.98507620464017,
      "t": 1165.7923371952686
    },
    "im_b": {
      "c": 57.98507620464017,
      "t": 0
    },
    "p_im": {
      "c": 57.98507620464017,
      "t": 907.2766761775893
    },
    "p_l": {
      "c": 84.75525361819177,
      "t": 907.2766761775893
    },
    "p_d": {
      "c": 76.51630464040642,
      "t": 907.2766761775893
    },
    "e2_d": {
      "c": 80.07486934199014,
      "t": 827.797445369782
    },
    "e2_l": {
      "c": 89.14781380354887,
      "t": 827.797445369782
    },
    "e2_e": {
      "c": 93.61731968358883,
      "t": 827.797445369782
    },
    "t_a": {
      "c": 0.8871136836081974,
      "t": 0
    },
    "t_g_l": {
      "c": 42.18881881203324,
      "t": 0
    },
    "t_g_r": {
      "c": 48.43053598522095,
      "t": 0
    },
    "t_d": {
      "c": 79.03449418737654,
      "t": 0
    },
    "t_e": {
      "c": 98.64748522113729,
      "t": 0
    }
  },
  "curves": {
    "L_1": {
      "start": "tmA",
      "end": "e1_l",
      "type": "liquidus",
      "power": 0.8
    },
    "L_2": {
      "start": "e1_l",
      "end": "im_t",
      "type": "liquidus",
      "power": 1.2
    },
    "L_3": {
      "start": "im_t",
      "end": "p_l",
      "type": "liquidus",
      "power": 0.9
    },
    "L_4": {
      "start": "p_l",
      "end": "e2_l",
      "type": "liquidus",
      "power": 1.1
    },
    "L_5": {
      "start": "e2_l",
      "end": "tmB",
      "type": "liquidus",
      "power": 0.8
    },
    "S_a": {
      "start": "tmA",
      "end": "e1_a",
      "type": "solidus",
      "power": 1.2
    },
    "S_e": {
      "start": "tmB",
      "end": "e2_e",
      "type": "solidus",
      "power": 1.1
    },
    "sol_a": {
      "start": "e1_a",
      "end": "eu_a",
      "type": "solvus",
      "power": 2.0
    },
    "sol_a_bot": {
      "start": "eu_a",
      "end": "t_a",
      "type": "solvus",
      "power": 1.5
    },
    "sol_e": {
      "start": "e2_e",
      "end": "t_e",
      "type": "solvus",
      "power": 1.8
    },
    "i_e1": {
      "start": "e1_a",
      "end": "e1_b",
      "type": "horizontal"
    },
    "i_eu": {
      "start": "eu_a",
      "end": "eu_g",
      "type": "horizontal"
    },
    "i_p": {
      "start": "p_im",
      "end": "p_l",
      "type": "horizontal"
    },
    "i_e2": {
      "start": "e2_d",
      "end": "e2_e",
      "type": "horizontal"
    },
    "im_vert": {
      "start": "im_t",
      "end": "im_b",
      "type": "vertical"
    }
  },
  "regions": {
    "R_a": {
      "type": "single-phase",
      "phase_name": "\u03b1",
      "label": {
        "text": "\u03b1",
        "c": 4,
        "t": 600
      },
      "bounding_curves": [
        {
          "id": "S_a",
          "dir": 1
        },
        {
          "id": "sol_a",
          "dir": 1
        },
        {
          "id": "sol_a_bot",
          "dir": 1
        },
        {
          "id": "bot_a",
          "dir": -1
        },
        {
          "id": "e_L",
          "dir": 1
        }
      ]
    }
  }
}