{
  "metadata": {
    "id": "final_boss_347",
    "axes": {
      "c_max": 100,
      "t_max": 1200
    }
  },
  "nodes": {
    "tmA": {
      "c": 0,
      "t": 1110
    },
    "tmB": {
      "c": 100,
      "t": 1070
    },
    "e1_a": {
      "c": 14.021215817160336,
      "t": 845.4624610321048
    },
    "e1_l": {
      "c": 29.04880835793692,
      "t": 845.4624610321048
    },
    "e1_b": {
      "c": 41.636905246350764,
      "t": 845.4624610321048
    },
    "eu_b": {
      "c": 31.165377252709067,
      "t": 544.2888402485393
    },
    "eu_a": {
      "c": 11.411996043718815,
      "t": 544.2888402485393
    },
    "eu_g": {
      "c": 38.125642810719036,
      "t": 544.2888402485393
    },
    "im_t": {
      "c": 49.42342999058875,
      "t": 1082.1966273146659
    },
    "im_b": {
      "c": 49.42342999058875,
      "t": 0
    },
    "p_im": {
      "c": 49.42342999058875,
      "t": 909.952680966901
    },
    "p_l": {
      "c": 71.24485302483201,
      "t": 909.952680966901
    },
    "p_d": {
      "c": 59.13143925251215,
      "t": 909.952680966901
    },
    "e2_d": {
      "c": 65.94481616242754,
      "t": 412.12741776149767
    },
    "e2_l": {
      "c": 72.36220360057293,
      "t": 412.12741776149767
    },
    "e2_e": {
      "c": 85.84283688268873,
      "t": 412.12741776149767
    },
    "t_a": {
      "c": 5.82908027133244,
      "t": 0
    },
    "t_g_l": {
      "c": 35.224582804343875,
      "t": 0
    },
    "t_g_r": {
      "c": 45.93626216404161,
      "t": 0
    },
    "t_d": {
      "c": 64.51821172852635,
      "t": 0
    },
    "t_e": {
      "c": 98.95047089109244,
      "t": 0
    }
  },
  "curves": {
    "L_1": {
      "start": "tmA",
      "end": "e1_l",
      "type": "liquidus",
      "power": 0.8
    },
    "L_2": {
      "start": "e1_l",
      "end": "im_t",
      "type": "liquidus",
      "power": 1.2
    },
    "L_3": {
      "start": "im_t",
      "end": "p_l",
      "type": "liquidus",
      "power": 0.9
    },
    "L_4": {
      "start": "p_l",
      "end": "e2_l",
      "type": "liquidus",
      "power": 1.1
    },
    "L_5": {
      "start": "e2_l",
      "end": "tmB",
      "type": "liquidus",
      "power": 0.8
    },
    "S_a": {
      "start": "tmA",
      "end": "e1_a",
      "type": "solidus",
      "power": 1.2
    },
    "S_e": {
      "start": "tmB",
      "end": "e2_e",
      "type": "solidus",
      "power": 1.1
    },
    "sol_a": {
      "start": "e1_a",
      "end": "eu_a",
      "type": "solvus",
      "power": 2.0
    },
    "sol_a_bot": {
      "start": "eu_a",
      "end": "t_a",
      "type": "solvus",
      "power": 1.5
    },
    "sol_e": {
      "start": "e2_e",
      "end": "t_e",
      "type": "solvus",
      "power": 1.8
    },
    "i_e1": {
      "start": "e1_a",
      "end": "e1_b",
      "type": "horizontal"
    },
    "i_eu": {
      "start": "eu_a",
      "end": "eu_g",
      "type": "horizontal"
    },
    "i_p": {
      "start": "p_im",
      "end": "p_l",
      "type": "horizontal"
    },
    "i_e2": {
      "start": "e2_d",
      "end": "e2_e",
      "type": "horizontal"
    },
    "im_vert": {
      "start": "im_t",
      "end": "im_b",
      "type": "vertical"
    }
  },
  "regions": {
    "R_a": {
      "type": "single-phase",
      "phase_name": "\u03b1",
      "label": {
        "text": "\u03b1",
        "c": 4,
        "t": 600
      },
      "bounding_curves": [
        {
          "id": "S_a",
          "dir": 1
        },
        {
          "id": "sol_a",
          "dir": 1
        },
        {
          "id": "sol_a_bot",
          "dir": 1
        },
        {
          "id": "bot_a",
          "dir": -1
        },
        {
          "id": "e_L",
          "dir": 1
        }
      ]
    }
  }
}