{
  "metadata": {
    "id": "final_boss_141",
    "axes": {
      "c_max": 100,
      "t_max": 1200
    }
  },
  "nodes": {
    "top_L": {
      "c": 0,
      "t": 1200,
      "bounds": {
        "lock_t": true,
        "lock_c": true
      }
    },
    "top_R": {
      "c": 100,
      "t": 1200,
      "bounds": {
        "lock_t": true,
        "lock_c": true
      }
    },
    "bot_L": {
      "c": 0,
      "t": 0,
      "bounds": {
        "lock_t": true,
        "lock_c": true
      }
    },
    "bot_R": {
      "c": 100,
      "t": 0,
      "bounds": {
        "lock_t": true,
        "lock_c": true
      }
    },
    "tmA": {
      "c": 0,
      "t": 1056.6416878406603,
      "bounds": {
        "lock_c": true,
        "t_min": 1000,
        "t_max": 1200
      }
    },
    "tmB": {
      "c": 100,
      "t": 1051.4846646149956,
      "bounds": {
        "lock_c": true,
        "t_min": 1000,
        "t_max": 1200
      }
    },
    "p_im": {
      "c": 65.0,
      "t": 929.0924167502541,
      "bounds": {
        "lock_c": true,
        "lock_t": true
      }
    },
    "p_d": {
      "c": 75.38675712521224,
      "t": 929.0924167502541,
      "bounds": {
        "lock_t": true,
        "c_min": 68,
        "c_max": 80
      }
    },
    "p_l": {
      "c": 86.5457010125664,
      "t": 929.0924167502541,
      "bounds": {
        "lock_t": true,
        "c_min": 81,
        "c_max": 89
      }
    },
    "e1_a": {
      "c": 12.442560069830133,
      "t": 817.6867160255247,
      "bounds": {
        "lock_t": true,
        "c_min": 5,
        "c_max": 18
      }
    },
    "e1_l": {
      "c": 26.504807131329287,
      "t": 817.6867160255247,
      "bounds": {
        "lock_t": true,
        "c_min": 20,
        "c_max": 30
      }
    },
    "e1_b": {
      "c": 37.045274985387074,
      "t": 817.6867160255247,
      "bounds": {
        "lock_t": true,
        "c_min": 32,
        "c_max": 48
      }
    },
    "im_e1": {
      "c": 65.0,
      "t": 817.6867160255247,
      "bounds": {
        "lock_c": true,
        "lock_t": true
      }
    },
    "e2_d": {
      "c": 83.03736127184747,
      "t": 727.9455201934193,
      "bounds": {
        "lock_t": true,
        "c_min": 75,
        "c_max": 81
      }
    },
    "e2_l": {
      "c": 86.18628075531625,
      "t": 727.9455201934193,
      "bounds": {
        "lock_t": true,
        "c_min": 82,
        "c_max": 91
      }
    },
    "e2_e": {
      "c": 92.55512742367786,
      "t": 727.9455201934193,
      "bounds": {
        "lock_t": true,
        "c_min": 92,
        "c_max": 98
      }
    },
    "eu_a": {
      "c": 8.996259823958141,
      "t": 579.3986282662183,
      "bounds": {
        "lock_t": true,
        "c_min": 2,
        "c_max": 10
      }
    },
    "eu_b": {
      "c": 34.28545419872463,
      "t": 579.3986282662183,
      "bounds": {
        "lock_t": true,
        "c_min": 25,
        "c_max": 35
      }
    },
    "eu_g": {
      "c": 50.76632775025376,
      "t": 579.3986282662183,
      "bounds": {
        "lock_t": true,
        "c_min": 45,
        "c_max": 58
      }
    },
    "im_eu": {
      "c": 65.0,
      "t": 579.3986282662183,
      "bounds": {
        "lock_c": true,
        "lock_t": true
      }
    },
    "im_t": {
      "c": 65.0,
      "t": 1179.8036465040152,
      "bounds": {
        "lock_c": true,
        "t_min": 1000,
        "t_max": 1200
      }
    },
    "im_b": {
      "c": 65.0,
      "t": 0,
      "bounds": {
        "lock_c": true,
        "lock_t": true
      }
    },
    "t_a": {
      "c": 6.110781683845465,
      "t": 0,
      "bounds": {
        "lock_t": true,
        "c_min": 0,
        "c_max": 5
      }
    },
    "t_g_l": {
      "c": 49.22021942265347,
      "t": 0,
      "bounds": {
        "lock_t": true,
        "c_min": 40,
        "c_max": 50
      }
    },
    "t_g_r": {
      "c": 58.13294289931147,
      "t": 0,
      "bounds": {
        "lock_t": true,
        "c_min": 51,
        "c_max": 64
      }
    },
    "t_d": {
      "c": 79.7424012769969,
      "t": 0,
      "bounds": {
        "lock_t": true,
        "c_min": 66,
        "c_max": 75
      }
    },
    "t_e": {
      "c": 95.97822105602789,
      "t": 0,
      "bounds": {
        "lock_t": true,
        "c_min": 94,
        "c_max": 100
      }
    }
  },
  "curves": {
    "L_1": {
      "start": "tmA",
      "end": "e1_l",
      "type": "liquidus"
    },
    "L_2": {
      "start": "e1_l",
      "end": "im_t",
      "type": "liquidus"
    },
    "L_3": {
      "start": "im_t",
      "end": "p_l",
      "type": "liquidus"
    },
    "L_4": {
      "start": "p_l",
      "end": "e2_l",
      "type": "liquidus"
    },
    "L_5": {
      "start": "e2_l",
      "end": "tmB",
      "type": "liquidus"
    },
    "S_a": {
      "start": "tmA",
      "end": "e1_a",
      "type": "solidus"
    },
    "S_b": {
      "start": "e1_b",
      "end": "im_t",
      "type": "solidus"
    },
    "S_e": {
      "start": "tmB",
      "end": "e2_e",
      "type": "solidus"
    },
    "H_E1_L": {
      "start": "e1_a",
      "end": "e1_l",
      "type": "horizontal"
    },
    "H_E1_R": {
      "start": "e1_l",
      "end": "e1_b",
      "type": "horizontal"
    },
    "H_E1_IM": {
      "start": "e1_b",
      "end": "im_e1",
      "type": "horizontal"
    },
    "H_EU_L": {
      "start": "eu_a",
      "end": "eu_b",
      "type": "horizontal"
    },
    "H_EU_R": {
      "start": "eu_b",
      "end": "eu_g",
      "type": "horizontal"
    },
    "H_EU_IM": {
      "start": "eu_g",
      "end": "im_eu",
      "type": "horizontal"
    },
    "H_P_L": {
      "start": "p_im",
      "end": "p_d",
      "type": "horizontal"
    },
    "H_P_R": {
      "start": "p_d",
      "end": "p_l",
      "type": "horizontal"
    },
    "H_E2_L": {
      "start": "e2_d",
      "end": "e2_l",
      "type": "horizontal"
    },
    "H_E2_R": {
      "start": "e2_l",
      "end": "e2_e",
      "type": "horizontal"
    },
    "sol_a_up": {
      "start": "e1_a",
      "end": "eu_a",
      "type": "solvus"
    },
    "sol_a_bot": {
      "start": "eu_a",
      "end": "t_a",
      "type": "solvus"
    },
    "sol_b_R": {
      "start": "e1_b",
      "end": "eu_b",
      "type": "solvus"
    },
    "sol_g_L": {
      "start": "eu_g",
      "end": "t_g_l",
      "type": "solvus"
    },
    "sol_g_R": {
      "start": "eu_g",
      "end": "t_g_r",
      "type": "solvus"
    },
    "sol_d_up": {
      "start": "p_d",
      "end": "e2_d",
      "type": "solvus"
    },
    "sol_d_bot": {
      "start": "e2_d",
      "end": "t_d",
      "type": "solvus"
    },
    "sol_e": {
      "start": "e2_e",
      "end": "t_e",
      "type": "solvus"
    },
    "IM_vert_1": {
      "start": "im_t",
      "end": "p_im",
      "type": "vertical"
    },
    "IM_vert_2": {
      "start": "p_im",
      "end": "im_e1",
      "type": "vertical"
    },
    "IM_vert_3": {
      "start": "im_e1",
      "end": "im_eu",
      "type": "vertical"
    },
    "IM_vert_4": {
      "start": "im_eu",
      "end": "im_b",
      "type": "vertical"
    },
    "edge_L_top": {
      "start": "top_L",
      "end": "tmA",
      "type": "edge"
    },
    "edge_L_bot": {
      "start": "tmA",
      "end": "bot_L",
      "type": "edge"
    },
    "edge_R_top": {
      "start": "top_R",
      "end": "tmB",
      "type": "edge"
    },
    "edge_R_bot": {
      "start": "tmB",
      "end": "bot_R",
      "type": "edge"
    },
    "edge_top": {
      "start": "top_L",
      "end": "top_R",
      "type": "edge"
    },
    "b_0_a": {
      "start": "bot_L",
      "end": "t_a",
      "type": "edge"
    },
    "b_a_g": {
      "start": "t_a",
      "end": "t_g_l",
      "type": "edge"
    },
    "b_g": {
      "start": "t_g_l",
      "end": "t_g_r",
      "type": "edge"
    },
    "b_g_im": {
      "start": "t_g_r",
      "end": "im_b",
      "type": "edge"
    },
    "b_im_d": {
      "start": "im_b",
      "end": "t_d",
      "type": "edge"
    },