{
  "metadata": {
    "id": "final_boss_377",
    "axes": {
      "c_max": 100,
      "t_max": 1200
    }
  },
  "nodes": {
    "tmA": {
      "c": 0,
      "t": 1064
    },
    "tmB": {
      "c": 100,
      "t": 1062
    },
    "e1_a": {
      "c": 9.27219433801423,
      "t": 884.7521587247984
    },
    "e1_l": {
      "c": 27.0757277581339,
      "t": 884.7521587247984
    },
    "e1_b": {
      "c": 41.68503261428073,
      "t": 884.7521587247984
    },
    "eu_b": {
      "c": 31.075715305870563,
      "t": 586.7577888922679
    },
    "eu_a": {
      "c": 4.983533599957571,
      "t": 586.7577888922679
    },
    "eu_g": {
      "c": 43.94772908687753,
      "t": 586.7577888922679
    },
    "im_t": {
      "c": 60.60309621302885,
      "t": 967.0570070551613
    },
    "im_b": {
      "c": 60.60309621302885,
      "t": 0
    },
    "p_im": {
      "c": 60.60309621302885,
      "t": 773.2236318222298
    },
    "p_l": {
      "c": 73.23053950954869,
      "t": 773.2236318222298
    },
    "p_d": {
      "c": 68.5597362517592,
      "t": 773.2236318222298
    },
    "e2_d": {
      "c": 69.34912854369539,
      "t": 401.2463262451943
    },
    "e2_l": {
      "c": 77.08930535369588,
      "t": 401.2463262451943
    },
    "e2_e": {
      "c": 84.24428757780257,
      "t": 401.2463262451943
    },
    "t_a": {
      "c": 0.9385619655025094,
      "t": 0
    },
    "t_g_l": {
      "c": 41.15104828112698,
      "t": 0
    },
    "t_g_r": {
      "c": 57.87726279050452,
      "t": 0
    },
    "t_d": {
      "c": 65.57546768033127,
      "t": 0
    },
    "t_e": {
      "c": 92.50586350042501,
      "t": 0
    }
  },
  "curves": {
    "L_1": {
      "start": "tmA",
      "end": "e1_l",
      "type": "liquidus",
      "power": 0.8
    },
    "L_2": {
      "start": "e1_l",
      "end": "im_t",
      "type": "liquidus",
      "power": 1.2
    },
    "L_3": {
      "start": "im_t",
      "end": "p_l",
      "type": "liquidus",
      "power": 0.9
    },
    "L_4": {
      "start": "p_l",
      "end": "e2_l",
      "type": "liquidus",
      "power": 1.1
    },
    "L_5": {
      "start": "e2_l",
      "end": "tmB",
      "type": "liquidus",
      "power": 0.8
    },
    "S_a": {
      "start": "tmA",
      "end": "e1_a",
      "type": "solidus",
      "power": 1.2
    },
    "S_e": {
      "start": "tmB",
      "end": "e2_e",
      "type": "solidus",
      "power": 1.1
    },
    "sol_a": {
      "start": "e1_a",
      "end": "eu_a",
      "type": "solvus",
      "power": 2.0
    },
    "sol_a_bot": {
      "start": "eu_a",
      "end": "t_a",
      "type": "solvus",
      "power": 1.5
    },
    "sol_e": {
      "start": "e2_e",
      "end": "t_e",
      "type": "solvus",
      "power": 1.8
    },
    "i_e1": {
      "start": "e1_a",
      "end": "e1_b",
      "type": "horizontal"
    },
    "i_eu": {
      "start": "eu_a",
      "end": "eu_g",
      "type": "horizontal"
    },
    "i_p": {
      "start": "p_im",
      "end": "p_l",
      "type": "horizontal"
    },
    "i_e2": {
      "start": "e2_d",
      "end": "e2_e",
      "type": "horizontal"
    },
    "im_vert": {
      "start": "im_t",
      "end": "im_b",
      "type": "vertical"
    }
  },
  "regions": {
    "R_a": {
      "type": "single-phase",
      "phase_name": "\u03b1",
      "label": {
        "text": "\u03b1",
        "c": 4,
        "t": 600
      },
      "bounding_curves": [
        {
          "id": "S_a",
          "dir": 1
        },
        {
          "id": "sol_a",
          "dir": 1
        },
        {
          "id": "sol_a_bot",
          "dir": 1
        },
        {
          "id": "bot_a",
          "dir": -1
        },
        {
          "id": "e_L",
          "dir": 1
        }
      ]
    }
  }
}