{
  "metadata": {
    "id": "final_boss_332",
    "axes": {
      "c_max": 100,
      "t_max": 1200
    }
  },
  "nodes": {
    "tmA": {
      "c": 0,
      "t": 1065
    },
    "tmB": {
      "c": 100,
      "t": 1137
    },
    "e1_a": {
      "c": 10.951391417845782,
      "t": 825.5831081331239
    },
    "e1_l": {
      "c": 30.292866743443767,
      "t": 825.5831081331239
    },
    "e1_b": {
      "c": 38.64962418793437,
      "t": 825.5831081331239
    },
    "eu_b": {
      "c": 34.58172374677505,
      "t": 532.7409719128943
    },
    "eu_a": {
      "c": 6.216294112731992,
      "t": 532.7409719128943
    },
    "eu_g": {
      "c": 49.10935031087181,
      "t": 532.7409719128943
    },
    "im_t": {
      "c": 67.12786148556891,
      "t": 982.9847982993807
    },
    "im_b": {
      "c": 67.12786148556891,
      "t": 0
    },
    "p_im": {
      "c": 67.12786148556891,
      "t": 858.4323356036562
    },
    "p_l": {
      "c": 78.8294140212988,
      "t": 858.4323356036562
    },
    "p_d": {
      "c": 75.20472552925996,
      "t": 858.4323356036562
    },
    "e2_d": {
      "c": 76.94517793601395,
      "t": 723.409328816497
    },
    "e2_l": {
      "c": 82.06610766632522,
      "t": 723.409328816497
    },
    "e2_e": {
      "c": 91.73125558181461,
      "t": 723.409328816497
    },
    "t_a": {
      "c": 1.8688956500412366,
      "t": 0
    },
    "t_g_l": {
      "c": 46.67049461628745,
      "t": 0
    },
    "t_g_r": {
      "c": 51.92047121845424,
      "t": 0
    },
    "t_d": {
      "c": 75.15273445977687,
      "t": 0
    },
    "t_e": {
      "c": 95.65088485511573,
      "t": 0
    }
  },
  "curves": {
    "L_1": {
      "start": "tmA",
      "end": "e1_l",
      "type": "liquidus",
      "power": 0.8
    },
    "L_2": {
      "start": "e1_l",
      "end": "im_t",
      "type": "liquidus",
      "power": 1.2
    },
    "L_3": {
      "start": "im_t",
      "end": "p_l",
      "type": "liquidus",
      "power": 0.9
    },
    "L_4": {
      "start": "p_l",
      "end": "e2_l",
      "type": "liquidus",
      "power": 1.1
    },
    "L_5": {
      "start": "e2_l",
      "end": "tmB",
      "type": "liquidus",
      "power": 0.8
    },
    "S_a": {
      "start": "tmA",
      "end": "e1_a",
      "type": "solidus",
      "power": 1.2
    },
    "S_e": {
      "start": "tmB",
      "end": "e2_e",
      "type": "solidus",
      "power": 1.1
    },
    "sol_a": {
      "start": "e1_a",
      "end": "eu_a",
      "type": "solvus",
      "power": 2.0
    },
    "sol_a_bot": {
      "start": "eu_a",
      "end": "t_a",
      "type": "solvus",
      "power": 1.5
    },
    "sol_e": {
      "start": "e2_e",
      "end": "t_e",
      "type": "solvus",
      "power": 1.8
    },
    "i_e1": {
      "start": "e1_a",
      "end": "e1_b",
      "type": "horizontal"
    },
    "i_eu": {
      "start": "eu_a",
      "end": "eu_g",
      "type": "horizontal"
    },
    "i_p": {
      "start": "p_im",
      "end": "p_l",
      "type": "horizontal"
    },
    "i_e2": {
      "start": "e2_d",
      "end": "e2_e",
      "type": "horizontal"
    },
    "im_vert": {
      "start": "im_t",
      "end": "im_b",
      "type": "vertical"
    }
  },
  "regions": {
    "R_a": {
      "type": "single-phase",
      "phase_name": "\u03b1",
      "label": {
        "text": "\u03b1",
        "c": 4,
        "t": 600
      },
      "bounding_curves": [
        {
          "id": "S_a",
          "dir": 1
        },
        {
          "id": "sol_a",
          "dir": 1
        },
        {
          "id": "sol_a_bot",
          "dir": 1
        },
        {
          "id": "bot_a",
          "dir": -1
        },
        {
          "id": "e_L",
          "dir": 1
        }
      ]
    }
  }
}