{
  "metadata": {
    "id": "final_boss_329",
    "axes": {
      "c_max": 100,
      "t_max": 1200
    }
  },
  "nodes": {
    "tmA": {
      "c": 0,
      "t": 1082
    },
    "tmB": {
      "c": 100,
      "t": 1130
    },
    "e1_a": {
      "c": 12.965005778878126,
      "t": 863.7900347133011
    },
    "e1_l": {
      "c": 29.431705953346306,
      "t": 863.7900347133011
    },
    "e1_b": {
      "c": 39.87217197526271,
      "t": 863.7900347133011
    },
    "eu_b": {
      "c": 34.70606972410604,
      "t": 582.2152724017892
    },
    "eu_a": {
      "c": 10.654775064757246,
      "t": 582.2152724017892
    },
    "eu_g": {
      "c": 42.93827670880788,
      "t": 582.2152724017892
    },
    "im_t": {
      "c": 63.761085256289064,
      "t": 1101.065391178735
    },
    "im_b": {
      "c": 63.761085256289064,
      "t": 0
    },
    "p_im": {
      "c": 63.761085256289064,
      "t": 784.8694325980254
    },
    "p_l": {
      "c": 82.58844069967635,
      "t": 784.8694325980254
    },
    "p_d": {
      "c": 73.99015943343153,
      "t": 784.8694325980254
    },
    "e2_d": {
      "c": 77.99319466844402,
      "t": 479.9213111283635
    },
    "e2_l": {
      "c": 84.18968250941423,
      "t": 479.9213111283635
    },
    "e2_e": {
      "c": 94.02247673935143,
      "t": 479.9213111283635
    },
    "t_a": {
      "c": 6.402332161126278,
      "t": 0
    },
    "t_g_l": {
      "c": 41.36126681942555,
      "t": 0
    },
    "t_g_r": {
      "c": 46.49604768212028,
      "t": 0
    },
    "t_d": {
      "c": 75.96215526557044,
      "t": 0
    },
    "t_e": {
      "c": 96.81554012599891,
      "t": 0
    }
  },
  "curves": {
    "L_1": {
      "start": "tmA",
      "end": "e1_l",
      "type": "liquidus",
      "power": 0.8
    },
    "L_2": {
      "start": "e1_l",
      "end": "im_t",
      "type": "liquidus",
      "power": 1.2
    },
    "L_3": {
      "start": "im_t",
      "end": "p_l",
      "type": "liquidus",
      "power": 0.9
    },
    "L_4": {
      "start": "p_l",
      "end": "e2_l",
      "type": "liquidus",
      "power": 1.1
    },
    "L_5": {
      "start": "e2_l",
      "end": "tmB",
      "type": "liquidus",
      "power": 0.8
    },
    "S_a": {
      "start": "tmA",
      "end": "e1_a",
      "type": "solidus",
      "power": 1.2
    },
    "S_e": {
      "start": "tmB",
      "end": "e2_e",
      "type": "solidus",
      "power": 1.1
    },
    "sol_a": {
      "start": "e1_a",
      "end": "eu_a",
      "type": "solvus",
      "power": 2.0
    },
    "sol_a_bot": {
      "start": "eu_a",
      "end": "t_a",
      "type": "solvus",
      "power": 1.5
    },
    "sol_e": {
      "start": "e2_e",
      "end": "t_e",
      "type": "solvus",
      "power": 1.8
    },
    "i_e1": {
      "start": "e1_a",
      "end": "e1_b",
      "type": "horizontal"
    },
    "i_eu": {
      "start": "eu_a",
      "end": "eu_g",
      "type": "horizontal"
    },
    "i_p": {
      "start": "p_im",
      "end": "p_l",
      "type": "horizontal"
    },
    "i_e2": {
      "start": "e2_d",
      "end": "e2_e",
      "type": "horizontal"
    },
    "im_vert": {
      "start": "im_t",
      "end": "im_b",
      "type": "vertical"
    }
  },
  "regions": {
    "R_a": {
      "type": "single-phase",
      "phase_name": "\u03b1",
      "label": {
        "text": "\u03b1",
        "c": 4,
        "t": 600
      },
      "bounding_curves": [
        {
          "id": "S_a",
          "dir": 1
        },
        {
          "id": "sol_a",
          "dir": 1
        },
        {
          "id": "sol_a_bot",
          "dir": 1
        },
        {
          "id": "bot_a",
          "dir": -1
        },
        {
          "id": "e_L",
          "dir": 1
        }
      ]
    }
  }
}