{
  "metadata": {
    "id": "final_boss_107",
    "axes": {
      "c_max": 100,
      "t_max": 1200
    }
  },
  "nodes": {
    "tmA": {
      "c": 0,
      "t": 1087
    },
    "tmB": {
      "c": 100,
      "t": 1003
    },
    "e1_a": {
      "c": 11.144078840938409,
      "t": 888.3659158594456
    },
    "e1_l": {
      "c": 29.603108328132024,
      "t": 888.3659158594456
    },
    "e1_b": {
      "c": 41.01827580328658,
      "t": 888.3659158594456
    },
    "eu_b": {
      "c": 35.65576943634354,
      "t": 674.4523453682746
    },
    "eu_a": {
      "c": 4.093876716936662,
      "t": 674.4523453682746
    },
    "eu_g": {
      "c": 42.301363242677226,
      "t": 674.4523453682746
    },
    "im_t": {
      "c": 70.87835965911275,
      "t": 1030.802905718937
    },
    "im_b": {
      "c": 70.87835965911275,
      "t": 0
    },
    "p_im": {
      "c": 70.87835965911275,
      "t": 887.0877513517315
    },
    "p_l": {
      "c": 84.05945004384083,
      "t": 887.0877513517315
    },
    "p_d": {
      "c": 74.12693061326593,
      "t": 887.0877513517315
    },
    "e2_d": {
      "c": 77.14276673990771,
      "t": 754.2538994037454
    },
    "e2_l": {
      "c": 87.76969965414312,
      "t": 754.2538994037454
    },
    "e2_e": {
      "c": 93.97872770716683,
      "t": 754.2538994037454
    },
    "t_a": {
      "c": 1.8309660912299077,
      "t": 0
    },
    "t_g_l": {
      "c": 40.418940432424066,
      "t": 0
    },
    "t_g_r": {
      "c": 56.69762493442628,
      "t": 0
    },
    "t_d": {
      "c": 76.21912044829399,
      "t": 0
    },
    "t_e": {
      "c": 98.09991337304572,
      "t": 0
    }
  },
  "curves": {
    "L_1": {
      "start": "tmA",
      "end": "e1_l",
      "type": "liquidus",
      "power": 0.8
    },
    "L_2": {
      "start": "e1_l",
      "end": "im_t",
      "type": "liquidus",
      "power": 1.2
    },
    "L_3": {
      "start": "im_t",
      "end": "p_l",
      "type": "liquidus",
      "power": 0.9
    },
    "L_4": {
      "start": "p_l",
      "end": "e2_l",
      "type": "liquidus",
      "power": 1.1
    },
    "L_5": {
      "start": "e2_l",
      "end": "tmB",
      "type": "liquidus",
      "power": 0.8
    },
    "S_a": {
      "start": "tmA",
      "end": "e1_a",
      "type": "solidus",
      "power": 1.2
    },
    "S_e": {
      "start": "tmB",
      "end": "e2_e",
      "type": "solidus",
      "power": 1.1
    },
    "sol_a": {
      "start": "e1_a",
      "end": "eu_a",
      "type": "solvus",
      "power": 2.0
    },
    "sol_a_bot": {
      "start": "eu_a",
      "end": "t_a",
      "type": "solvus",
      "power": 1.5
    },
    "sol_e": {
      "start": "e2_e",
      "end": "t_e",
      "type": "solvus",
      "power": 1.8
    },
    "i_e1": {
      "start": "e1_a",
      "end": "e1_b",
      "type": "horizontal"
    },
    "i_eu": {
      "start": "eu_a",
      "end": "eu_g",
      "type": "horizontal"
    },
    "i_p": {
      "start": "p_im",
      "end": "p_l",
      "type": "horizontal"
    },
    "i_e2": {
      "start": "e2_d",
      "end": "e2_e",
      "type": "horizontal"
    },
    "im_vert": {
      "start": "im_t",
      "end": "im_b",
      "type": "vertical"
    }
  },
  "regions": {
    "R_a": {
      "type": "single-phase",
      "phase_name": "\u03b1",
      "label": {
        "text": "\u03b1",
        "c": 4,
        "t": 600
      },
      "bounding_curves": [
        {
          "id": "S_a",
          "dir": 1
        },
        {
          "id": "sol_a",
          "dir": 1
        },
        {
          "id": "sol_a_bot",
          "dir": 1
        },
        {
          "id": "bot_a",
          "dir": -1
        },
        {
          "id": "e_L",
          "dir": 1
        }
      ]
    }
  }
}