{
  "metadata": {
    "id": "final_boss_250",
    "axes": {
      "c_max": 100,
      "t_max": 1200
    }
  },
  "nodes": {
    "tmA": {
      "c": 0,
      "t": 1125
    },
    "tmB": {
      "c": 100,
      "t": 1007
    },
    "e1_a": {
      "c": 17.763644101353727,
      "t": 932.3847558115347
    },
    "e1_l": {
      "c": 33.43778576823153,
      "t": 932.3847558115347
    },
    "e1_b": {
      "c": 46.13371293575487,
      "t": 932.3847558115347
    },
    "eu_b": {
      "c": 40.65532892301096,
      "t": 622.6767159115731
    },
    "eu_a": {
      "c": 5.844087025586181,
      "t": 622.6767159115731
    },
    "eu_g": {
      "c": 52.00315323827123,
      "t": 622.6767159115731
    },
    "im_t": {
      "c": 66.82244831466929,
      "t": 1004.7096246188448
    },
    "im_b": {
      "c": 66.82244831466929,
      "t": 0
    },
    "p_im": {
      "c": 66.82244831466929,
      "t": 824.6573544379327
    },
    "p_l": {
      "c": 83.38933063109906,
      "t": 824.6573544379327
    },
    "p_d": {
      "c": 79.54866984084273,
      "t": 824.6573544379327
    },
    "e2_d": {
      "c": 80.38162832488278,
      "t": 701.8806469873746
    },
    "e2_l": {
      "c": 87.89981519242815,
      "t": 701.8806469873746
    },
    "e2_e": {
      "c": 94.3830655625274,
      "t": 701.8806469873746
    },
    "t_a": {
      "c": 3.608725243704482,
      "t": 0
    },
    "t_g_l": {
      "c": 51.04657131006435,
      "t": 0
    },
    "t_g_r": {
      "c": 55.16792435840279,
      "t": 0
    },
    "t_d": {
      "c": 77.35941162623017,
      "t": 0
    },
    "t_e": {
      "c": 98.9060308280726,
      "t": 0
    }
  },
  "curves": {
    "L_1": {
      "start": "tmA",
      "end": "e1_l",
      "type": "liquidus",
      "power": 0.8
    },
    "L_2": {
      "start": "e1_l",
      "end": "im_t",
      "type": "liquidus",
      "power": 1.2
    },
    "L_3": {
      "start": "im_t",
      "end": "p_l",
      "type": "liquidus",
      "power": 0.9
    },
    "L_4": {
      "start": "p_l",
      "end": "e2_l",
      "type": "liquidus",
      "power": 1.1
    },
    "L_5": {
      "start": "e2_l",
      "end": "tmB",
      "type": "liquidus",
      "power": 0.8
    },
    "S_a": {
      "start": "tmA",
      "end": "e1_a",
      "type": "solidus",
      "power": 1.2
    },
    "S_e": {
      "start": "tmB",
      "end": "e2_e",
      "type": "solidus",
      "power": 1.1
    },
    "sol_a": {
      "start": "e1_a",
      "end": "eu_a",
      "type": "solvus",
      "power": 2.0
    },
    "sol_a_bot": {
      "start": "eu_a",
      "end": "t_a",
      "type": "solvus",
      "power": 1.5
    },
    "sol_e": {
      "start": "e2_e",
      "end": "t_e",
      "type": "solvus",
      "power": 1.8
    },
    "i_e1": {
      "start": "e1_a",
      "end": "e1_b",
      "type": "horizontal"
    },
    "i_eu": {
      "start": "eu_a",
      "end": "eu_g",
      "type": "horizontal"
    },
    "i_p": {
      "start": "p_im",
      "end": "p_l",
      "type": "horizontal"
    },
    "i_e2": {
      "start": "e2_d",
      "end": "e2_e",
      "type": "horizontal"
    },
    "im_vert": {
      "start": "im_t",
      "end": "im_b",
      "type": "vertical"
    }
  },
  "regions": {
    "R_a": {
      "type": "single-phase",
      "phase_name": "\u03b1",
      "label": {
        "text": "\u03b1",
        "c": 4,
        "t": 600
      },
      "bounding_curves": [
        {
          "id": "S_a",
          "dir": 1
        },
        {
          "id": "sol_a",
          "dir": 1
        },
        {
          "id": "sol_a_bot",
          "dir": 1
        },
        {
          "id": "bot_a",
          "dir": -1
        },
        {
          "id": "e_L",
          "dir": 1
        }
      ]
    }
  }
}