{
  "metadata": {
    "id": "final_boss_96",
    "axes": {
      "c_max": 100,
      "t_max": 1200
    }
  },
  "nodes": {
    "tmA": {
      "c": 0,
      "t": 1050
    },
    "tmB": {
      "c": 100,
      "t": 1022
    },
    "e1_a": {
      "c": 12.74070589275867,
      "t": 823.2668170365056
    },
    "e1_l": {
      "c": 25.183563404601895,
      "t": 823.2668170365056
    },
    "e1_b": {
      "c": 35.42852964659227,
      "t": 823.2668170365056
    },
    "eu_b": {
      "c": 30.259333340672082,
      "t": 683.9947477283947
    },
    "eu_a": {
      "c": 7.0341265427883,
      "t": 683.9947477283947
    },
    "eu_g": {
      "c": 41.58560841421138,
      "t": 683.9947477283947
    },
    "im_t": {
      "c": 58.503399065880714,
      "t": 1056.0563579917427
    },
    "im_b": {
      "c": 58.503399065880714,
      "t": 0
    },
    "p_im": {
      "c": 58.503399065880714,
      "t": 898.7483834828682
    },
    "p_l": {
      "c": 86.3168449062144,
      "t": 898.7483834828682
    },
    "p_d": {
      "c": 77.29128395861582,
      "t": 898.7483834828682
    },
    "e2_d": {
      "c": 79.84643438470006,
      "t": 573.9153007933465
    },
    "e2_l": {
      "c": 91.05975252107876,
      "t": 573.9153007933465
    },
    "e2_e": {
      "c": 95.70059642209358,
      "t": 573.9153007933465
    },
    "t_a": {
      "c": 2.809746992531697,
      "t": 0
    },
    "t_g_l": {
      "c": 39.09302341209187,
      "t": 0
    },
    "t_g_r": {
      "c": 48.86777274929946,
      "t": 0
    },
    "t_d": {
      "c": 75.85852183804464,
      "t": 0
    },
    "t_e": {
      "c": 98.86689607784027,
      "t": 0
    }
  },
  "curves": {
    "L_1": {
      "start": "tmA",
      "end": "e1_l",
      "type": "liquidus",
      "power": 0.8
    },
    "L_2": {
      "start": "e1_l",
      "end": "im_t",
      "type": "liquidus",
      "power": 1.2
    },
    "L_3": {
      "start": "im_t",
      "end": "p_l",
      "type": "liquidus",
      "power": 0.9
    },
    "L_4": {
      "start": "p_l",
      "end": "e2_l",
      "type": "liquidus",
      "power": 1.1
    },
    "L_5": {
      "start": "e2_l",
      "end": "tmB",
      "type": "liquidus",
      "power": 0.8
    },
    "S_a": {
      "start": "tmA",
      "end": "e1_a",
      "type": "solidus",
      "power": 1.2
    },
    "S_e": {
      "start": "tmB",
      "end": "e2_e",
      "type": "solidus",
      "power": 1.1
    },
    "sol_a": {
      "start": "e1_a",
      "end": "eu_a",
      "type": "solvus",
      "power": 2.0
    },
    "sol_a_bot": {
      "start": "eu_a",
      "end": "t_a",
      "type": "solvus",
      "power": 1.5
    },
    "sol_e": {
      "start": "e2_e",
      "end": "t_e",
      "type": "solvus",
      "power": 1.8
    },
    "i_e1": {
      "start": "e1_a",
      "end": "e1_b",
      "type": "horizontal"
    },
    "i_eu": {
      "start": "eu_a",
      "end": "eu_g",
      "type": "horizontal"
    },
    "i_p": {
      "start": "p_im",
      "end": "p_l",
      "type": "horizontal"
    },
    "i_e2": {
      "start": "e2_d",
      "end": "e2_e",
      "type": "horizontal"
    },
    "im_vert": {
      "start": "im_t",
      "end": "im_b",
      "type": "vertical"
    }
  },
  "regions": {
    "R_a": {
      "type": "single-phase",
      "phase_name": "\u03b1",
      "label": {
        "text": "\u03b1",
        "c": 4,
        "t": 600
      },
      "bounding_curves": [
        {
          "id": "S_a",
          "dir": 1
        },
        {
          "id": "sol_a",
          "dir": 1
        },
        {
          "id": "sol_a_bot",
          "dir": 1
        },
        {
          "id": "bot_a",
          "dir": -1
        },
        {
          "id": "e_L",
          "dir": 1
        }
      ]
    }
  }
}