{
  "metadata": {
    "id": "final_boss_132",
    "axes": {
      "c_max": 100,
      "t_max": 1200
    }
  },
  "nodes": {
    "tmA": {
      "c": 0,
      "t": 1066
    },
    "tmB": {
      "c": 100,
      "t": 1133
    },
    "e1_a": {
      "c": 9.370333896817124,
      "t": 834.1389873389965
    },
    "e1_l": {
      "c": 24.218834280940328,
      "t": 834.1389873389965
    },
    "e1_b": {
      "c": 34.14551572885657,
      "t": 834.1389873389965
    },
    "eu_b": {
      "c": 30.356983911392433,
      "t": 585.6563011341547
    },
    "eu_a": {
      "c": 6.548690658739818,
      "t": 585.6563011341547
    },
    "eu_g": {
      "c": 43.55812000771824,
      "t": 585.6563011341547
    },
    "im_t": {
      "c": 58.66307834430906,
      "t": 1035.2952264344574
    },
    "im_b": {
      "c": 58.66307834430906,
      "t": 0
    },
    "p_im": {
      "c": 58.66307834430906,
      "t": 840.2056428363148
    },
    "p_l": {
      "c": 74.70671219386337,
      "t": 840.2056428363148
    },
    "p_d": {
      "c": 70.87149957350924,
      "t": 840.2056428363148
    },
    "e2_d": {
      "c": 72.33876503277921,
      "t": 589.8176380182636
    },
    "e2_l": {
      "c": 79.4543649555422,
      "t": 589.8176380182636
    },
    "e2_e": {
      "c": 84.75558637056031,
      "t": 589.8176380182636
    },
    "t_a": {
      "c": 0.9316737209438313,
      "t": 0
    },
    "t_g_l": {
      "c": 42.3284531977677,
      "t": 0
    },
    "t_g_r": {
      "c": 45.00051626155544,
      "t": 0
    },
    "t_d": {
      "c": 70.99946770644821,
      "t": 0
    },
    "t_e": {
      "c": 91.78167730734901,
      "t": 0
    }
  },
  "curves": {
    "L_1": {
      "start": "tmA",
      "end": "e1_l",
      "type": "liquidus",
      "power": 0.8
    },
    "L_2": {
      "start": "e1_l",
      "end": "im_t",
      "type": "liquidus",
      "power": 1.2
    },
    "L_3": {
      "start": "im_t",
      "end": "p_l",
      "type": "liquidus",
      "power": 0.9
    },
    "L_4": {
      "start": "p_l",
      "end": "e2_l",
      "type": "liquidus",
      "power": 1.1
    },
    "L_5": {
      "start": "e2_l",
      "end": "tmB",
      "type": "liquidus",
      "power": 0.8
    },
    "S_a": {
      "start": "tmA",
      "end": "e1_a",
      "type": "solidus",
      "power": 1.2
    },
    "S_e": {
      "start": "tmB",
      "end": "e2_e",
      "type": "solidus",
      "power": 1.1
    },
    "sol_a": {
      "start": "e1_a",
      "end": "eu_a",
      "type": "solvus",
      "power": 2.0
    },
    "sol_a_bot": {
      "start": "eu_a",
      "end": "t_a",
      "type": "solvus",
      "power": 1.5
    },
    "sol_e": {
      "start": "e2_e",
      "end": "t_e",
      "type": "solvus",
      "power": 1.8
    },
    "i_e1": {
      "start": "e1_a",
      "end": "e1_b",
      "type": "horizontal"
    },
    "i_eu": {
      "start": "eu_a",
      "end": "eu_g",
      "type": "horizontal"
    },
    "i_p": {
      "start": "p_im",
      "end": "p_l",
      "type": "horizontal"
    },
    "i_e2": {
      "start": "e2_d",
      "end": "e2_e",
      "type": "horizontal"
    },
    "im_vert": {
      "start": "im_t",
      "end": "im_b",
      "type": "vertical"
    }
  },
  "regions": {
    "R_a": {
      "type": "single-phase",
      "phase_name": "\u03b1",
      "label": {
        "text": "\u03b1",
        "c": 4,
        "t": 600
      },
      "bounding_curves": [
        {
          "id": "S_a",
          "dir": 1
        },
        {
          "id": "sol_a",
          "dir": 1
        },
        {
          "id": "sol_a_bot",
          "dir": 1
        },
        {
          "id": "bot_a",
          "dir": -1
        },
        {
          "id": "e_L",
          "dir": 1
        }
      ]
    }
  }
}