{
  "metadata": {
    "id": "final_boss_118",
    "axes": {
      "c_max": 100,
      "t_max": 1200
    }
  },
  "nodes": {
    "tmA": {
      "c": 0,
      "t": 1057
    },
    "tmB": {
      "c": 100,
      "t": 1049
    },
    "e1_a": {
      "c": 19.702657230876405,
      "t": 827.4384719743782
    },
    "e1_l": {
      "c": 30.860338910564266,
      "t": 827.4384719743782
    },
    "e1_b": {
      "c": 40.21113602908671,
      "t": 827.4384719743782
    },
    "eu_b": {
      "c": 33.861787895508456,
      "t": 623.8751752229437
    },
    "eu_a": {
      "c": 16.09828766289443,
      "t": 623.8751752229437
    },
    "eu_g": {
      "c": 41.79312350629819,
      "t": 623.8751752229437
    },
    "im_t": {
      "c": 60.29733325754075,
      "t": 1154.413622983083
    },
    "im_b": {
      "c": 60.29733325754075,
      "t": 0
    },
    "p_im": {
      "c": 60.29733325754075,
      "t": 908.7514342458695
    },
    "p_l": {
      "c": 72.41031172819605,
      "t": 908.7514342458695
    },
    "p_d": {
      "c": 63.65794519279103,
      "t": 908.7514342458695
    },
    "e2_d": {
      "c": 67.87954079684431,
      "t": 812.1059885252405
    },
    "e2_l": {
      "c": 74.79243253671463,
      "t": 812.1059885252405
    },
    "e2_e": {
      "c": 86.47911992003813,
      "t": 812.1059885252405
    },
    "t_a": {
      "c": 2.9056763021841934,
      "t": 0
    },
    "t_g_l": {
      "c": 41.76336931727864,
      "t": 0
    },
    "t_g_r": {
      "c": 58.025737351644665,
      "t": 0
    },
    "t_d": {
      "c": 67.83402567464957,
      "t": 0
    },
    "t_e": {
      "c": 98.36271625121984,
      "t": 0
    }
  },
  "curves": {
    "L_1": {
      "start": "tmA",
      "end": "e1_l",
      "type": "liquidus",
      "power": 0.8
    },
    "L_2": {
      "start": "e1_l",
      "end": "im_t",
      "type": "liquidus",
      "power": 1.2
    },
    "L_3": {
      "start": "im_t",
      "end": "p_l",
      "type": "liquidus",
      "power": 0.9
    },
    "L_4": {
      "start": "p_l",
      "end": "e2_l",
      "type": "liquidus",
      "power": 1.1
    },
    "L_5": {
      "start": "e2_l",
      "end": "tmB",
      "type": "liquidus",
      "power": 0.8
    },
    "S_a": {
      "start": "tmA",
      "end": "e1_a",
      "type": "solidus",
      "power": 1.2
    },
    "S_e": {
      "start": "tmB",
      "end": "e2_e",
      "type": "solidus",
      "power": 1.1
    },
    "sol_a": {
      "start": "e1_a",
      "end": "eu_a",
      "type": "solvus",
      "power": 2.0
    },
    "sol_a_bot": {
      "start": "eu_a",
      "end": "t_a",
      "type": "solvus",
      "power": 1.5
    },
    "sol_e": {
      "start": "e2_e",
      "end": "t_e",
      "type": "solvus",
      "power": 1.8
    },
    "i_e1": {
      "start": "e1_a",
      "end": "e1_b",
      "type": "horizontal"
    },
    "i_eu": {
      "start": "eu_a",
      "end": "eu_g",
      "type": "horizontal"
    },
    "i_p": {
      "start": "p_im",
      "end": "p_l",
      "type": "horizontal"
    },
    "i_e2": {
      "start": "e2_d",
      "end": "e2_e",
      "type": "horizontal"
    },
    "im_vert": {
      "start": "im_t",
      "end": "im_b",
      "type": "vertical"
    }
  },
  "regions": {
    "R_a": {
      "type": "single-phase",
      "phase_name": "\u03b1",
      "label": {
        "text": "\u03b1",
        "c": 4,
        "t": 600
      },
      "bounding_curves": [
        {
          "id": "S_a",
          "dir": 1
        },
        {
          "id": "sol_a",
          "dir": 1
        },
        {
          "id": "sol_a_bot",
          "dir": 1
        },
        {
          "id": "bot_a",
          "dir": -1
        },
        {
          "id": "e_L",
          "dir": 1
        }
      ]
    }
  }
}