{
  "metadata": {
    "id": "final_boss_315",
    "axes": {
      "c_max": 100,
      "t_max": 1200
    }
  },
  "nodes": {
    "tmA": {
      "c": 0,
      "t": 1075
    },
    "tmB": {
      "c": 100,
      "t": 1147
    },
    "e1_a": {
      "c": 18.745402247114406,
      "t": 947.8397580831406
    },
    "e1_l": {
      "c": 29.13180057058801,
      "t": 947.8397580831406
    },
    "e1_b": {
      "c": 39.28065187449691,
      "t": 947.8397580831406
    },
    "eu_b": {
      "c": 36.539119837790935,
      "t": 749.5165858796698
    },
    "eu_a": {
      "c": 6.188859799467945,
      "t": 749.5165858796698
    },
    "eu_g": {
      "c": 44.727883842132975,
      "t": 749.5165858796698
    },
    "im_t": {
      "c": 73.78007615667453,
      "t": 1161.3651389809888
    },
    "im_b": {
      "c": 73.78007615667453,
      "t": 0
    },
    "p_im": {
      "c": 73.78007615667453,
      "t": 803.4967243627367
    },
    "p_l": {
      "c": 83.9708966337583,
      "t": 803.4967243627367
    },
    "p_d": {
      "c": 80.64808050801024,
      "t": 803.4967243627367
    },
    "e2_d": {
      "c": 82.43838426228157,
      "t": 732.4107022532019
    },
    "e2_l": {
      "c": 88.17320017116703,
      "t": 732.4107022532019
    },
    "e2_e": {
      "c": 94.08701437823437,
      "t": 732.4107022532019
    },
    "t_a": {
      "c": 2.0315581976888097,
      "t": 0
    },
    "t_g_l": {
      "c": 44.25717051877487,
      "t": 0
    },
    "t_g_r": {
      "c": 70.83578104012356,
      "t": 0
    },
    "t_d": {
      "c": 78.64652404764396,
      "t": 0
    },
    "t_e": {
      "c": 97.41409992947221,
      "t": 0
    }
  },
  "curves": {
    "L_1": {
      "start": "tmA",
      "end": "e1_l",
      "type": "liquidus",
      "power": 0.8
    },
    "L_2": {
      "start": "e1_l",
      "end": "im_t",
      "type": "liquidus",
      "power": 1.2
    },
    "L_3": {
      "start": "im_t",
      "end": "p_l",
      "type": "liquidus",
      "power": 0.9
    },
    "L_4": {
      "start": "p_l",
      "end": "e2_l",
      "type": "liquidus",
      "power": 1.1
    },
    "L_5": {
      "start": "e2_l",
      "end": "tmB",
      "type": "liquidus",
      "power": 0.8
    },
    "S_a": {
      "start": "tmA",
      "end": "e1_a",
      "type": "solidus",
      "power": 1.2
    },
    "S_e": {
      "start": "tmB",
      "end": "e2_e",
      "type": "solidus",
      "power": 1.1
    },
    "sol_a": {
      "start": "e1_a",
      "end": "eu_a",
      "type": "solvus",
      "power": 2.0
    },
    "sol_a_bot": {
      "start": "eu_a",
      "end": "t_a",
      "type": "solvus",
      "power": 1.5
    },
    "sol_e": {
      "start": "e2_e",
      "end": "t_e",
      "type": "solvus",
      "power": 1.8
    },
    "i_e1": {
      "start": "e1_a",
      "end": "e1_b",
      "type": "horizontal"
    },
    "i_eu": {
      "start": "eu_a",
      "end": "eu_g",
      "type": "horizontal"
    },
    "i_p": {
      "start": "p_im",
      "end": "p_l",
      "type": "horizontal"
    },
    "i_e2": {
      "start": "e2_d",
      "end": "e2_e",
      "type": "horizontal"
    },
    "im_vert": {
      "start": "im_t",
      "end": "im_b",
      "type": "vertical"
    }
  },
  "regions": {
    "R_a": {
      "type": "single-phase",
      "phase_name": "\u03b1",
      "label": {
        "text": "\u03b1",
        "c": 4,
        "t": 600
      },
      "bounding_curves": [
        {
          "id": "S_a",
          "dir": 1
        },
        {
          "id": "sol_a",
          "dir": 1
        },
        {
          "id": "sol_a_bot",
          "dir": 1
        },
        {
          "id": "bot_a",
          "dir": -1
        },
        {
          "id": "e_L",
          "dir": 1
        }
      ]
    }
  }
}