{
  "metadata": {
    "id": "final_boss_303",
    "axes": {
      "c_max": 100,
      "t_max": 1200
    }
  },
  "nodes": {
    "tmA": {
      "c": 0,
      "t": 1057
    },
    "tmB": {
      "c": 100,
      "t": 1065
    },
    "e1_a": {
      "c": 14.131456119296057,
      "t": 828.7155967641453
    },
    "e1_l": {
      "c": 28.327866270246655,
      "t": 828.7155967641453
    },
    "e1_b": {
      "c": 40.93458478385641,
      "t": 828.7155967641453
    },
    "eu_b": {
      "c": 38.32778129849585,
      "t": 501.7946897818876
    },
    "eu_a": {
      "c": 8.830837180350699,
      "t": 501.7946897818876
    },
    "eu_g": {
      "c": 47.17620806409939,
      "t": 501.7946897818876
    },
    "im_t": {
      "c": 68.51898612117346,
      "t": 1138.2895886906463
    },
    "im_b": {
      "c": 68.51898612117346,
      "t": 0
    },
    "p_im": {
      "c": 68.51898612117346,
      "t": 902.7924799764374
    },
    "p_l": {
      "c": 81.41539376428744,
      "t": 902.7924799764374
    },
    "p_d": {
      "c": 75.22088832062057,
      "t": 902.7924799764374
    },
    "e2_d": {
      "c": 77.29789199194904,
      "t": 660.2140505747623
    },
    "e2_l": {
      "c": 82.86863721799509,
      "t": 660.2140505747623
    },
    "e2_e": {
      "c": 93.81373076074448,
      "t": 660.2140505747623
    },
    "t_a": {
      "c": 0.7135412777335092,
      "t": 0
    },
    "t_g_l": {
      "c": 44.64390036173376,
      "t": 0
    },
    "t_g_r": {
      "c": 59.94877042693128,
      "t": 0
    },
    "t_d": {
      "c": 77.28401669740353,
      "t": 0
    },
    "t_e": {
      "c": 96.5033816271399,
      "t": 0
    }
  },
  "curves": {
    "L_1": {
      "start": "tmA",
      "end": "e1_l",
      "type": "liquidus",
      "power": 0.8
    },
    "L_2": {
      "start": "e1_l",
      "end": "im_t",
      "type": "liquidus",
      "power": 1.2
    },
    "L_3": {
      "start": "im_t",
      "end": "p_l",
      "type": "liquidus",
      "power": 0.9
    },
    "L_4": {
      "start": "p_l",
      "end": "e2_l",
      "type": "liquidus",
      "power": 1.1
    },
    "L_5": {
      "start": "e2_l",
      "end": "tmB",
      "type": "liquidus",
      "power": 0.8
    },
    "S_a": {
      "start": "tmA",
      "end": "e1_a",
      "type": "solidus",
      "power": 1.2
    },
    "S_e": {
      "start": "tmB",
      "end": "e2_e",
      "type": "solidus",
      "power": 1.1
    },
    "sol_a": {
      "start": "e1_a",
      "end": "eu_a",
      "type": "solvus",
      "power": 2.0
    },
    "sol_a_bot": {
      "start": "eu_a",
      "end": "t_a",
      "type": "solvus",
      "power": 1.5
    },
    "sol_e": {
      "start": "e2_e",
      "end": "t_e",
      "type": "solvus",
      "power": 1.8
    },
    "i_e1": {
      "start": "e1_a",
      "end": "e1_b",
      "type": "horizontal"
    },
    "i_eu": {
      "start": "eu_a",
      "end": "eu_g",
      "type": "horizontal"
    },
    "i_p": {
      "start": "p_im",
      "end": "p_l",
      "type": "horizontal"
    },
    "i_e2": {
      "start": "e2_d",
      "end": "e2_e",
      "type": "horizontal"
    },
    "im_vert": {
      "start": "im_t",
      "end": "im_b",
      "type": "vertical"
    }
  },
  "regions": {
    "R_a": {
      "type": "single-phase",
      "phase_name": "\u03b1",
      "label": {
        "text": "\u03b1",
        "c": 4,
        "t": 600
      },
      "bounding_curves": [
        {
          "id": "S_a",
          "dir": 1
        },
        {
          "id": "sol_a",
          "dir": 1
        },
        {
          "id": "sol_a_bot",
          "dir": 1
        },
        {
          "id": "bot_a",
          "dir": -1
        },
        {
          "id": "e_L",
          "dir": 1
        }
      ]
    }
  }
}