{
  "metadata": {
    "id": "final_boss_38",
    "axes": {
      "c_max": 100,
      "t_max": 1200
    }
  },
  "nodes": {
    "tmA": {
      "c": 0,
      "t": 1149
    },
    "tmB": {
      "c": 100,
      "t": 1132
    },
    "e1_a": {
      "c": 11.532718391971592,
      "t": 872.8904263232014
    },
    "e1_l": {
      "c": 30.045478129304147,
      "t": 872.8904263232014
    },
    "e1_b": {
      "c": 43.2070077811451,
      "t": 872.8904263232014
    },
    "eu_b": {
      "c": 37.691061282121865,
      "t": 655.4876576696971
    },
    "eu_a": {
      "c": 8.396726662745262,
      "t": 655.4876576696971
    },
    "eu_g": {
      "c": 50.23384320223526,
      "t": 655.4876576696971
    },
    "im_t": {
      "c": 72.99220188944412,
      "t": 1057.5444237432164
    },
    "im_b": {
      "c": 72.99220188944412,
      "t": 0
    },
    "p_im": {
      "c": 72.99220188944412,
      "t": 934.921184883117
    },
    "p_l": {
      "c": 85.96538717538027,
      "t": 934.921184883117
    },
    "p_d": {
      "c": 80.09819752272253,
      "t": 934.921184883117
    },
    "e2_d": {
      "c": 82.07735662684534,
      "t": 510.722473298786
    },
    "e2_l": {
      "c": 88.81373367889594,
      "t": 510.722473298786
    },
    "e2_e": {
      "c": 94.21833252231829,
      "t": 510.722473298786
    },
    "t_a": {
      "c": 5.525876431334305,
      "t": 0
    },
    "t_g_l": {
      "c": 49.28773691985468,
      "t": 0
    },
    "t_g_r": {
      "c": 71.52909620564736,
      "t": 0
    },
    "t_d": {
      "c": 81.65048914625129,
      "t": 0
    },
    "t_e": {
      "c": 96.1317625367079,
      "t": 0
    }
  },
  "curves": {
    "L_1": {
      "start": "tmA",
      "end": "e1_l",
      "type": "liquidus",
      "power": 0.8
    },
    "L_2": {
      "start": "e1_l",
      "end": "im_t",
      "type": "liquidus",
      "power": 1.2
    },
    "L_3": {
      "start": "im_t",
      "end": "p_l",
      "type": "liquidus",
      "power": 0.9
    },
    "L_4": {
      "start": "p_l",
      "end": "e2_l",
      "type": "liquidus",
      "power": 1.1
    },
    "L_5": {
      "start": "e2_l",
      "end": "tmB",
      "type": "liquidus",
      "power": 0.8
    },
    "S_a": {
      "start": "tmA",
      "end": "e1_a",
      "type": "solidus",
      "power": 1.2
    },
    "S_e": {
      "start": "tmB",
      "end": "e2_e",
      "type": "solidus",
      "power": 1.1
    },
    "sol_a": {
      "start": "e1_a",
      "end": "eu_a",
      "type": "solvus",
      "power": 2.0
    },
    "sol_a_bot": {
      "start": "eu_a",
      "end": "t_a",
      "type": "solvus",
      "power": 1.5
    },
    "sol_e": {
      "start": "e2_e",
      "end": "t_e",
      "type": "solvus",
      "power": 1.8
    },
    "i_e1": {
      "start": "e1_a",
      "end": "e1_b",
      "type": "horizontal"
    },
    "i_eu": {
      "start": "eu_a",
      "end": "eu_g",
      "type": "horizontal"
    },
    "i_p": {
      "start": "p_im",
      "end": "p_l",
      "type": "horizontal"
    },
    "i_e2": {
      "start": "e2_d",
      "end": "e2_e",
      "type": "horizontal"
    },
    "im_vert": {
      "start": "im_t",
      "end": "im_b",
      "type": "vertical"
    }
  },
  "regions": {
    "R_a": {
      "type": "single-phase",
      "phase_name": "\u03b1",
      "label": {
        "text": "\u03b1",
        "c": 4,
        "t": 600
      },
      "bounding_curves": [
        {
          "id": "S_a",
          "dir": 1
        },
        {
          "id": "sol_a",
          "dir": 1
        },
        {
          "id": "sol_a_bot",
          "dir": 1
        },
        {
          "id": "bot_a",
          "dir": -1
        },
        {
          "id": "e_L",
          "dir": 1
        }
      ]
    }
  }
}