{
  "metadata": {
    "id": "final_boss_358",
    "axes": {
      "c_max": 100,
      "t_max": 1200
    }
  },
  "nodes": {
    "tmA": {
      "c": 0,
      "t": 1086
    },
    "tmB": {
      "c": 100,
      "t": 1043
    },
    "e1_a": {
      "c": 17.706831965829466,
      "t": 815.8798596047557
    },
    "e1_l": {
      "c": 32.0954290861588,
      "t": 815.8798596047557
    },
    "e1_b": {
      "c": 42.73991223847137,
      "t": 815.8798596047557
    },
    "eu_b": {
      "c": 35.49322779451525,
      "t": 674.2522980599545
    },
    "eu_a": {
      "c": 12.324441274981275,
      "t": 674.2522980599545
    },
    "eu_g": {
      "c": 44.02233022402261,
      "t": 674.2522980599545
    },
    "im_t": {
      "c": 61.396179173815504,
      "t": 1086.3185431001784
    },
    "im_b": {
      "c": 61.396179173815504,
      "t": 0
    },
    "p_im": {
      "c": 61.396179173815504,
      "t": 1031.0313276282445
    },
    "p_l": {
      "c": 83.7646967390714,
      "t": 1031.0313276282445
    },
    "p_d": {
      "c": 70.84504367497613,
      "t": 1031.0313276282445
    },
    "e2_d": {
      "c": 76.84786192787195,
      "t": 592.6842278700142
    },
    "e2_l": {
      "c": 87.19761286710742,
      "t": 592.6842278700142
    },
    "e2_e": {
      "c": 92.82896817490636,
      "t": 592.6842278700142
    },
    "t_a": {
      "c": 8.909823212248352,
      "t": 0
    },
    "t_g_l": {
      "c": 43.0567810497549,
      "t": 0
    },
    "t_g_r": {
      "c": 44.675217065061766,
      "t": 0
    },
    "t_d": {
      "c": 75.22988408436044,
      "t": 0
    },
    "t_e": {
      "c": 96.29094476065166,
      "t": 0
    }
  },
  "curves": {
    "L_1": {
      "start": "tmA",
      "end": "e1_l",
      "type": "liquidus",
      "power": 0.8
    },
    "L_2": {
      "start": "e1_l",
      "end": "im_t",
      "type": "liquidus",
      "power": 1.2
    },
    "L_3": {
      "start": "im_t",
      "end": "p_l",
      "type": "liquidus",
      "power": 0.9
    },
    "L_4": {
      "start": "p_l",
      "end": "e2_l",
      "type": "liquidus",
      "power": 1.1
    },
    "L_5": {
      "start": "e2_l",
      "end": "tmB",
      "type": "liquidus",
      "power": 0.8
    },
    "S_a": {
      "start": "tmA",
      "end": "e1_a",
      "type": "solidus",
      "power": 1.2
    },
    "S_e": {
      "start": "tmB",
      "end": "e2_e",
      "type": "solidus",
      "power": 1.1
    },
    "sol_a": {
      "start": "e1_a",
      "end": "eu_a",
      "type": "solvus",
      "power": 2.0
    },
    "sol_a_bot": {
      "start": "eu_a",
      "end": "t_a",
      "type": "solvus",
      "power": 1.5
    },
    "sol_e": {
      "start": "e2_e",
      "end": "t_e",
      "type": "solvus",
      "power": 1.8
    },
    "i_e1": {
      "start": "e1_a",
      "end": "e1_b",
      "type": "horizontal"
    },
    "i_eu": {
      "start": "eu_a",
      "end": "eu_g",
      "type": "horizontal"
    },
    "i_p": {
      "start": "p_im",
      "end": "p_l",
      "type": "horizontal"
    },
    "i_e2": {
      "start": "e2_d",
      "end": "e2_e",
      "type": "horizontal"
    },
    "im_vert": {
      "start": "im_t",
      "end": "im_b",
      "type": "vertical"
    }
  },
  "regions": {
    "R_a": {
      "type": "single-phase",
      "phase_name": "\u03b1",
      "label": {
        "text": "\u03b1",
        "c": 4,
        "t": 600
      },
      "bounding_curves": [
        {
          "id": "S_a",
          "dir": 1
        },
        {
          "id": "sol_a",
          "dir": 1
        },
        {
          "id": "sol_a_bot",
          "dir": 1
        },
        {
          "id": "bot_a",
          "dir": -1
        },
        {
          "id": "e_L",
          "dir": 1
        }
      ]
    }
  }
}