{
  "metadata": {
    "id": "final_boss_0",
    "axes": {
      "c_max": 100,
      "t_max": 1200
    }
  },
  "nodes": {
    "tmA": {
      "c": 0,
      "t": 1107
    },
    "tmB": {
      "c": 100,
      "t": 1027
    },
    "e1_a": {
      "c": 11.826787313782905,
      "t": 903.7846466648053
    },
    "e1_l": {
      "c": 21.78995405294367,
      "t": 903.7846466648053
    },
    "e1_b": {
      "c": 33.77208557993382,
      "t": 903.7846466648053
    },
    "eu_b": {
      "c": 30.548490106257056,
      "t": 618.7282758074513
    },
    "eu_a": {
      "c": 4.53395340986308,
      "t": 618.7282758074513
    },
    "eu_g": {
      "c": 45.223993078805414,
      "t": 618.7282758074513
    },
    "im_t": {
      "c": 58.77992531329,
      "t": 976.5082291669341
    },
    "im_b": {
      "c": 58.77992531329,
      "t": 0
    },
    "p_im": {
      "c": 58.77992531329,
      "t": 820.5009190860472
    },
    "p_l": {
      "c": 85.02792382246642,
      "t": 820.5009190860472
    },
    "p_d": {
      "c": 79.04175673754192,
      "t": 820.5009190860472
    },
    "e2_d": {
      "c": 81.0348664363883,
      "t": 559.7280692539002
    },
    "e2_l": {
      "c": 86.27457124553206,
      "t": 559.7280692539002
    },
    "e2_e": {
      "c": 92.04176240287981,
      "t": 559.7280692539002
    },
    "t_a": {
      "c": 2.3738209414700298,
      "t": 0
    },
    "t_g_l": {
      "c": 45.12660967337191,
      "t": 0
    },
    "t_g_r": {
      "c": 51.29391157934888,
      "t": 0
    },
    "t_d": {
      "c": 78.63220682880171,
      "t": 0
    },
    "t_e": {
      "c": 94.47615900362568,
      "t": 0
    }
  },
  "curves": {
    "L_1": {
      "start": "tmA",
      "end": "e1_l",
      "type": "liquidus",
      "power": 0.8
    },
    "L_2": {
      "start": "e1_l",
      "end": "im_t",
      "type": "liquidus",
      "power": 1.2
    },
    "L_3": {
      "start": "im_t",
      "end": "p_l",
      "type": "liquidus",
      "power": 0.9
    },
    "L_4": {
      "start": "p_l",
      "end": "e2_l",
      "type": "liquidus",
      "power": 1.1
    },
    "L_5": {
      "start": "e2_l",
      "end": "tmB",
      "type": "liquidus",
      "power": 0.8
    },
    "S_a": {
      "start": "tmA",
      "end": "e1_a",
      "type": "solidus",
      "power": 1.2
    },
    "S_e": {
      "start": "tmB",
      "end": "e2_e",
      "type": "solidus",
      "power": 1.1
    },
    "sol_a": {
      "start": "e1_a",
      "end": "eu_a",
      "type": "solvus",
      "power": 2.0
    },
    "sol_a_bot": {
      "start": "eu_a",
      "end": "t_a",
      "type": "solvus",
      "power": 1.5
    },
    "sol_e": {
      "start": "e2_e",
      "end": "t_e",
      "type": "solvus",
      "power": 1.8
    },
    "i_e1": {
      "start": "e1_a",
      "end": "e1_b",
      "type": "horizontal"
    },
    "i_eu": {
      "start": "eu_a",
      "end": "eu_g",
      "type": "horizontal"
    },
    "i_p": {
      "start": "p_im",
      "end": "p_l",
      "type": "horizontal"
    },
    "i_e2": {
      "start": "e2_d",
      "end": "e2_e",
      "type": "horizontal"
    },
    "im_vert": {
      "start": "im_t",
      "end": "im_b",
      "type": "vertical"
    }
  },
  "regions": {
    "R_a": {
      "type": "single-phase",
      "phase_name": "\u03b1",
      "label": {
        "text": "\u03b1",
        "c": 4,
        "t": 600
      },
      "bounding_curves": [
        {
          "id": "S_a",
          "dir": 1
        },
        {
          "id": "sol_a",
          "dir": 1
        },
        {
          "id": "sol_a_bot",
          "dir": 1
        },
        {
          "id": "bot_a",
          "dir": -1
        },
        {
          "id": "e_L",
          "dir": 1
        }
      ]
    }
  }
}