{
  "metadata": {
    "id": "final_boss_242",
    "axes": {
      "c_max": 100,
      "t_max": 1200
    }
  },
  "nodes": {
    "tmA": {
      "c": 0,
      "t": 1093
    },
    "tmB": {
      "c": 100,
      "t": 1094
    },
    "e1_a": {
      "c": 11.310450195636943,
      "t": 944.6604345011224
    },
    "e1_l": {
      "c": 22.138496959443607,
      "t": 944.6604345011224
    },
    "e1_b": {
      "c": 32.84381277260191,
      "t": 944.6604345011224
    },
    "eu_b": {
      "c": 29.14641077549065,
      "t": 704.546276819997
    },
    "eu_a": {
      "c": 8.111348891764777,
      "t": 704.546276819997
    },
    "eu_g": {
      "c": 43.90165724403465,
      "t": 704.546276819997
    },
    "im_t": {
      "c": 64.07167847092184,
      "t": 1019.7991372353281
    },
    "im_b": {
      "c": 64.07167847092184,
      "t": 0
    },
    "p_im": {
      "c": 64.07167847092184,
      "t": 807.8108699977271
    },
    "p_l": {
      "c": 87.94785628139083,
      "t": 807.8108699977271
    },
    "p_d": {
      "c": 70.90276757833173,
      "t": 807.8108699977271
    },
    "e2_d": {
      "c": 77.82762391835584,
      "t": 680.1393298190824
    },
    "e2_l": {
      "c": 87.13226885036632,
      "t": 680.1393298190824
    },
    "e2_e": {
      "c": 92.96327755533319,
      "t": 680.1393298190824
    },
    "t_a": {
      "c": 0.7447462700547065,
      "t": 0
    },
    "t_g_l": {
      "c": 42.05889025463803,
      "t": 0
    },
    "t_g_r": {
      "c": 53.43049381989406,
      "t": 0
    },
    "t_d": {
      "c": 77.27847373728333,
      "t": 0
    },
    "t_e": {
      "c": 99.35293971738295,
      "t": 0
    }
  },
  "curves": {
    "L_1": {
      "start": "tmA",
      "end": "e1_l",
      "type": "liquidus",
      "power": 0.8
    },
    "L_2": {
      "start": "e1_l",
      "end": "im_t",
      "type": "liquidus",
      "power": 1.2
    },
    "L_3": {
      "start": "im_t",
      "end": "p_l",
      "type": "liquidus",
      "power": 0.9
    },
    "L_4": {
      "start": "p_l",
      "end": "e2_l",
      "type": "liquidus",
      "power": 1.1
    },
    "L_5": {
      "start": "e2_l",
      "end": "tmB",
      "type": "liquidus",
      "power": 0.8
    },
    "S_a": {
      "start": "tmA",
      "end": "e1_a",
      "type": "solidus",
      "power": 1.2
    },
    "S_e": {
      "start": "tmB",
      "end": "e2_e",
      "type": "solidus",
      "power": 1.1
    },
    "sol_a": {
      "start": "e1_a",
      "end": "eu_a",
      "type": "solvus",
      "power": 2.0
    },
    "sol_a_bot": {
      "start": "eu_a",
      "end": "t_a",
      "type": "solvus",
      "power": 1.5
    },
    "sol_e": {
      "start": "e2_e",
      "end": "t_e",
      "type": "solvus",
      "power": 1.8
    },
    "i_e1": {
      "start": "e1_a",
      "end": "e1_b",
      "type": "horizontal"
    },
    "i_eu": {
      "start": "eu_a",
      "end": "eu_g",
      "type": "horizontal"
    },
    "i_p": {
      "start": "p_im",
      "end": "p_l",
      "type": "horizontal"
    },
    "i_e2": {
      "start": "e2_d",
      "end": "e2_e",
      "type": "horizontal"
    },
    "im_vert": {
      "start": "im_t",
      "end": "im_b",
      "type": "vertical"
    }
  },
  "regions": {
    "R_a": {
      "type": "single-phase",
      "phase_name": "\u03b1",
      "label": {
        "text": "\u03b1",
        "c": 4,
        "t": 600
      },
      "bounding_curves": [
        {
          "id": "S_a",
          "dir": 1
        },
        {
          "id": "sol_a",
          "dir": 1
        },
        {
          "id": "sol_a_bot",
          "dir": 1
        },
        {
          "id": "bot_a",
          "dir": -1
        },
        {
          "id": "e_L",
          "dir": 1
        }
      ]
    }
  }
}