{
  "metadata": {
    "id": "final_boss_30",
    "axes": {
      "c_max": 100,
      "t_max": 1200
    }
  },
  "nodes": {
    "tmA": {
      "c": 0,
      "t": 1119
    },
    "tmB": {
      "c": 100,
      "t": 1097
    },
    "e1_a": {
      "c": 16.11575248952697,
      "t": 851.9412608705621
    },
    "e1_l": {
      "c": 35.10549835248795,
      "t": 851.9412608705621
    },
    "e1_b": {
      "c": 47.74595892944889,
      "t": 851.9412608705621
    },
    "eu_b": {
      "c": 41.66674331987409,
      "t": 730.2219252036217
    },
    "eu_a": {
      "c": 11.318527928901032,
      "t": 730.2219252036217
    },
    "eu_g": {
      "c": 53.93141925223371,
      "t": 730.2219252036217
    },
    "im_t": {
      "c": 66.13339817250684,
      "t": 1102.934236112149
    },
    "im_b": {
      "c": 66.13339817250684,
      "t": 0
    },
    "p_im": {
      "c": 66.13339817250684,
      "t": 893.6091608061091
    },
    "p_l": {
      "c": 76.81857520791044,
      "t": 893.6091608061091
    },
    "p_d": {
      "c": 71.10601204787329,
      "t": 893.6091608061091
    },
    "e2_d": {
      "c": 72.97323211741862,
      "t": 423.82560601167097
    },
    "e2_l": {
      "c": 78.9505058798821,
      "t": 423.82560601167097
    },
    "e2_e": {
      "c": 91.13082150557223,
      "t": 423.82560601167097
    },
    "t_a": {
      "c": 7.000606348040384,
      "t": 0
    },
    "t_g_l": {
      "c": 52.048426828980816,
      "t": 0
    },
    "t_g_r": {
      "c": 56.08378156843555,
      "t": 0
    },
    "t_d": {
      "c": 71.94091327258151,
      "t": 0
    },
    "t_e": {
      "c": 97.09598631933125,
      "t": 0
    }
  },
  "curves": {
    "L_1": {
      "start": "tmA",
      "end": "e1_l",
      "type": "liquidus",
      "power": 0.8
    },
    "L_2": {
      "start": "e1_l",
      "end": "im_t",
      "type": "liquidus",
      "power": 1.2
    },
    "L_3": {
      "start": "im_t",
      "end": "p_l",
      "type": "liquidus",
      "power": 0.9
    },
    "L_4": {
      "start": "p_l",
      "end": "e2_l",
      "type": "liquidus",
      "power": 1.1
    },
    "L_5": {
      "start": "e2_l",
      "end": "tmB",
      "type": "liquidus",
      "power": 0.8
    },
    "S_a": {
      "start": "tmA",
      "end": "e1_a",
      "type": "solidus",
      "power": 1.2
    },
    "S_e": {
      "start": "tmB",
      "end": "e2_e",
      "type": "solidus",
      "power": 1.1
    },
    "sol_a": {
      "start": "e1_a",
      "end": "eu_a",
      "type": "solvus",
      "power": 2.0
    },
    "sol_a_bot": {
      "start": "eu_a",
      "end": "t_a",
      "type": "solvus",
      "power": 1.5
    },
    "sol_e": {
      "start": "e2_e",
      "end": "t_e",
      "type": "solvus",
      "power": 1.8
    },
    "i_e1": {
      "start": "e1_a",
      "end": "e1_b",
      "type": "horizontal"
    },
    "i_eu": {
      "start": "eu_a",
      "end": "eu_g",
      "type": "horizontal"
    },
    "i_p": {
      "start": "p_im",
      "end": "p_l",
      "type": "horizontal"
    },
    "i_e2": {
      "start": "e2_d",
      "end": "e2_e",
      "type": "horizontal"
    },
    "im_vert": {
      "start": "im_t",
      "end": "im_b",
      "type": "vertical"
    }
  },
  "regions": {
    "R_a": {
      "type": "single-phase",
      "phase_name": "\u03b1",
      "label": {
        "text": "\u03b1",
        "c": 4,
        "t": 600
      },
      "bounding_curves": [
        {
          "id": "S_a",
          "dir": 1
        },
        {
          "id": "sol_a",
          "dir": 1
        },
        {
          "id": "sol_a_bot",
          "dir": 1
        },
        {
          "id": "bot_a",
          "dir": -1
        },
        {
          "id": "e_L",
          "dir": 1
        }
      ]
    }
  }
}