{
  "metadata": {
    "id": "final_boss_164",
    "axes": {
      "c_max": 100,
      "t_max": 1200
    }
  },
  "nodes": {
    "tmA": {
      "c": 0,
      "t": 1072
    },
    "tmB": {
      "c": 100,
      "t": 1026
    },
    "e1_a": {
      "c": 10.665078381536901,
      "t": 830.1309008515461
    },
    "e1_l": {
      "c": 30.294627081259083,
      "t": 830.1309008515461
    },
    "e1_b": {
      "c": 44.55337723309101,
      "t": 830.1309008515461
    },
    "eu_b": {
      "c": 33.79043989154404,
      "t": 692.1205701228866
    },
    "eu_a": {
      "c": 4.6488490786359105,
      "t": 692.1205701228866
    },
    "eu_g": {
      "c": 41.153335104886445,
      "t": 692.1205701228866
    },
    "im_t": {
      "c": 64.4195280124311,
      "t": 1087.1016050335259
    },
    "im_b": {
      "c": 64.4195280124311,
      "t": 0
    },
    "p_im": {
      "c": 64.4195280124311,
      "t": 1034.92337793859
    },
    "p_l": {
      "c": 87.76806639941978,
      "t": 1034.92337793859
    },
    "p_d": {
      "c": 78.8971872704252,
      "t": 1034.92337793859
    },
    "e2_d": {
      "c": 82.49803313973833,
      "t": 451.8285085568489
    },
    "e2_l": {
      "c": 90.08208368062455,
      "t": 451.8285085568489
    },
    "e2_e": {
      "c": 95.82789111355915,
      "t": 451.8285085568489
    },
    "t_a": {
      "c": 3.3464017110746336,
      "t": 0
    },
    "t_g_l": {
      "c": 40.15235654017049,
      "t": 0
    },
    "t_g_r": {
      "c": 50.165786615029376,
      "t": 0
    },
    "t_d": {
      "c": 77.78328533722313,
      "t": 0
    },
    "t_e": {
      "c": 97.38364416153229,
      "t": 0
    }
  },
  "curves": {
    "L_1": {
      "start": "tmA",
      "end": "e1_l",
      "type": "liquidus",
      "power": 0.8
    },
    "L_2": {
      "start": "e1_l",
      "end": "im_t",
      "type": "liquidus",
      "power": 1.2
    },
    "L_3": {
      "start": "im_t",
      "end": "p_l",
      "type": "liquidus",
      "power": 0.9
    },
    "L_4": {
      "start": "p_l",
      "end": "e2_l",
      "type": "liquidus",
      "power": 1.1
    },
    "L_5": {
      "start": "e2_l",
      "end": "tmB",
      "type": "liquidus",
      "power": 0.8
    },
    "S_a": {
      "start": "tmA",
      "end": "e1_a",
      "type": "solidus",
      "power": 1.2
    },
    "S_e": {
      "start": "tmB",
      "end": "e2_e",
      "type": "solidus",
      "power": 1.1
    },
    "sol_a": {
      "start": "e1_a",
      "end": "eu_a",
      "type": "solvus",
      "power": 2.0
    },
    "sol_a_bot": {
      "start": "eu_a",
      "end": "t_a",
      "type": "solvus",
      "power": 1.5
    },
    "sol_e": {
      "start": "e2_e",
      "end": "t_e",
      "type": "solvus",
      "power": 1.8
    },
    "i_e1": {
      "start": "e1_a",
      "end": "e1_b",
      "type": "horizontal"
    },
    "i_eu": {
      "start": "eu_a",
      "end": "eu_g",
      "type": "horizontal"
    },
    "i_p": {
      "start": "p_im",
      "end": "p_l",
      "type": "horizontal"
    },
    "i_e2": {
      "start": "e2_d",
      "end": "e2_e",
      "type": "horizontal"
    },
    "im_vert": {
      "start": "im_t",
      "end": "im_b",
      "type": "vertical"
    }
  },
  "regions": {
    "R_a": {
      "type": "single-phase",
      "phase_name": "\u03b1",
      "label": {
        "text": "\u03b1",
        "c": 4,
        "t": 600
      },
      "bounding_curves": [
        {
          "id": "S_a",
          "dir": 1
        },
        {
          "id": "sol_a",
          "dir": 1
        },
        {
          "id": "sol_a_bot",
          "dir": 1
        },
        {
          "id": "bot_a",
          "dir": -1
        },
        {
          "id": "e_L",
          "dir": 1
        }
      ]
    }
  }
}