{
  "metadata": {
    "id": "final_boss_87",
    "axes": {
      "c_max": 100,
      "t_max": 1200
    }
  },
  "nodes": {
    "tmA": {
      "c": 0,
      "t": 1117
    },
    "tmB": {
      "c": 100,
      "t": 1123
    },
    "e1_a": {
      "c": 14.09296158742416,
      "t": 840.8059135342965
    },
    "e1_l": {
      "c": 25.183418434004498,
      "t": 840.8059135342965
    },
    "e1_b": {
      "c": 36.797496840041106,
      "t": 840.8059135342965
    },
    "eu_b": {
      "c": 34.39295167292505,
      "t": 506.3727116668823
    },
    "eu_a": {
      "c": 9.87435345596999,
      "t": 506.3727116668823
    },
    "eu_g": {
      "c": 45.09990444363187,
      "t": 506.3727116668823
    },
    "im_t": {
      "c": 61.589107295242506,
      "t": 1054.4789427546343
    },
    "im_b": {
      "c": 61.589107295242506,
      "t": 0
    },
    "p_im": {
      "c": 61.589107295242506,
      "t": 981.1819182729238
    },
    "p_l": {
      "c": 86.76141458115546,
      "t": 981.1819182729238
    },
    "p_d": {
      "c": 67.74112416012088,
      "t": 981.1819182729238
    },
    "e2_d": {
      "c": 72.18582673570512,
      "t": 419.10320947319303
    },
    "e2_l": {
      "c": 82.90912922160133,
      "t": 419.10320947319303
    },
    "e2_e": {
      "c": 92.24041841843183,
      "t": 419.10320947319303
    },
    "t_a": {
      "c": 6.977336530491897,
      "t": 0
    },
    "t_g_l": {
      "c": 45.04708561798839,
      "t": 0
    },
    "t_g_r": {
      "c": 55.96640723608917,
      "t": 0
    },
    "t_d": {
      "c": 70.29670575553321,
      "t": 0
    },
    "t_e": {
      "c": 99.60638389341662,
      "t": 0
    }
  },
  "curves": {
    "L_1": {
      "start": "tmA",
      "end": "e1_l",
      "type": "liquidus",
      "power": 0.8
    },
    "L_2": {
      "start": "e1_l",
      "end": "im_t",
      "type": "liquidus",
      "power": 1.2
    },
    "L_3": {
      "start": "im_t",
      "end": "p_l",
      "type": "liquidus",
      "power": 0.9
    },
    "L_4": {
      "start": "p_l",
      "end": "e2_l",
      "type": "liquidus",
      "power": 1.1
    },
    "L_5": {
      "start": "e2_l",
      "end": "tmB",
      "type": "liquidus",
      "power": 0.8
    },
    "S_a": {
      "start": "tmA",
      "end": "e1_a",
      "type": "solidus",
      "power": 1.2
    },
    "S_e": {
      "start": "tmB",
      "end": "e2_e",
      "type": "solidus",
      "power": 1.1
    },
    "sol_a": {
      "start": "e1_a",
      "end": "eu_a",
      "type": "solvus",
      "power": 2.0
    },
    "sol_a_bot": {
      "start": "eu_a",
      "end": "t_a",
      "type": "solvus",
      "power": 1.5
    },
    "sol_e": {
      "start": "e2_e",
      "end": "t_e",
      "type": "solvus",
      "power": 1.8
    },
    "i_e1": {
      "start": "e1_a",
      "end": "e1_b",
      "type": "horizontal"
    },
    "i_eu": {
      "start": "eu_a",
      "end": "eu_g",
      "type": "horizontal"
    },
    "i_p": {
      "start": "p_im",
      "end": "p_l",
      "type": "horizontal"
    },
    "i_e2": {
      "start": "e2_d",
      "end": "e2_e",
      "type": "horizontal"
    },
    "im_vert": {
      "start": "im_t",
      "end": "im_b",
      "type": "vertical"
    }
  },
  "regions": {
    "R_a": {
      "type": "single-phase",
      "phase_name": "\u03b1",
      "label": {
        "text": "\u03b1",
        "c": 4,
        "t": 600
      },
      "bounding_curves": [
        {
          "id": "S_a",
          "dir": 1
        },
        {
          "id": "sol_a",
          "dir": 1
        },
        {
          "id": "sol_a_bot",
          "dir": 1
        },
        {
          "id": "bot_a",
          "dir": -1
        },
        {
          "id": "e_L",
          "dir": 1
        }
      ]
    }
  }
}