{
  "metadata": {
    "id": "final_boss_385",
    "axes": {
      "c_max": 100,
      "t_max": 1200
    }
  },
  "nodes": {
    "tmA": {
      "c": 0,
      "t": 1130
    },
    "tmB": {
      "c": 100,
      "t": 1111
    },
    "e1_a": {
      "c": 8.4864728841302,
      "t": 815.5677451526338
    },
    "e1_l": {
      "c": 20.024821998783157,
      "t": 815.5677451526338
    },
    "e1_b": {
      "c": 34.9412642866554,
      "t": 815.5677451526338
    },
    "eu_b": {
      "c": 28.65344697011529,
      "t": 590.8785919234582
    },
    "eu_a": {
      "c": 5.096589711751436,
      "t": 590.8785919234582
    },
    "eu_g": {
      "c": 38.515378581852715,
      "t": 590.8785919234582
    },
    "im_t": {
      "c": 49.287388692486005,
      "t": 1135.7442119296745
    },
    "im_b": {
      "c": 49.287388692486005,
      "t": 0
    },
    "p_im": {
      "c": 49.287388692486005,
      "t": 776.2478461357451
    },
    "p_l": {
      "c": 68.63102265415804,
      "t": 776.2478461357451
    },
    "p_d": {
      "c": 56.9374610304801,
      "t": 776.2478461357451
    },
    "e2_d": {
      "c": 60.60987951509144,
      "t": 400.3944132734153
    },
    "e2_l": {
      "c": 70.2755447547863,
      "t": 400.3944132734153
    },
    "e2_e": {
      "c": 86.91372788123611,
      "t": 400.3944132734153
    },
    "t_a": {
      "c": 1.993249797356364,
      "t": 0
    },
    "t_g_l": {
      "c": 36.23931820776088,
      "t": 0
    },
    "t_g_r": {
      "c": 47.13582470327357,
      "t": 0
    },
    "t_d": {
      "c": 58.15337718000324,
      "t": 0
    },
    "t_e": {
      "c": 92.81018373518339,
      "t": 0
    }
  },
  "curves": {
    "L_1": {
      "start": "tmA",
      "end": "e1_l",
      "type": "liquidus",
      "power": 0.8
    },
    "L_2": {
      "start": "e1_l",
      "end": "im_t",
      "type": "liquidus",
      "power": 1.2
    },
    "L_3": {
      "start": "im_t",
      "end": "p_l",
      "type": "liquidus",
      "power": 0.9
    },
    "L_4": {
      "start": "p_l",
      "end": "e2_l",
      "type": "liquidus",
      "power": 1.1
    },
    "L_5": {
      "start": "e2_l",
      "end": "tmB",
      "type": "liquidus",
      "power": 0.8
    },
    "S_a": {
      "start": "tmA",
      "end": "e1_a",
      "type": "solidus",
      "power": 1.2
    },
    "S_e": {
      "start": "tmB",
      "end": "e2_e",
      "type": "solidus",
      "power": 1.1
    },
    "sol_a": {
      "start": "e1_a",
      "end": "eu_a",
      "type": "solvus",
      "power": 2.0
    },
    "sol_a_bot": {
      "start": "eu_a",
      "end": "t_a",
      "type": "solvus",
      "power": 1.5
    },
    "sol_e": {
      "start": "e2_e",
      "end": "t_e",
      "type": "solvus",
      "power": 1.8
    },
    "i_e1": {
      "start": "e1_a",
      "end": "e1_b",
      "type": "horizontal"
    },
    "i_eu": {
      "start": "eu_a",
      "end": "eu_g",
      "type": "horizontal"
    },
    "i_p": {
      "start": "p_im",
      "end": "p_l",
      "type": "horizontal"
    },
    "i_e2": {
      "start": "e2_d",
      "end": "e2_e",
      "type": "horizontal"
    },
    "im_vert": {
      "start": "im_t",
      "end": "im_b",
      "type": "vertical"
    }
  },
  "regions": {
    "R_a": {
      "type": "single-phase",
      "phase_name": "\u03b1",
      "label": {
        "text": "\u03b1",
        "c": 4,
        "t": 600
      },
      "bounding_curves": [
        {
          "id": "S_a",
          "dir": 1
        },
        {
          "id": "sol_a",
          "dir": 1
        },
        {
          "id": "sol_a_bot",
          "dir": 1
        },
        {
          "id": "bot_a",
          "dir": -1
        },
        {
          "id": "e_L",
          "dir": 1
        }
      ]
    }
  }
}