{
  "metadata": {
    "id": "final_boss_479",
    "axes": {
      "c_max": 100,
      "t_max": 1200
    }
  },
  "nodes": {
    "tmA": {
      "c": 0,
      "t": 1123
    },
    "tmB": {
      "c": 100,
      "t": 1093
    },
    "e1_a": {
      "c": 9.301169814489977,
      "t": 816.6644174052018
    },
    "e1_l": {
      "c": 21.62541961877568,
      "t": 816.6644174052018
    },
    "e1_b": {
      "c": 34.131503564372146,
      "t": 816.6644174052018
    },
    "eu_b": {
      "c": 25.681709131287768,
      "t": 677.199166040454
    },
    "eu_a": {
      "c": 4.401827216348834,
      "t": 677.199166040454
    },
    "eu_g": {
      "c": 39.83388344888948,
      "t": 677.199166040454
    },
    "im_t": {
      "c": 57.19918863803144,
      "t": 1032.3232848827583
    },
    "im_b": {
      "c": 57.19918863803144,
      "t": 0
    },
    "p_im": {
      "c": 57.19918863803144,
      "t": 851.0396621602774
    },
    "p_l": {
      "c": 71.39871205772124,
      "t": 851.0396621602774
    },
    "p_d": {
      "c": 60.52670368696198,
      "t": 851.0396621602774
    },
    "e2_d": {
      "c": 66.33153538311055,
      "t": 609.6971576680431
    },
    "e2_l": {
      "c": 72.86445610479934,
      "t": 609.6971576680431
    },
    "e2_e": {
      "c": 89.08094909676196,
      "t": 609.6971576680431
    },
    "t_a": {
      "c": 0.32398121111817135,
      "t": 0
    },
    "t_g_l": {
      "c": 39.65607629630833,
      "t": 0
    },
    "t_g_r": {
      "c": 50.69008280033415,
      "t": 0
    },
    "t_d": {
      "c": 64.12626204016802,
      "t": 0
    },
    "t_e": {
      "c": 97.46518626825828,
      "t": 0
    }
  },
  "curves": {
    "L_1": {
      "start": "tmA",
      "end": "e1_l",
      "type": "liquidus",
      "power": 0.8
    },
    "L_2": {
      "start": "e1_l",
      "end": "im_t",
      "type": "liquidus",
      "power": 1.2
    },
    "L_3": {
      "start": "im_t",
      "end": "p_l",
      "type": "liquidus",
      "power": 0.9
    },
    "L_4": {
      "start": "p_l",
      "end": "e2_l",
      "type": "liquidus",
      "power": 1.1
    },
    "L_5": {
      "start": "e2_l",
      "end": "tmB",
      "type": "liquidus",
      "power": 0.8
    },
    "S_a": {
      "start": "tmA",
      "end": "e1_a",
      "type": "solidus",
      "power": 1.2
    },
    "S_e": {
      "start": "tmB",
      "end": "e2_e",
      "type": "solidus",
      "power": 1.1
    },
    "sol_a": {
      "start": "e1_a",
      "end": "eu_a",
      "type": "solvus",
      "power": 2.0
    },
    "sol_a_bot": {
      "start": "eu_a",
      "end": "t_a",
      "type": "solvus",
      "power": 1.5
    },
    "sol_e": {
      "start": "e2_e",
      "end": "t_e",
      "type": "solvus",
      "power": 1.8
    },
    "i_e1": {
      "start": "e1_a",
      "end": "e1_b",
      "type": "horizontal"
    },
    "i_eu": {
      "start": "eu_a",
      "end": "eu_g",
      "type": "horizontal"
    },
    "i_p": {
      "start": "p_im",
      "end": "p_l",
      "type": "horizontal"
    },
    "i_e2": {
      "start": "e2_d",
      "end": "e2_e",
      "type": "horizontal"
    },
    "im_vert": {
      "start": "im_t",
      "end": "im_b",
      "type": "vertical"
    }
  },
  "regions": {
    "R_a": {
      "type": "single-phase",
      "phase_name": "\u03b1",
      "label": {
        "text": "\u03b1",
        "c": 4,
        "t": 600
      },
      "bounding_curves": [
        {
          "id": "S_a",
          "dir": 1
        },
        {
          "id": "sol_a",
          "dir": 1
        },
        {
          "id": "sol_a_bot",
          "dir": 1
        },
        {
          "id": "bot_a",
          "dir": -1
        },
        {
          "id": "e_L",
          "dir": 1
        }
      ]
    }
  }
}