{
  "metadata": {
    "id": "final_boss_160",
    "axes": {
      "c_max": 100,
      "t_max": 1200
    }
  },
  "nodes": {
    "tmA": {
      "c": 0,
      "t": 1085
    },
    "tmB": {
      "c": 100,
      "t": 1065
    },
    "e1_a": {
      "c": 19.539078994162576,
      "t": 864.0952101338717
    },
    "e1_l": {
      "c": 31.78238443681672,
      "t": 864.0952101338717
    },
    "e1_b": {
      "c": 45.32390663415575,
      "t": 864.0952101338717
    },
    "eu_b": {
      "c": 36.3044938768411,
      "t": 625.7598392943466
    },
    "eu_a": {
      "c": 8.119433997308096,
      "t": 625.7598392943466
    },
    "eu_g": {
      "c": 43.47783133326011,
      "t": 625.7598392943466
    },
    "im_t": {
      "c": 63.695270544838635,
      "t": 1157.90651913994
    },
    "im_b": {
      "c": 63.695270544838635,
      "t": 0
    },
    "p_im": {
      "c": 63.695270544838635,
      "t": 1064.4949798936855
    },
    "p_l": {
      "c": 75.33039447068685,
      "t": 1064.4949798936855
    },
    "p_d": {
      "c": 67.154941087064,
      "t": 1064.4949798936855
    },
    "e2_d": {
      "c": 71.1822358396922,
      "t": 555.999265833258
    },
    "e2_l": {
      "c": 78.16725731390225,
      "t": 555.999265833258
    },
    "e2_e": {
      "c": 83.5749395161767,
      "t": 555.999265833258
    },
    "t_a": {
      "c": 1.358251951112376,
      "t": 0
    },
    "t_g_l": {
      "c": 40.81729445002026,
      "t": 0
    },
    "t_g_r": {
      "c": 50.44758433624905,
      "t": 0
    },
    "t_d": {
      "c": 69.90167015628212,
      "t": 0
    },
    "t_e": {
      "c": 89.28804561257107,
      "t": 0
    }
  },
  "curves": {
    "L_1": {
      "start": "tmA",
      "end": "e1_l",
      "type": "liquidus",
      "power": 0.8
    },
    "L_2": {
      "start": "e1_l",
      "end": "im_t",
      "type": "liquidus",
      "power": 1.2
    },
    "L_3": {
      "start": "im_t",
      "end": "p_l",
      "type": "liquidus",
      "power": 0.9
    },
    "L_4": {
      "start": "p_l",
      "end": "e2_l",
      "type": "liquidus",
      "power": 1.1
    },
    "L_5": {
      "start": "e2_l",
      "end": "tmB",
      "type": "liquidus",
      "power": 0.8
    },
    "S_a": {
      "start": "tmA",
      "end": "e1_a",
      "type": "solidus",
      "power": 1.2
    },
    "S_e": {
      "start": "tmB",
      "end": "e2_e",
      "type": "solidus",
      "power": 1.1
    },
    "sol_a": {
      "start": "e1_a",
      "end": "eu_a",
      "type": "solvus",
      "power": 2.0
    },
    "sol_a_bot": {
      "start": "eu_a",
      "end": "t_a",
      "type": "solvus",
      "power": 1.5
    },
    "sol_e": {
      "start": "e2_e",
      "end": "t_e",
      "type": "solvus",
      "power": 1.8
    },
    "i_e1": {
      "start": "e1_a",
      "end": "e1_b",
      "type": "horizontal"
    },
    "i_eu": {
      "start": "eu_a",
      "end": "eu_g",
      "type": "horizontal"
    },
    "i_p": {
      "start": "p_im",
      "end": "p_l",
      "type": "horizontal"
    },
    "i_e2": {
      "start": "e2_d",
      "end": "e2_e",
      "type": "horizontal"
    },
    "im_vert": {
      "start": "im_t",
      "end": "im_b",
      "type": "vertical"
    }
  },
  "regions": {
    "R_a": {
      "type": "single-phase",
      "phase_name": "\u03b1",
      "label": {
        "text": "\u03b1",
        "c": 4,
        "t": 600
      },
      "bounding_curves": [
        {
          "id": "S_a",
          "dir": 1
        },
        {
          "id": "sol_a",
          "dir": 1
        },
        {
          "id": "sol_a_bot",
          "dir": 1
        },
        {
          "id": "bot_a",
          "dir": -1
        },
        {
          "id": "e_L",
          "dir": 1
        }
      ]
    }
  }
}