{
  "metadata": {
    "id": "final_boss_477",
    "axes": {
      "c_max": 100,
      "t_max": 1200
    }
  },
  "nodes": {
    "tmA": {
      "c": 0,
      "t": 1094
    },
    "tmB": {
      "c": 100,
      "t": 1060
    },
    "e1_a": {
      "c": 19.568084402758082,
      "t": 900.3389277171342
    },
    "e1_l": {
      "c": 35.41620423629195,
      "t": 900.3389277171342
    },
    "e1_b": {
      "c": 46.30428466158319,
      "t": 900.3389277171342
    },
    "eu_b": {
      "c": 44.05023252537198,
      "t": 739.7860576940021
    },
    "eu_a": {
      "c": 7.0030337573579615,
      "t": 739.7860576940021
    },
    "eu_g": {
      "c": 50.269161254445734,
      "t": 739.7860576940021
    },
    "im_t": {
      "c": 66.54663366636157,
      "t": 1034.4940647424319
    },
    "im_b": {
      "c": 66.54663366636157,
      "t": 0
    },
    "p_im": {
      "c": 66.54663366636157,
      "t": 773.1311619650926
    },
    "p_l": {
      "c": 78.83055403116664,
      "t": 773.1311619650926
    },
    "p_d": {
      "c": 70.62038655214832,
      "t": 773.1311619650926
    },
    "e2_d": {
      "c": 73.88108882111196,
      "t": 668.2193619746556
    },
    "e2_l": {
      "c": 79.69182929536508,
      "t": 668.2193619746556
    },
    "e2_e": {
      "c": 87.71054481509995,
      "t": 668.2193619746556
    },
    "t_a": {
      "c": 3.3192795480136414,
      "t": 0
    },
    "t_g_l": {
      "c": 49.80735142217638,
      "t": 0
    },
    "t_g_r": {
      "c": 59.525971927876085,
      "t": 0
    },
    "t_d": {
      "c": 70.32855092437799,
      "t": 0
    },
    "t_e": {
      "c": 97.21086696838746,
      "t": 0
    }
  },
  "curves": {
    "L_1": {
      "start": "tmA",
      "end": "e1_l",
      "type": "liquidus",
      "power": 0.8
    },
    "L_2": {
      "start": "e1_l",
      "end": "im_t",
      "type": "liquidus",
      "power": 1.2
    },
    "L_3": {
      "start": "im_t",
      "end": "p_l",
      "type": "liquidus",
      "power": 0.9
    },
    "L_4": {
      "start": "p_l",
      "end": "e2_l",
      "type": "liquidus",
      "power": 1.1
    },
    "L_5": {
      "start": "e2_l",
      "end": "tmB",
      "type": "liquidus",
      "power": 0.8
    },
    "S_a": {
      "start": "tmA",
      "end": "e1_a",
      "type": "solidus",
      "power": 1.2
    },
    "S_e": {
      "start": "tmB",
      "end": "e2_e",
      "type": "solidus",
      "power": 1.1
    },
    "sol_a": {
      "start": "e1_a",
      "end": "eu_a",
      "type": "solvus",
      "power": 2.0
    },
    "sol_a_bot": {
      "start": "eu_a",
      "end": "t_a",
      "type": "solvus",
      "power": 1.5
    },
    "sol_e": {
      "start": "e2_e",
      "end": "t_e",
      "type": "solvus",
      "power": 1.8
    },
    "i_e1": {
      "start": "e1_a",
      "end": "e1_b",
      "type": "horizontal"
    },
    "i_eu": {
      "start": "eu_a",
      "end": "eu_g",
      "type": "horizontal"
    },
    "i_p": {
      "start": "p_im",
      "end": "p_l",
      "type": "horizontal"
    },
    "i_e2": {
      "start": "e2_d",
      "end": "e2_e",
      "type": "horizontal"
    },
    "im_vert": {
      "start": "im_t",
      "end": "im_b",
      "type": "vertical"
    }
  },
  "regions": {
    "R_a": {
      "type": "single-phase",
      "phase_name": "\u03b1",
      "label": {
        "text": "\u03b1",
        "c": 4,
        "t": 600
      },
      "bounding_curves": [
        {
          "id": "S_a",
          "dir": 1
        },
        {
          "id": "sol_a",
          "dir": 1
        },
        {
          "id": "sol_a_bot",
          "dir": 1
        },
        {
          "id": "bot_a",
          "dir": -1
        },
        {
          "id": "e_L",
          "dir": 1
        }
      ]
    }
  }
}