{
  "metadata": {
    "id": "final_boss_344",
    "axes": {
      "c_max": 100,
      "t_max": 1200
    }
  },
  "nodes": {
    "tmA": {
      "c": 0,
      "t": 1146
    },
    "tmB": {
      "c": 100,
      "t": 1135
    },
    "e1_a": {
      "c": 13.360585580431323,
      "t": 904.0902685507579
    },
    "e1_l": {
      "c": 21.808137560152936,
      "t": 904.0902685507579
    },
    "e1_b": {
      "c": 31.013440737496456,
      "t": 904.0902685507579
    },
    "eu_b": {
      "c": 28.448439171652407,
      "t": 676.2196363685996
    },
    "eu_a": {
      "c": 4.9797983664904635,
      "t": 676.2196363685996
    },
    "eu_g": {
      "c": 33.81132992102189,
      "t": 676.2196363685996
    },
    "im_t": {
      "c": 62.79301809303928,
      "t": 1059.8484876095863
    },
    "im_b": {
      "c": 62.79301809303928,
      "t": 0
    },
    "p_im": {
      "c": 62.79301809303928,
      "t": 769.812610950424
    },
    "p_l": {
      "c": 80.13135494230197,
      "t": 769.812610950424
    },
    "p_d": {
      "c": 69.22738971495949,
      "t": 769.812610950424
    },
    "e2_d": {
      "c": 72.23329148076529,
      "t": 585.120094440156
    },
    "e2_l": {
      "c": 79.1688532147971,
      "t": 585.120094440156
    },
    "e2_e": {
      "c": 91.35261481398784,
      "t": 585.120094440156
    },
    "t_a": {
      "c": 1.7569475793404792,
      "t": 0
    },
    "t_g_l": {
      "c": 33.35160453250228,
      "t": 0
    },
    "t_g_r": {
      "c": 52.82954592227797,
      "t": 0
    },
    "t_d": {
      "c": 72.12452254685807,
      "t": 0
    },
    "t_e": {
      "c": 93.32794212768204,
      "t": 0
    }
  },
  "curves": {
    "L_1": {
      "start": "tmA",
      "end": "e1_l",
      "type": "liquidus",
      "power": 0.8
    },
    "L_2": {
      "start": "e1_l",
      "end": "im_t",
      "type": "liquidus",
      "power": 1.2
    },
    "L_3": {
      "start": "im_t",
      "end": "p_l",
      "type": "liquidus",
      "power": 0.9
    },
    "L_4": {
      "start": "p_l",
      "end": "e2_l",
      "type": "liquidus",
      "power": 1.1
    },
    "L_5": {
      "start": "e2_l",
      "end": "tmB",
      "type": "liquidus",
      "power": 0.8
    },
    "S_a": {
      "start": "tmA",
      "end": "e1_a",
      "type": "solidus",
      "power": 1.2
    },
    "S_e": {
      "start": "tmB",
      "end": "e2_e",
      "type": "solidus",
      "power": 1.1
    },
    "sol_a": {
      "start": "e1_a",
      "end": "eu_a",
      "type": "solvus",
      "power": 2.0
    },
    "sol_a_bot": {
      "start": "eu_a",
      "end": "t_a",
      "type": "solvus",
      "power": 1.5
    },
    "sol_e": {
      "start": "e2_e",
      "end": "t_e",
      "type": "solvus",
      "power": 1.8
    },
    "i_e1": {
      "start": "e1_a",
      "end": "e1_b",
      "type": "horizontal"
    },
    "i_eu": {
      "start": "eu_a",
      "end": "eu_g",
      "type": "horizontal"
    },
    "i_p": {
      "start": "p_im",
      "end": "p_l",
      "type": "horizontal"
    },
    "i_e2": {
      "start": "e2_d",
      "end": "e2_e",
      "type": "horizontal"
    },
    "im_vert": {
      "start": "im_t",
      "end": "im_b",
      "type": "vertical"
    }
  },
  "regions": {
    "R_a": {
      "type": "single-phase",
      "phase_name": "\u03b1",
      "label": {
        "text": "\u03b1",
        "c": 4,
        "t": 600
      },
      "bounding_curves": [
        {
          "id": "S_a",
          "dir": 1
        },
        {
          "id": "sol_a",
          "dir": 1
        },
        {
          "id": "sol_a_bot",
          "dir": 1
        },
        {
          "id": "bot_a",
          "dir": -1
        },
        {
          "id": "e_L",
          "dir": 1
        }
      ]
    }
  }
}