{
  "metadata": {
    "id": "final_boss_436",
    "axes": {
      "c_max": 100,
      "t_max": 1200
    }
  },
  "nodes": {
    "tmA": {
      "c": 0,
      "t": 1124
    },
    "tmB": {
      "c": 100,
      "t": 1056
    },
    "e1_a": {
      "c": 16.058657354623527,
      "t": 856.2084748996249
    },
    "e1_l": {
      "c": 30.084480941252544,
      "t": 856.2084748996249
    },
    "e1_b": {
      "c": 43.10312148621851,
      "t": 856.2084748996249
    },
    "eu_b": {
      "c": 40.52327653322459,
      "t": 701.507905355741
    },
    "eu_a": {
      "c": 12.392840513168736,
      "t": 701.507905355741
    },
    "eu_g": {
      "c": 54.06823641882343,
      "t": 701.507905355741
    },
    "im_t": {
      "c": 73.07969772286567,
      "t": 1163.4657292616916
    },
    "im_b": {
      "c": 73.07969772286567,
      "t": 0
    },
    "p_im": {
      "c": 73.07969772286567,
      "t": 892.9975497197555
    },
    "p_l": {
      "c": 85.86019774283221,
      "t": 892.9975497197555
    },
    "p_d": {
      "c": 76.17218716663314,
      "t": 892.9975497197555
    },
    "e2_d": {
      "c": 78.3309415695716,
      "t": 621.2673345725871
    },
    "e2_l": {
      "c": 89.03138231703404,
      "t": 621.2673345725871
    },
    "e2_e": {
      "c": 93.24654390083283,
      "t": 621.2673345725871
    },
    "t_a": {
      "c": 0.6845834317073156,
      "t": 0
    },
    "t_g_l": {
      "c": 53.694131538431755,
      "t": 0
    },
    "t_g_r": {
      "c": 55.2509982432353,
      "t": 0
    },
    "t_d": {
      "c": 77.87815106850667,
      "t": 0
    },
    "t_e": {
      "c": 97.87599525991105,
      "t": 0
    }
  },
  "curves": {
    "L_1": {
      "start": "tmA",
      "end": "e1_l",
      "type": "liquidus",
      "power": 0.8
    },
    "L_2": {
      "start": "e1_l",
      "end": "im_t",
      "type": "liquidus",
      "power": 1.2
    },
    "L_3": {
      "start": "im_t",
      "end": "p_l",
      "type": "liquidus",
      "power": 0.9
    },
    "L_4": {
      "start": "p_l",
      "end": "e2_l",
      "type": "liquidus",
      "power": 1.1
    },
    "L_5": {
      "start": "e2_l",
      "end": "tmB",
      "type": "liquidus",
      "power": 0.8
    },
    "S_a": {
      "start": "tmA",
      "end": "e1_a",
      "type": "solidus",
      "power": 1.2
    },
    "S_e": {
      "start": "tmB",
      "end": "e2_e",
      "type": "solidus",
      "power": 1.1
    },
    "sol_a": {
      "start": "e1_a",
      "end": "eu_a",
      "type": "solvus",
      "power": 2.0
    },
    "sol_a_bot": {
      "start": "eu_a",
      "end": "t_a",
      "type": "solvus",
      "power": 1.5
    },
    "sol_e": {
      "start": "e2_e",
      "end": "t_e",
      "type": "solvus",
      "power": 1.8
    },
    "i_e1": {
      "start": "e1_a",
      "end": "e1_b",
      "type": "horizontal"
    },
    "i_eu": {
      "start": "eu_a",
      "end": "eu_g",
      "type": "horizontal"
    },
    "i_p": {
      "start": "p_im",
      "end": "p_l",
      "type": "horizontal"
    },
    "i_e2": {
      "start": "e2_d",
      "end": "e2_e",
      "type": "horizontal"
    },
    "im_vert": {
      "start": "im_t",
      "end": "im_b",
      "type": "vertical"
    }
  },
  "regions": {
    "R_a": {
      "type": "single-phase",
      "phase_name": "\u03b1",
      "label": {
        "text": "\u03b1",
        "c": 4,
        "t": 600
      },
      "bounding_curves": [
        {
          "id": "S_a",
          "dir": 1
        },
        {
          "id": "sol_a",
          "dir": 1
        },
        {
          "id": "sol_a_bot",
          "dir": 1
        },
        {
          "id": "bot_a",
          "dir": -1
        },
        {
          "id": "e_L",
          "dir": 1
        }
      ]
    }
  }
}