{
  "metadata": {
    "id": "final_boss_427",
    "axes": {
      "c_max": 100,
      "t_max": 1200
    },
    "intermetallics": [
      "AB2",
      "A4B"
    ],
    "mirrored": true
  },
  "nodes": {
    "top_L": {
      "c": 100.0,
      "t": 1200.0
    },
    "top_R": {
      "c": 0.0,
      "t": 1200.0
    },
    "bot_L": {
      "c": 100.0,
      "t": 0.0
    },
    "bot_R": {
      "c": 0.0,
      "t": 0.0
    },
    "tmA": {
      "c": 100.0,
      "t": 1084.6647
    },
    "tmB": {
      "c": 0.0,
      "t": 1084.6647
    },
    "im1_top": {
      "c": 80.0,
      "t": 1132.44242371496
    },
    "bot_mid1": {
      "c": 80.0,
      "t": 0.0
    },
    "bot_mid2": {
      "c": 33.33,
      "t": 0.0
    },
    "e1_a": {
      "c": 73.332,
      "t": 852.1582
    },
    "e1_l": {
      "c": 56.665,
      "t": 852.1582,
      "is_nexus": true
    },
    "im1_e1": {
      "c": 80.0,
      "t": 852.1582
    },
    "po_a": {
      "c": 83.4838,
      "t": 527.7633
    },
    "im2_po": {
      "c": 33.33,
      "t": 527.7633,
      "is_nexus": true
    },
    "im1_po": {
      "c": 80.0,
      "t": 527.7633
    },
    "sol_a_bot": {
      "c": 91.7419,
      "t": 0.0
    },
    "sol_e_bot": {
      "c": 6.875,
      "t": 0.0
    },
    "im1_p": {
      "c": 80.0,
      "t": 953.1989
    },
    "p_g": {
      "c": 60.5,
      "t": 953.1989,
      "is_nexus": true
    },
    "p_l": {
      "c": 41.0,
      "t": 953.1989
    },
    "e2_g": {
      "c": 50.75,
      "t": 776.9056
    },
    "e2_l": {
      "c": 31.25,
      "t": 776.9056,
      "is_nexus": true
    },
    "e2_e": {
      "c": 21.5,
      "t": 776.9056
    },
    "im1_eu": {
      "c": 80.0,
      "t": 632.4319
    },
    "eu_g": {
      "c": 70.25,
      "t": 632.4319,
      "is_nexus": true
    },
    "eu_e": {
      "c": 11.75,
      "t": 632.4319
    }
  },
  "curves": {
    "L_1": {
      "start": "tmA",
      "end": "e1_l",
      "type": "liquidus",
      "cx": -5.391779655319974
    },
    "L_2": {
      "start": "e1_l",
      "end": "im1_top",
      "type": "liquidus",
      "cx": 3.3702879012209066
    },
    "L_3": {
      "start": "im1_top",
      "end": "p_l",
      "type": "liquidus",
      "cx": -3.1797607959109735
    },
    "L_4": {
      "start": "p_l",
      "end": "e2_l",
      "type": "liquidus",
      "cx": -2.1474110526611634
    },
    "L_5": {
      "start": "e2_l",
      "end": "tmB",
      "type": "liquidus",
      "cx": 4.552672946888352
    },
    "S_a": {
      "start": "tmA",
      "end": "e1_a",
      "type": "solidus",
      "cx": 2.9285098852756155
    },
    "S_g": {
      "start": "p_g",
      "end": "e2_g",
      "type": "solidus",
      "cx": -1.0
    },
    "S_e": {
      "start": "tmB",
      "end": "e2_e",
      "type": "solidus",
      "cx": -2.128316518721423
    },
    "sol_a": {
      "start": "e1_a",
      "end": "sol_a_bot",
      "type": "solvus",
      "cx": -3.662584618917926
    },
    "sol_g_L": {
      "start": "p_g",
      "end": "eu_g",
      "type": "solvus",
      "cx": 1.8399030664435414
    },
    "sol_g_R": {
      "start": "e2_g",
      "end": "eu_g",
      "type": "solvus",
      "cx": -1.6724371301767176
    },
    "sol_e": {
      "start": "e2_e",
      "end": "sol_e_bot",
      "type": "solvus",
      "cx": 3.6322313629725893
    },
    "IM1": {
      "start": "im1_top",
      "end": "bot_mid1",
      "type": "vertical"
    },
    "IM2": {
      "start": "im2_po",
      "end": "bot_mid2",
      "type": "vertical"
    },
    "iso_e1": {
      "start": "e1_a",
      "end": "im1_e1",
      "type": "horizontal"
    },
    "iso_po": {
      "start": "po_a",
      "end": "im1_po",
      "type": "horizontal"
    },
    "iso_p": {
      "start": "im1_p",
      "end": "p_l",
      "type": "horizontal"
    },
    "iso_e2": {
      "start": "e2_g",
      "end": "e2_e",
      "type": "horizontal"
    },
    "iso_eu": {
      "start": "im1_eu",
      "end": "eu_e",
      "type": "horizontal"
    },
    "ed_top": {
      "start": "top_L",
      "end": "top_R",
      "type": "edge"
    },
    "ed_L_axis_top": {
      "start": "top_L",
      "end": "tmA",
      "type": "edge"
    },
    "ed_R_axis_top": {
      "start": "top_R",
      "end": "tmB",
      "type": "edge"
    },
    "ed_e1_L": {
      "start": "e1_a",
      "end": "e1_l",
      "type": "edge"
    },
    "ed_e1_R": {
      "start": "e1_l",
      "end": "im1_e1",
      "type": "edge"
    },
    "ed_po_L": {
      "start": "po_a",
      "end": "im2_po",
      "type": "edge"
    },
    "ed_po_R": {
      "start": "im2_po",
      "end": "im1_po",
      "type": "edge"
    },
    "ed_p_L": {
      "start": "im1_p",
      "end": "p_g",
      "type": "edge"
    },
    "ed_p_R": {
      "start": "p_g",
      "end": "p_l",
      "type": "edge"
    },
    "ed_e2_L": {
      "start": "e2_g",
      "end": "e2_l",
      "type": "edge"
    },
    "ed_e2_R": {
      "start": "e2_l",
      "end": "e2_e",
      "type": "edge"
    },
    "ed_eu_L": {
      "start": "im1_eu",
      "end": "eu_g",
      "type": "edge"
    },
    "ed_eu_R": {
      "start": "eu_g",
      "end": "eu_e",
      "type": "edge"
    },
    "ed_sol_a_up": {
      "start": "e1_a",
      "end": "po_a",
      "type": "edge",
      "cx": -3.662584618917926
    },
    "ed_sol_a_bot": {
      "start": "po_a",
      "end": "sol_a_bot",
      "type": "edge",
      "cx": -3.662584618917926
    },
    "ed_sol_e_up": {
      "start": "e2_e",
      "end": "eu_e",
      "type": "edge",
      "cx": 3.6322313629725893
    },
    "ed_sol_e_bot": {
      "start": "eu_e",
      "end": "sol_e_bot",
      "type": "edge",
      "cx": 3.6322313629725893
    },
    "ed_im1_1": {
      "start": "im1_top",
      "end": "im1_p",
      "type": "edge"
    },
    "ed_im1_2": {
      "start": "im1_p",
      "end": "im1_e1",
      "type": "edge"
    },
    "ed_im1_3": {
      "start": "im1_e1",
      "end": "im1_eu",
      "type": "edge"
    },
    "ed_im1_4": {
      "start": "im1_eu",
      "end": "im1_po",
      "type": "edge"
    },
    "ed_im1_5": {
      "start": "im1_po",
      "end": "bot_mid1",
      "type": "edge"
    },
    "ed_axis_L": {
      "start": "tmA",
      "end": "bot_L",
      "type": "edge"
    },
    "ed_axis_R": {
      "start": "tmB",
      "end": "bot_R",
      "type": "edge"
    },
    "ed_bot_a": {
      "start": "bot_L",
      "end": "sol_a_bot",
      "type": "edge"
    },
    "ed_bot_im2": {
      "start": "sol_a_bot",
      "end": "bot_mid2",
      "type": "edge"
    },
    "ed_bot_im1": {
      "start": "bot_mid2",
      "end": "bot_mid1",
      "type": "edge"
    },
    "ed_bot_im1_e": {
      "start": "bot_mid1",
      "end": "sol_e_bot",
      "type": "edge"
    },
    "ed_bot_e_phase": {
      "start": "sol_e_bot",
      "end": "bot_R",
      "type": "edge"
    }
  },
  "regions": {
    "R_L": {
      "type": "single-phase",
      "phase_name": "L",
      "bounding_curves": [
        {
          "id": "ed_L_axis_top",
          "dir": -1
        },
        {
          "id": "ed_top",
          "dir": 1
        },
        {
          "id": "ed_R_axis_top",
          "dir": 1
        },
        {
          "id": "L_5",
          "dir": -1
        },
        {
          "id": "L_4",
          "dir": -1
        },
        {
          "id": "L_3",
          "dir": -1
        },
        {
          "id": "L_2",
          "dir": -1
        },
        {
          "id": "L_1",
          "dir": -1
        }
      ]
    },
    "R_L_a": {
      "type": "two-phase",
      "phases": [
        "L",
        "\u03b3"
      ],
      "bounding_curves": [
        {
          "id": "L_1",
          "dir": 1
        },
        {
          "id": "ed_e1_L",
          "dir": -1
        },
        {
          "id": "S_a",
          "dir": -1
        }
      ]
    },
    "R_L_IM1_L": {
      "type": "two-phase",
      "phases": [
        "L",
        "A4B"
      ],
      "bounding_curves": [
        {
          "id": "L_2",