{
  "metadata": {
    "id": "final_boss_176",
    "axes": {
      "c_max": 100,
      "t_max": 1200
    }
  },
  "nodes": {
    "tmA": {
      "c": 0,
      "t": 1120
    },
    "tmB": {
      "c": 100,
      "t": 1074
    },
    "e1_a": {
      "c": 8.78653930022454,
      "t": 813.4976613187565
    },
    "e1_l": {
      "c": 23.098148793588383,
      "t": 813.4976613187565
    },
    "e1_b": {
      "c": 34.38993779446263,
      "t": 813.4976613187565
    },
    "eu_b": {
      "c": 30.750966727587144,
      "t": 519.2154484083542
    },
    "eu_a": {
      "c": 5.687193935603119,
      "t": 519.2154484083542
    },
    "eu_g": {
      "c": 42.82578154483448,
      "t": 519.2154484083542
    },
    "im_t": {
      "c": 64.88513210511921,
      "t": 980.1071146118918
    },
    "im_b": {
      "c": 64.88513210511921,
      "t": 0
    },
    "p_im": {
      "c": 64.88513210511921,
      "t": 784.2570504470383
    },
    "p_l": {
      "c": 76.17305994123271,
      "t": 784.2570504470383
    },
    "p_d": {
      "c": 72.0387025047501,
      "t": 784.2570504470383
    },
    "e2_d": {
      "c": 72.54198350264706,
      "t": 411.6471059803704
    },
    "e2_l": {
      "c": 77.75162385534603,
      "t": 411.6471059803704
    },
    "e2_e": {
      "c": 87.89069773874996,
      "t": 411.6471059803704
    },
    "t_a": {
      "c": 1.829397588692492,
      "t": 0
    },
    "t_g_l": {
      "c": 40.87486898624461,
      "t": 0
    },
    "t_g_r": {
      "c": 60.269729019326505,
      "t": 0
    },
    "t_d": {
      "c": 71.51307739589309,
      "t": 0
    },
    "t_e": {
      "c": 95.42833618405699,
      "t": 0
    }
  },
  "curves": {
    "L_1": {
      "start": "tmA",
      "end": "e1_l",
      "type": "liquidus",
      "power": 0.8
    },
    "L_2": {
      "start": "e1_l",
      "end": "im_t",
      "type": "liquidus",
      "power": 1.2
    },
    "L_3": {
      "start": "im_t",
      "end": "p_l",
      "type": "liquidus",
      "power": 0.9
    },
    "L_4": {
      "start": "p_l",
      "end": "e2_l",
      "type": "liquidus",
      "power": 1.1
    },
    "L_5": {
      "start": "e2_l",
      "end": "tmB",
      "type": "liquidus",
      "power": 0.8
    },
    "S_a": {
      "start": "tmA",
      "end": "e1_a",
      "type": "solidus",
      "power": 1.2
    },
    "S_e": {
      "start": "tmB",
      "end": "e2_e",
      "type": "solidus",
      "power": 1.1
    },
    "sol_a": {
      "start": "e1_a",
      "end": "eu_a",
      "type": "solvus",
      "power": 2.0
    },
    "sol_a_bot": {
      "start": "eu_a",
      "end": "t_a",
      "type": "solvus",
      "power": 1.5
    },
    "sol_e": {
      "start": "e2_e",
      "end": "t_e",
      "type": "solvus",
      "power": 1.8
    },
    "i_e1": {
      "start": "e1_a",
      "end": "e1_b",
      "type": "horizontal"
    },
    "i_eu": {
      "start": "eu_a",
      "end": "eu_g",
      "type": "horizontal"
    },
    "i_p": {
      "start": "p_im",
      "end": "p_l",
      "type": "horizontal"
    },
    "i_e2": {
      "start": "e2_d",
      "end": "e2_e",
      "type": "horizontal"
    },
    "im_vert": {
      "start": "im_t",
      "end": "im_b",
      "type": "vertical"
    }
  },
  "regions": {
    "R_a": {
      "type": "single-phase",
      "phase_name": "\u03b1",
      "label": {
        "text": "\u03b1",
        "c": 4,
        "t": 600
      },
      "bounding_curves": [
        {
          "id": "S_a",
          "dir": 1
        },
        {
          "id": "sol_a",
          "dir": 1
        },
        {
          "id": "sol_a_bot",
          "dir": 1
        },
        {
          "id": "bot_a",
          "dir": -1
        },
        {
          "id": "e_L",
          "dir": 1
        }
      ]
    }
  }
}