{
  "metadata": {
    "id": "final_boss_486",
    "axes": {
      "c_max": 100,
      "t_max": 1200
    }
  },
  "nodes": {
    "tmA": {
      "c": 0,
      "t": 1062
    },
    "tmB": {
      "c": 100,
      "t": 1089
    },
    "e1_a": {
      "c": 8.88071883096022,
      "t": 914.854009315918
    },
    "e1_l": {
      "c": 28.104591877821214,
      "t": 914.854009315918
    },
    "e1_b": {
      "c": 37.85447293203321,
      "t": 914.854009315918
    },
    "eu_b": {
      "c": 33.55147940703039,
      "t": 806.1593231237152
    },
    "eu_a": {
      "c": 5.291561428931621,
      "t": 806.1593231237152
    },
    "eu_g": {
      "c": 42.46136154627765,
      "t": 806.1593231237152
    },
    "im_t": {
      "c": 74.84883445500182,
      "t": 1154.6270360594938
    },
    "im_b": {
      "c": 74.84883445500182,
      "t": 0
    },
    "p_im": {
      "c": 74.84883445500182,
      "t": 854.3499234249566
    },
    "p_l": {
      "c": 86.89766280983827,
      "t": 854.3499234249566
    },
    "p_d": {
      "c": 80.73800629765354,
      "t": 854.3499234249566
    },
    "e2_d": {
      "c": 82.87387835346054,
      "t": 450.66212020564916
    },
    "e2_l": {
      "c": 91.49229262829758,
      "t": 450.66212020564916
    },
    "e2_e": {
      "c": 95.8603706394649,
      "t": 450.66212020564916
    },
    "t_a": {
      "c": 4.167010932771731,
      "t": 0
    },
    "t_g_l": {
      "c": 39.73214086564993,
      "t": 0
    },
    "t_g_r": {
      "c": 72.9518038987611,
      "t": 0
    },
    "t_d": {
      "c": 79.32471411495872,
      "t": 0
    },
    "t_e": {
      "c": 99.73893539897219,
      "t": 0
    }
  },
  "curves": {
    "L_1": {
      "start": "tmA",
      "end": "e1_l",
      "type": "liquidus",
      "power": 0.8
    },
    "L_2": {
      "start": "e1_l",
      "end": "im_t",
      "type": "liquidus",
      "power": 1.2
    },
    "L_3": {
      "start": "im_t",
      "end": "p_l",
      "type": "liquidus",
      "power": 0.9
    },
    "L_4": {
      "start": "p_l",
      "end": "e2_l",
      "type": "liquidus",
      "power": 1.1
    },
    "L_5": {
      "start": "e2_l",
      "end": "tmB",
      "type": "liquidus",
      "power": 0.8
    },
    "S_a": {
      "start": "tmA",
      "end": "e1_a",
      "type": "solidus",
      "power": 1.2
    },
    "S_e": {
      "start": "tmB",
      "end": "e2_e",
      "type": "solidus",
      "power": 1.1
    },
    "sol_a": {
      "start": "e1_a",
      "end": "eu_a",
      "type": "solvus",
      "power": 2.0
    },
    "sol_a_bot": {
      "start": "eu_a",
      "end": "t_a",
      "type": "solvus",
      "power": 1.5
    },
    "sol_e": {
      "start": "e2_e",
      "end": "t_e",
      "type": "solvus",
      "power": 1.8
    },
    "i_e1": {
      "start": "e1_a",
      "end": "e1_b",
      "type": "horizontal"
    },
    "i_eu": {
      "start": "eu_a",
      "end": "eu_g",
      "type": "horizontal"
    },
    "i_p": {
      "start": "p_im",
      "end": "p_l",
      "type": "horizontal"
    },
    "i_e2": {
      "start": "e2_d",
      "end": "e2_e",
      "type": "horizontal"
    },
    "im_vert": {
      "start": "im_t",
      "end": "im_b",
      "type": "vertical"
    }
  },
  "regions": {
    "R_a": {
      "type": "single-phase",
      "phase_name": "\u03b1",
      "label": {
        "text": "\u03b1",
        "c": 4,
        "t": 600
      },
      "bounding_curves": [
        {
          "id": "S_a",
          "dir": 1
        },
        {
          "id": "sol_a",
          "dir": 1
        },
        {
          "id": "sol_a_bot",
          "dir": 1
        },
        {
          "id": "bot_a",
          "dir": -1
        },
        {
          "id": "e_L",
          "dir": 1
        }
      ]
    }
  }
}