{
  "metadata": {
    "id": "final_boss_438",
    "axes": {
      "c_max": 100,
      "t_max": 1200
    }
  },
  "nodes": {
    "tmA": {
      "c": 0,
      "t": 1052
    },
    "tmB": {
      "c": 100,
      "t": 1098
    },
    "e1_a": {
      "c": 15.374377440881545,
      "t": 936.6772290521006
    },
    "e1_l": {
      "c": 28.69256768248948,
      "t": 936.6772290521006
    },
    "e1_b": {
      "c": 42.664192089837414,
      "t": 936.6772290521006
    },
    "eu_b": {
      "c": 36.0312905108932,
      "t": 532.6502778012988
    },
    "eu_a": {
      "c": 7.6010190443473995,
      "t": 532.6502778012988
    },
    "eu_g": {
      "c": 50.26857821138221,
      "t": 532.6502778012988
    },
    "im_t": {
      "c": 60.791729887001324,
      "t": 1109.9294519500668
    },
    "im_b": {
      "c": 60.791729887001324,
      "t": 0
    },
    "p_im": {
      "c": 60.791729887001324,
      "t": 1041.929615687016
    },
    "p_l": {
      "c": 73.69694961714163,
      "t": 1041.929615687016
    },
    "p_d": {
      "c": 67.56894316503814,
      "t": 1041.929615687016
    },
    "e2_d": {
      "c": 69.65242737890543,
      "t": 957.7522928510485
    },
    "e2_l": {
      "c": 77.36678331082287,
      "t": 957.7522928510485
    },
    "e2_e": {
      "c": 89.98366047411628,
      "t": 957.7522928510485
    },
    "t_a": {
      "c": 5.763072594195997,
      "t": 0
    },
    "t_g_l": {
      "c": 48.54861953993697,
      "t": 0
    },
    "t_g_r": {
      "c": 54.982278029539465,
      "t": 0
    },
    "t_d": {
      "c": 67.92405543122938,
      "t": 0
    },
    "t_e": {
      "c": 95.60852360153007,
      "t": 0
    }
  },
  "curves": {
    "L_1": {
      "start": "tmA",
      "end": "e1_l",
      "type": "liquidus",
      "power": 0.8
    },
    "L_2": {
      "start": "e1_l",
      "end": "im_t",
      "type": "liquidus",
      "power": 1.2
    },
    "L_3": {
      "start": "im_t",
      "end": "p_l",
      "type": "liquidus",
      "power": 0.9
    },
    "L_4": {
      "start": "p_l",
      "end": "e2_l",
      "type": "liquidus",
      "power": 1.1
    },
    "L_5": {
      "start": "e2_l",
      "end": "tmB",
      "type": "liquidus",
      "power": 0.8
    },
    "S_a": {
      "start": "tmA",
      "end": "e1_a",
      "type": "solidus",
      "power": 1.2
    },
    "S_e": {
      "start": "tmB",
      "end": "e2_e",
      "type": "solidus",
      "power": 1.1
    },
    "sol_a": {
      "start": "e1_a",
      "end": "eu_a",
      "type": "solvus",
      "power": 2.0
    },
    "sol_a_bot": {
      "start": "eu_a",
      "end": "t_a",
      "type": "solvus",
      "power": 1.5
    },
    "sol_e": {
      "start": "e2_e",
      "end": "t_e",
      "type": "solvus",
      "power": 1.8
    },
    "i_e1": {
      "start": "e1_a",
      "end": "e1_b",
      "type": "horizontal"
    },
    "i_eu": {
      "start": "eu_a",
      "end": "eu_g",
      "type": "horizontal"
    },
    "i_p": {
      "start": "p_im",
      "end": "p_l",
      "type": "horizontal"
    },
    "i_e2": {
      "start": "e2_d",
      "end": "e2_e",
      "type": "horizontal"
    },
    "im_vert": {
      "start": "im_t",
      "end": "im_b",
      "type": "vertical"
    }
  },
  "regions": {
    "R_a": {
      "type": "single-phase",
      "phase_name": "\u03b1",
      "label": {
        "text": "\u03b1",
        "c": 4,
        "t": 600
      },
      "bounding_curves": [
        {
          "id": "S_a",
          "dir": 1
        },
        {
          "id": "sol_a",
          "dir": 1
        },
        {
          "id": "sol_a_bot",
          "dir": 1
        },
        {
          "id": "bot_a",
          "dir": -1
        },
        {
          "id": "e_L",
          "dir": 1
        }
      ]
    }
  }
}