{
  "metadata": {
    "id": "final_boss_346",
    "axes": {
      "c_max": 100,
      "t_max": 1200
    }
  },
  "nodes": {
    "tmA": {
      "c": 0,
      "t": 1093
    },
    "tmB": {
      "c": 100,
      "t": 1023
    },
    "e1_a": {
      "c": 16.32329980351023,
      "t": 870.455080758125
    },
    "e1_l": {
      "c": 24.54102904620755,
      "t": 870.455080758125
    },
    "e1_b": {
      "c": 33.628199382106274,
      "t": 870.455080758125
    },
    "eu_b": {
      "c": 27.00532284511288,
      "t": 695.7487005246551
    },
    "eu_a": {
      "c": 9.305140347815248,
      "t": 695.7487005246551
    },
    "eu_g": {
      "c": 36.048914342990706,
      "t": 695.7487005246551
    },
    "im_t": {
      "c": 67.97134200681236,
      "t": 970.6834562955503
    },
    "im_b": {
      "c": 67.97134200681236,
      "t": 0
    },
    "p_im": {
      "c": 67.97134200681236,
      "t": 863.5224174297368
    },
    "p_l": {
      "c": 79.8925138124935,
      "t": 863.5224174297368
    },
    "p_d": {
      "c": 75.83918666573264,
      "t": 863.5224174297368
    },
    "e2_d": {
      "c": 75.95761066094899,
      "t": 793.5754787131332
    },
    "e2_l": {
      "c": 83.51240707436826,
      "t": 793.5754787131332
    },
    "e2_e": {
      "c": 92.76669169683156,
      "t": 793.5754787131332
    },
    "t_a": {
      "c": 7.14980446617839,
      "t": 0
    },
    "t_g_l": {
      "c": 35.777777783915035,
      "t": 0
    },
    "t_g_r": {
      "c": 59.956754420627334,
      "t": 0
    },
    "t_d": {
      "c": 75.26871322676983,
      "t": 0
    },
    "t_e": {
      "c": 97.55787976508473,
      "t": 0
    }
  },
  "curves": {
    "L_1": {
      "start": "tmA",
      "end": "e1_l",
      "type": "liquidus",
      "power": 0.8
    },
    "L_2": {
      "start": "e1_l",
      "end": "im_t",
      "type": "liquidus",
      "power": 1.2
    },
    "L_3": {
      "start": "im_t",
      "end": "p_l",
      "type": "liquidus",
      "power": 0.9
    },
    "L_4": {
      "start": "p_l",
      "end": "e2_l",
      "type": "liquidus",
      "power": 1.1
    },
    "L_5": {
      "start": "e2_l",
      "end": "tmB",
      "type": "liquidus",
      "power": 0.8
    },
    "S_a": {
      "start": "tmA",
      "end": "e1_a",
      "type": "solidus",
      "power": 1.2
    },
    "S_e": {
      "start": "tmB",
      "end": "e2_e",
      "type": "solidus",
      "power": 1.1
    },
    "sol_a": {
      "start": "e1_a",
      "end": "eu_a",
      "type": "solvus",
      "power": 2.0
    },
    "sol_a_bot": {
      "start": "eu_a",
      "end": "t_a",
      "type": "solvus",
      "power": 1.5
    },
    "sol_e": {
      "start": "e2_e",
      "end": "t_e",
      "type": "solvus",
      "power": 1.8
    },
    "i_e1": {
      "start": "e1_a",
      "end": "e1_b",
      "type": "horizontal"
    },
    "i_eu": {
      "start": "eu_a",
      "end": "eu_g",
      "type": "horizontal"
    },
    "i_p": {
      "start": "p_im",
      "end": "p_l",
      "type": "horizontal"
    },
    "i_e2": {
      "start": "e2_d",
      "end": "e2_e",
      "type": "horizontal"
    },
    "im_vert": {
      "start": "im_t",
      "end": "im_b",
      "type": "vertical"
    }
  },
  "regions": {
    "R_a": {
      "type": "single-phase",
      "phase_name": "\u03b1",
      "label": {
        "text": "\u03b1",
        "c": 4,
        "t": 600
      },
      "bounding_curves": [
        {
          "id": "S_a",
          "dir": 1
        },
        {
          "id": "sol_a",
          "dir": 1
        },
        {
          "id": "sol_a_bot",
          "dir": 1
        },
        {
          "id": "bot_a",
          "dir": -1
        },
        {
          "id": "e_L",
          "dir": 1
        }
      ]
    }
  }
}