{
  "metadata": {
    "id": "final_boss_334",
    "axes": {
      "c_max": 100,
      "t_max": 1200
    }
  },
  "nodes": {
    "tmA": {
      "c": 0,
      "t": 1058
    },
    "tmB": {
      "c": 100,
      "t": 1066
    },
    "e1_a": {
      "c": 19.465200657476906,
      "t": 809.7177697139945
    },
    "e1_l": {
      "c": 34.493613060988785,
      "t": 809.7177697139945
    },
    "e1_b": {
      "c": 49.28196360725103,
      "t": 809.7177697139945
    },
    "eu_b": {
      "c": 39.0227886895066,
      "t": 612.1737462004941
    },
    "eu_a": {
      "c": 17.363758964722365,
      "t": 612.1737462004941
    },
    "eu_g": {
      "c": 44.669563503204934,
      "t": 612.1737462004941
    },
    "im_t": {
      "c": 60.96575887262771,
      "t": 973.4258527070999
    },
    "im_b": {
      "c": 60.96575887262771,
      "t": 0
    },
    "p_im": {
      "c": 60.96575887262771,
      "t": 923.3125566523782
    },
    "p_l": {
      "c": 87.2641147147346,
      "t": 923.3125566523782
    },
    "p_d": {
      "c": 71.83397221527612,
      "t": 923.3125566523782
    },
    "e2_d": {
      "c": 79.79022321199031,
      "t": 497.73781895922264
    },
    "e2_l": {
      "c": 87.15151611738168,
      "t": 497.73781895922264
    },
    "e2_e": {
      "c": 95.19527809960837,
      "t": 497.73781895922264
    },
    "t_a": {
      "c": 7.246085838485275,
      "t": 0
    },
    "t_g_l": {
      "c": 44.60724911568965,
      "t": 0
    },
    "t_g_r": {
      "c": 46.97276473380937,
      "t": 0
    },
    "t_d": {
      "c": 75.97271401526856,
      "t": 0
    },
    "t_e": {
      "c": 98.13669153290724,
      "t": 0
    }
  },
  "curves": {
    "L_1": {
      "start": "tmA",
      "end": "e1_l",
      "type": "liquidus",
      "power": 0.8
    },
    "L_2": {
      "start": "e1_l",
      "end": "im_t",
      "type": "liquidus",
      "power": 1.2
    },
    "L_3": {
      "start": "im_t",
      "end": "p_l",
      "type": "liquidus",
      "power": 0.9
    },
    "L_4": {
      "start": "p_l",
      "end": "e2_l",
      "type": "liquidus",
      "power": 1.1
    },
    "L_5": {
      "start": "e2_l",
      "end": "tmB",
      "type": "liquidus",
      "power": 0.8
    },
    "S_a": {
      "start": "tmA",
      "end": "e1_a",
      "type": "solidus",
      "power": 1.2
    },
    "S_e": {
      "start": "tmB",
      "end": "e2_e",
      "type": "solidus",
      "power": 1.1
    },
    "sol_a": {
      "start": "e1_a",
      "end": "eu_a",
      "type": "solvus",
      "power": 2.0
    },
    "sol_a_bot": {
      "start": "eu_a",
      "end": "t_a",
      "type": "solvus",
      "power": 1.5
    },
    "sol_e": {
      "start": "e2_e",
      "end": "t_e",
      "type": "solvus",
      "power": 1.8
    },
    "i_e1": {
      "start": "e1_a",
      "end": "e1_b",
      "type": "horizontal"
    },
    "i_eu": {
      "start": "eu_a",
      "end": "eu_g",
      "type": "horizontal"
    },
    "i_p": {
      "start": "p_im",
      "end": "p_l",
      "type": "horizontal"
    },
    "i_e2": {
      "start": "e2_d",
      "end": "e2_e",
      "type": "horizontal"
    },
    "im_vert": {
      "start": "im_t",
      "end": "im_b",
      "type": "vertical"
    }
  },
  "regions": {
    "R_a": {
      "type": "single-phase",
      "phase_name": "\u03b1",
      "label": {
        "text": "\u03b1",
        "c": 4,
        "t": 600
      },
      "bounding_curves": [
        {
          "id": "S_a",
          "dir": 1
        },
        {
          "id": "sol_a",
          "dir": 1
        },
        {
          "id": "sol_a_bot",
          "dir": 1
        },
        {
          "id": "bot_a",
          "dir": -1
        },
        {
          "id": "e_L",
          "dir": 1
        }
      ]
    }
  }
}