{
  "metadata": {
    "id": "final_boss_396",
    "axes": {
      "c_max": 100,
      "t_max": 1200
    }
  },
  "nodes": {
    "tmA": {
      "c": 0,
      "t": 1082
    },
    "tmB": {
      "c": 100,
      "t": 1095
    },
    "e1_a": {
      "c": 17.868860007878048,
      "t": 874.1523998719883
    },
    "e1_l": {
      "c": 35.43375707822132,
      "t": 874.1523998719883
    },
    "e1_b": {
      "c": 46.65309981053991,
      "t": 874.1523998719883
    },
    "eu_b": {
      "c": 38.18506051404094,
      "t": 526.2571109542902
    },
    "eu_a": {
      "c": 6.037625569006696,
      "t": 526.2571109542902
    },
    "eu_g": {
      "c": 45.28259997842633,
      "t": 526.2571109542902
    },
    "im_t": {
      "c": 71.98358360317991,
      "t": 1028.0347368581245
    },
    "im_b": {
      "c": 71.98358360317991,
      "t": 0
    },
    "p_im": {
      "c": 71.98358360317991,
      "t": 882.3749738932565
    },
    "p_l": {
      "c": 87.7055410330346,
      "t": 882.3749738932565
    },
    "p_d": {
      "c": 84.46364334613989,
      "t": 882.3749738932565
    },
    "e2_d": {
      "c": 86.18821628627495,
      "t": 750.4885856466203
    },
    "e2_l": {
      "c": 92.60584764302547,
      "t": 750.4885856466203
    },
    "e2_e": {
      "c": 96.42998462716129,
      "t": 750.4885856466203
    },
    "t_a": {
      "c": 3.598916940743537,
      "t": 0
    },
    "t_g_l": {
      "c": 44.469908883021105,
      "t": 0
    },
    "t_g_r": {
      "c": 53.1327733110593,
      "t": 0
    },
    "t_d": {
      "c": 84.82788326865763,
      "t": 0
    },
    "t_e": {
      "c": 98.51193505957833,
      "t": 0
    }
  },
  "curves": {
    "L_1": {
      "start": "tmA",
      "end": "e1_l",
      "type": "liquidus",
      "power": 0.8
    },
    "L_2": {
      "start": "e1_l",
      "end": "im_t",
      "type": "liquidus",
      "power": 1.2
    },
    "L_3": {
      "start": "im_t",
      "end": "p_l",
      "type": "liquidus",
      "power": 0.9
    },
    "L_4": {
      "start": "p_l",
      "end": "e2_l",
      "type": "liquidus",
      "power": 1.1
    },
    "L_5": {
      "start": "e2_l",
      "end": "tmB",
      "type": "liquidus",
      "power": 0.8
    },
    "S_a": {
      "start": "tmA",
      "end": "e1_a",
      "type": "solidus",
      "power": 1.2
    },
    "S_e": {
      "start": "tmB",
      "end": "e2_e",
      "type": "solidus",
      "power": 1.1
    },
    "sol_a": {
      "start": "e1_a",
      "end": "eu_a",
      "type": "solvus",
      "power": 2.0
    },
    "sol_a_bot": {
      "start": "eu_a",
      "end": "t_a",
      "type": "solvus",
      "power": 1.5
    },
    "sol_e": {
      "start": "e2_e",
      "end": "t_e",
      "type": "solvus",
      "power": 1.8
    },
    "i_e1": {
      "start": "e1_a",
      "end": "e1_b",
      "type": "horizontal"
    },
    "i_eu": {
      "start": "eu_a",
      "end": "eu_g",
      "type": "horizontal"
    },
    "i_p": {
      "start": "p_im",
      "end": "p_l",
      "type": "horizontal"
    },
    "i_e2": {
      "start": "e2_d",
      "end": "e2_e",
      "type": "horizontal"
    },
    "im_vert": {
      "start": "im_t",
      "end": "im_b",
      "type": "vertical"
    }
  },
  "regions": {
    "R_a": {
      "type": "single-phase",
      "phase_name": "\u03b1",
      "label": {
        "text": "\u03b1",
        "c": 4,
        "t": 600
      },
      "bounding_curves": [
        {
          "id": "S_a",
          "dir": 1
        },
        {
          "id": "sol_a",
          "dir": 1
        },
        {
          "id": "sol_a_bot",
          "dir": 1
        },
        {
          "id": "bot_a",
          "dir": -1
        },
        {
          "id": "e_L",
          "dir": 1
        }
      ]
    }
  }
}