{
  "metadata": {
    "id": "final_boss_244",
    "axes": {
      "c_max": 100,
      "t_max": 1200
    }
  },
  "nodes": {
    "tmA": {
      "c": 0,
      "t": 1088
    },
    "tmB": {
      "c": 100,
      "t": 1061
    },
    "e1_a": {
      "c": 14.739457761416725,
      "t": 949.0560951780076
    },
    "e1_l": {
      "c": 23.357063304725223,
      "t": 949.0560951780076
    },
    "e1_b": {
      "c": 37.671968603898954,
      "t": 949.0560951780076
    },
    "eu_b": {
      "c": 31.582433926668124,
      "t": 747.9057722021422
    },
    "eu_a": {
      "c": 8.839966075510429,
      "t": 747.9057722021422
    },
    "eu_g": {
      "c": 46.03914801361721,
      "t": 747.9057722021422
    },
    "im_t": {
      "c": 73.64648180971261,
      "t": 1142.9399590817025
    },
    "im_b": {
      "c": 73.64648180971261,
      "t": 0
    },
    "p_im": {
      "c": 73.64648180971261,
      "t": 894.403871699449
    },
    "p_l": {
      "c": 84.95073241002046,
      "t": 894.403871699449
    },
    "p_d": {
      "c": 78.23946859884191,
      "t": 894.403871699449
    },
    "e2_d": {
      "c": 80.756494466339,
      "t": 821.8377386164924
    },
    "e2_l": {
      "c": 89.45066274265436,
      "t": 821.8377386164924
    },
    "e2_e": {
      "c": 95.54465796377589,
      "t": 821.8377386164924
    },
    "t_a": {
      "c": 6.634445019778883,
      "t": 0
    },
    "t_g_l": {
      "c": 45.3082571169269,
      "t": 0
    },
    "t_g_r": {
      "c": 53.85001673207497,
      "t": 0
    },
    "t_d": {
      "c": 80.14635123222001,
      "t": 0
    },
    "t_e": {
      "c": 96.46671870844831,
      "t": 0
    }
  },
  "curves": {
    "L_1": {
      "start": "tmA",
      "end": "e1_l",
      "type": "liquidus",
      "power": 0.8
    },
    "L_2": {
      "start": "e1_l",
      "end": "im_t",
      "type": "liquidus",
      "power": 1.2
    },
    "L_3": {
      "start": "im_t",
      "end": "p_l",
      "type": "liquidus",
      "power": 0.9
    },
    "L_4": {
      "start": "p_l",
      "end": "e2_l",
      "type": "liquidus",
      "power": 1.1
    },
    "L_5": {
      "start": "e2_l",
      "end": "tmB",
      "type": "liquidus",
      "power": 0.8
    },
    "S_a": {
      "start": "tmA",
      "end": "e1_a",
      "type": "solidus",
      "power": 1.2
    },
    "S_e": {
      "start": "tmB",
      "end": "e2_e",
      "type": "solidus",
      "power": 1.1
    },
    "sol_a": {
      "start": "e1_a",
      "end": "eu_a",
      "type": "solvus",
      "power": 2.0
    },
    "sol_a_bot": {
      "start": "eu_a",
      "end": "t_a",
      "type": "solvus",
      "power": 1.5
    },
    "sol_e": {
      "start": "e2_e",
      "end": "t_e",
      "type": "solvus",
      "power": 1.8
    },
    "i_e1": {
      "start": "e1_a",
      "end": "e1_b",
      "type": "horizontal"
    },
    "i_eu": {
      "start": "eu_a",
      "end": "eu_g",
      "type": "horizontal"
    },
    "i_p": {
      "start": "p_im",
      "end": "p_l",
      "type": "horizontal"
    },
    "i_e2": {
      "start": "e2_d",
      "end": "e2_e",
      "type": "horizontal"
    },
    "im_vert": {
      "start": "im_t",
      "end": "im_b",
      "type": "vertical"
    }
  },
  "regions": {
    "R_a": {
      "type": "single-phase",
      "phase_name": "\u03b1",
      "label": {
        "text": "\u03b1",
        "c": 4,
        "t": 600
      },
      "bounding_curves": [
        {
          "id": "S_a",
          "dir": 1
        },
        {
          "id": "sol_a",
          "dir": 1
        },
        {
          "id": "sol_a_bot",
          "dir": 1
        },
        {
          "id": "bot_a",
          "dir": -1
        },
        {
          "id": "e_L",
          "dir": 1
        }
      ]
    }
  }
}