{
  "metadata": {
    "id": "final_boss_394",
    "axes": {
      "c_max": 100,
      "t_max": 1200
    }
  },
  "nodes": {
    "tmA": {
      "c": 0,
      "t": 1099
    },
    "tmB": {
      "c": 100,
      "t": 1133
    },
    "e1_a": {
      "c": 16.31833279644605,
      "t": 829.8387948861699
    },
    "e1_l": {
      "c": 25.476506984065356,
      "t": 829.8387948861699
    },
    "e1_b": {
      "c": 36.50576326129371,
      "t": 829.8387948861699
    },
    "eu_b": {
      "c": 30.68093204965797,
      "t": 597.3509513375943
    },
    "eu_a": {
      "c": 8.100775706560384,
      "t": 597.3509513375943
    },
    "eu_g": {
      "c": 39.003901770185465,
      "t": 597.3509513375943
    },
    "im_t": {
      "c": 67.65061182999048,
      "t": 1020.6825170478564
    },
    "im_b": {
      "c": 67.65061182999048,
      "t": 0
    },
    "p_im": {
      "c": 67.65061182999048,
      "t": 752.4722801842255
    },
    "p_l": {
      "c": 86.45721397389205,
      "t": 752.4722801842255
    },
    "p_d": {
      "c": 82.54087577354414,
      "t": 752.4722801842255
    },
    "e2_d": {
      "c": 83.725131986889,
      "t": 468.85907093103316
    },
    "e2_l": {
      "c": 89.57206387546125,
      "t": 468.85907093103316
    },
    "e2_e": {
      "c": 93.84798444734146,
      "t": 468.85907093103316
    },
    "t_a": {
      "c": 1.6197735302672456,
      "t": 0
    },
    "t_g_l": {
      "c": 37.97085407298349,
      "t": 0
    },
    "t_g_r": {
      "c": 61.88881553169381,
      "t": 0
    },
    "t_d": {
      "c": 76.70266806886684,
      "t": 0
    },
    "t_e": {
      "c": 96.58793353610594,
      "t": 0
    }
  },
  "curves": {
    "L_1": {
      "start": "tmA",
      "end": "e1_l",
      "type": "liquidus",
      "power": 0.8
    },
    "L_2": {
      "start": "e1_l",
      "end": "im_t",
      "type": "liquidus",
      "power": 1.2
    },
    "L_3": {
      "start": "im_t",
      "end": "p_l",
      "type": "liquidus",
      "power": 0.9
    },
    "L_4": {
      "start": "p_l",
      "end": "e2_l",
      "type": "liquidus",
      "power": 1.1
    },
    "L_5": {
      "start": "e2_l",
      "end": "tmB",
      "type": "liquidus",
      "power": 0.8
    },
    "S_a": {
      "start": "tmA",
      "end": "e1_a",
      "type": "solidus",
      "power": 1.2
    },
    "S_e": {
      "start": "tmB",
      "end": "e2_e",
      "type": "solidus",
      "power": 1.1
    },
    "sol_a": {
      "start": "e1_a",
      "end": "eu_a",
      "type": "solvus",
      "power": 2.0
    },
    "sol_a_bot": {
      "start": "eu_a",
      "end": "t_a",
      "type": "solvus",
      "power": 1.5
    },
    "sol_e": {
      "start": "e2_e",
      "end": "t_e",
      "type": "solvus",
      "power": 1.8
    },
    "i_e1": {
      "start": "e1_a",
      "end": "e1_b",
      "type": "horizontal"
    },
    "i_eu": {
      "start": "eu_a",
      "end": "eu_g",
      "type": "horizontal"
    },
    "i_p": {
      "start": "p_im",
      "end": "p_l",
      "type": "horizontal"
    },
    "i_e2": {
      "start": "e2_d",
      "end": "e2_e",
      "type": "horizontal"
    },
    "im_vert": {
      "start": "im_t",
      "end": "im_b",
      "type": "vertical"
    }
  },
  "regions": {
    "R_a": {
      "type": "single-phase",
      "phase_name": "\u03b1",
      "label": {
        "text": "\u03b1",
        "c": 4,
        "t": 600
      },
      "bounding_curves": [
        {
          "id": "S_a",
          "dir": 1
        },
        {
          "id": "sol_a",
          "dir": 1
        },
        {
          "id": "sol_a_bot",
          "dir": 1
        },
        {
          "id": "bot_a",
          "dir": -1
        },
        {
          "id": "e_L",
          "dir": 1
        }
      ]
    }
  }
}