{
  "metadata": {
    "id": "final_boss_293",
    "axes": {
      "c_max": 100,
      "t_max": 1200
    }
  },
  "nodes": {
    "tmA": {
      "c": 0,
      "t": 1090
    },
    "tmB": {
      "c": 100,
      "t": 1075
    },
    "e1_a": {
      "c": 12.429835652221545,
      "t": 938.7322644347128
    },
    "e1_l": {
      "c": 32.24791275483142,
      "t": 938.7322644347128
    },
    "e1_b": {
      "c": 46.769691720749094,
      "t": 938.7322644347128
    },
    "eu_b": {
      "c": 43.588798525606336,
      "t": 782.6800795069764
    },
    "eu_a": {
      "c": 6.8964740939772184,
      "t": 782.6800795069764
    },
    "eu_g": {
      "c": 51.365164838808575,
      "t": 782.6800795069764
    },
    "im_t": {
      "c": 65.74760004716245,
      "t": 1127.7821288410819
    },
    "im_b": {
      "c": 65.74760004716245,
      "t": 0
    },
    "p_im": {
      "c": 65.74760004716245,
      "t": 904.8044049239902
    },
    "p_l": {
      "c": 83.0482636430462,
      "t": 904.8044049239902
    },
    "p_d": {
      "c": 71.51830988847797,
      "t": 904.8044049239902
    },
    "e2_d": {
      "c": 73.88556813737829,
      "t": 707.1429574759325
    },
    "e2_l": {
      "c": 84.29909958790144,
      "t": 707.1429574759325
    },
    "e2_e": {
      "c": 92.57936945704726,
      "t": 707.1429574759325
    },
    "t_a": {
      "c": 2.020038004573307,
      "t": 0
    },
    "t_g_l": {
      "c": 50.32798182460541,
      "t": 0
    },
    "t_g_r": {
      "c": 52.91550411534058,
      "t": 0
    },
    "t_d": {
      "c": 71.02886982134747,
      "t": 0
    },
    "t_e": {
      "c": 94.56167092059562,
      "t": 0
    }
  },
  "curves": {
    "L_1": {
      "start": "tmA",
      "end": "e1_l",
      "type": "liquidus",
      "power": 0.8
    },
    "L_2": {
      "start": "e1_l",
      "end": "im_t",
      "type": "liquidus",
      "power": 1.2
    },
    "L_3": {
      "start": "im_t",
      "end": "p_l",
      "type": "liquidus",
      "power": 0.9
    },
    "L_4": {
      "start": "p_l",
      "end": "e2_l",
      "type": "liquidus",
      "power": 1.1
    },
    "L_5": {
      "start": "e2_l",
      "end": "tmB",
      "type": "liquidus",
      "power": 0.8
    },
    "S_a": {
      "start": "tmA",
      "end": "e1_a",
      "type": "solidus",
      "power": 1.2
    },
    "S_e": {
      "start": "tmB",
      "end": "e2_e",
      "type": "solidus",
      "power": 1.1
    },
    "sol_a": {
      "start": "e1_a",
      "end": "eu_a",
      "type": "solvus",
      "power": 2.0
    },
    "sol_a_bot": {
      "start": "eu_a",
      "end": "t_a",
      "type": "solvus",
      "power": 1.5
    },
    "sol_e": {
      "start": "e2_e",
      "end": "t_e",
      "type": "solvus",
      "power": 1.8
    },
    "i_e1": {
      "start": "e1_a",
      "end": "e1_b",
      "type": "horizontal"
    },
    "i_eu": {
      "start": "eu_a",
      "end": "eu_g",
      "type": "horizontal"
    },
    "i_p": {
      "start": "p_im",
      "end": "p_l",
      "type": "horizontal"
    },
    "i_e2": {
      "start": "e2_d",
      "end": "e2_e",
      "type": "horizontal"
    },
    "im_vert": {
      "start": "im_t",
      "end": "im_b",
      "type": "vertical"
    }
  },
  "regions": {
    "R_a": {
      "type": "single-phase",
      "phase_name": "\u03b1",
      "label": {
        "text": "\u03b1",
        "c": 4,
        "t": 600
      },
      "bounding_curves": [
        {
          "id": "S_a",
          "dir": 1
        },
        {
          "id": "sol_a",
          "dir": 1
        },
        {
          "id": "sol_a_bot",
          "dir": 1
        },
        {
          "id": "bot_a",
          "dir": -1
        },
        {
          "id": "e_L",
          "dir": 1
        }
      ]
    }
  }
}