{
  "metadata": {
    "id": "final_boss_327",
    "axes": {
      "c_max": 100,
      "t_max": 1200
    }
  },
  "nodes": {
    "tmA": {
      "c": 0,
      "t": 1119
    },
    "tmB": {
      "c": 100,
      "t": 1070
    },
    "e1_a": {
      "c": 8.4928241851052,
      "t": 848.8767188079674
    },
    "e1_l": {
      "c": 25.072441676078455,
      "t": 848.8767188079674
    },
    "e1_b": {
      "c": 39.61582569768507,
      "t": 848.8767188079674
    },
    "eu_b": {
      "c": 35.25996640923135,
      "t": 606.0329950655101
    },
    "eu_a": {
      "c": 5.8215013595407825,
      "t": 606.0329950655101
    },
    "eu_g": {
      "c": 41.07662774852377,
      "t": 606.0329950655101
    },
    "im_t": {
      "c": 69.65122906293178,
      "t": 1099.6465854094174
    },
    "im_b": {
      "c": 69.65122906293178,
      "t": 0
    },
    "p_im": {
      "c": 69.65122906293178,
      "t": 768.8878267923035
    },
    "p_l": {
      "c": 84.43183092623116,
      "t": 768.8878267923035
    },
    "p_d": {
      "c": 81.38036582852733,
      "t": 768.8878267923035
    },
    "e2_d": {
      "c": 82.75898677655287,
      "t": 547.448582130384
    },
    "e2_l": {
      "c": 88.68824806165266,
      "t": 547.448582130384
    },
    "e2_e": {
      "c": 95.21262354377758,
      "t": 547.448582130384
    },
    "t_a": {
      "c": 1.3883390582341628,
      "t": 0
    },
    "t_g_l": {
      "c": 38.18248993003107,
      "t": 0
    },
    "t_g_r": {
      "c": 56.72768973230748,
      "t": 0
    },
    "t_d": {
      "c": 79.96410098347452,
      "t": 0
    },
    "t_e": {
      "c": 98.50148315401609,
      "t": 0
    }
  },
  "curves": {
    "L_1": {
      "start": "tmA",
      "end": "e1_l",
      "type": "liquidus",
      "power": 0.8
    },
    "L_2": {
      "start": "e1_l",
      "end": "im_t",
      "type": "liquidus",
      "power": 1.2
    },
    "L_3": {
      "start": "im_t",
      "end": "p_l",
      "type": "liquidus",
      "power": 0.9
    },
    "L_4": {
      "start": "p_l",
      "end": "e2_l",
      "type": "liquidus",
      "power": 1.1
    },
    "L_5": {
      "start": "e2_l",
      "end": "tmB",
      "type": "liquidus",
      "power": 0.8
    },
    "S_a": {
      "start": "tmA",
      "end": "e1_a",
      "type": "solidus",
      "power": 1.2
    },
    "S_e": {
      "start": "tmB",
      "end": "e2_e",
      "type": "solidus",
      "power": 1.1
    },
    "sol_a": {
      "start": "e1_a",
      "end": "eu_a",
      "type": "solvus",
      "power": 2.0
    },
    "sol_a_bot": {
      "start": "eu_a",
      "end": "t_a",
      "type": "solvus",
      "power": 1.5
    },
    "sol_e": {
      "start": "e2_e",
      "end": "t_e",
      "type": "solvus",
      "power": 1.8
    },
    "i_e1": {
      "start": "e1_a",
      "end": "e1_b",
      "type": "horizontal"
    },
    "i_eu": {
      "start": "eu_a",
      "end": "eu_g",
      "type": "horizontal"
    },
    "i_p": {
      "start": "p_im",
      "end": "p_l",
      "type": "horizontal"
    },
    "i_e2": {
      "start": "e2_d",
      "end": "e2_e",
      "type": "horizontal"
    },
    "im_vert": {
      "start": "im_t",
      "end": "im_b",
      "type": "vertical"
    }
  },
  "regions": {
    "R_a": {
      "type": "single-phase",
      "phase_name": "\u03b1",
      "label": {
        "text": "\u03b1",
        "c": 4,
        "t": 600
      },
      "bounding_curves": [
        {
          "id": "S_a",
          "dir": 1
        },
        {
          "id": "sol_a",
          "dir": 1
        },
        {
          "id": "sol_a_bot",
          "dir": 1
        },
        {
          "id": "bot_a",
          "dir": -1
        },
        {
          "id": "e_L",
          "dir": 1
        }
      ]
    }
  }
}