{
  "metadata": {
    "id": "final_boss_435",
    "axes": {
      "c_max": 100,
      "t_max": 1200
    }
  },
  "nodes": {
    "tmA": {
      "c": 0,
      "t": 1137
    },
    "tmB": {
      "c": 100,
      "t": 1146
    },
    "e1_a": {
      "c": 11.067540530142306,
      "t": 810.830211612699
    },
    "e1_l": {
      "c": 21.346200457255446,
      "t": 810.830211612699
    },
    "e1_b": {
      "c": 29.478823970029637,
      "t": 810.830211612699
    },
    "eu_b": {
      "c": 26.90934481836078,
      "t": 634.6033561665461
    },
    "eu_a": {
      "c": 4.925065232507616,
      "t": 634.6033561665461
    },
    "eu_g": {
      "c": 32.84844899636615,
      "t": 634.6033561665461
    },
    "im_t": {
      "c": 62.251493675093585,
      "t": 1011.7338793466155
    },
    "im_b": {
      "c": 62.251493675093585,
      "t": 0
    },
    "p_im": {
      "c": 62.251493675093585,
      "t": 852.2636387271936
    },
    "p_l": {
      "c": 85.6237211297555,
      "t": 852.2636387271936
    },
    "p_d": {
      "c": 67.49545796569686,
      "t": 852.2636387271936
    },
    "e2_d": {
      "c": 74.69144403380916,
      "t": 607.4100997597379
    },
    "e2_l": {
      "c": 89.39682052861039,
      "t": 607.4100997597379
    },
    "e2_e": {
      "c": 94.51003970431634,
      "t": 607.4100997597379
    },
    "t_a": {
      "c": 0.9245807110482827,
      "t": 0
    },
    "t_g_l": {
      "c": 31.816656389686365,
      "t": 0
    },
    "t_g_r": {
      "c": 43.164336546101104,
      "t": 0
    },
    "t_d": {
      "c": 74.22886690329089,
      "t": 0
    },
    "t_e": {
      "c": 96.23592343423076,
      "t": 0
    }
  },
  "curves": {
    "L_1": {
      "start": "tmA",
      "end": "e1_l",
      "type": "liquidus",
      "power": 0.8
    },
    "L_2": {
      "start": "e1_l",
      "end": "im_t",
      "type": "liquidus",
      "power": 1.2
    },
    "L_3": {
      "start": "im_t",
      "end": "p_l",
      "type": "liquidus",
      "power": 0.9
    },
    "L_4": {
      "start": "p_l",
      "end": "e2_l",
      "type": "liquidus",
      "power": 1.1
    },
    "L_5": {
      "start": "e2_l",
      "end": "tmB",
      "type": "liquidus",
      "power": 0.8
    },
    "S_a": {
      "start": "tmA",
      "end": "e1_a",
      "type": "solidus",
      "power": 1.2
    },
    "S_e": {
      "start": "tmB",
      "end": "e2_e",
      "type": "solidus",
      "power": 1.1
    },
    "sol_a": {
      "start": "e1_a",
      "end": "eu_a",
      "type": "solvus",
      "power": 2.0
    },
    "sol_a_bot": {
      "start": "eu_a",
      "end": "t_a",
      "type": "solvus",
      "power": 1.5
    },
    "sol_e": {
      "start": "e2_e",
      "end": "t_e",
      "type": "solvus",
      "power": 1.8
    },
    "i_e1": {
      "start": "e1_a",
      "end": "e1_b",
      "type": "horizontal"
    },
    "i_eu": {
      "start": "eu_a",
      "end": "eu_g",
      "type": "horizontal"
    },
    "i_p": {
      "start": "p_im",
      "end": "p_l",
      "type": "horizontal"
    },
    "i_e2": {
      "start": "e2_d",
      "end": "e2_e",
      "type": "horizontal"
    },
    "im_vert": {
      "start": "im_t",
      "end": "im_b",
      "type": "vertical"
    }
  },
  "regions": {
    "R_a": {
      "type": "single-phase",
      "phase_name": "\u03b1",
      "label": {
        "text": "\u03b1",
        "c": 4,
        "t": 600
      },
      "bounding_curves": [
        {
          "id": "S_a",
          "dir": 1
        },
        {
          "id": "sol_a",
          "dir": 1
        },
        {
          "id": "sol_a_bot",
          "dir": 1
        },
        {
          "id": "bot_a",
          "dir": -1
        },
        {
          "id": "e_L",
          "dir": 1
        }
      ]
    }
  }
}