{
  "metadata": {
    "id": "final_boss_6",
    "axes": {
      "c_max": 100,
      "t_max": 1200
    }
  },
  "nodes": {
    "tmA": {
      "c": 0,
      "t": 1120
    },
    "tmB": {
      "c": 100,
      "t": 1014
    },
    "e1_a": {
      "c": 18.131181110434703,
      "t": 822.8687257217595
    },
    "e1_l": {
      "c": 35.40806654817219,
      "t": 822.8687257217595
    },
    "e1_b": {
      "c": 49.130421680906686,
      "t": 822.8687257217595
    },
    "eu_b": {
      "c": 37.71357760634812,
      "t": 618.4985390604281
    },
    "eu_a": {
      "c": 13.509017901969099,
      "t": 618.4985390604281
    },
    "eu_g": {
      "c": 49.723685720552425,
      "t": 618.4985390604281
    },
    "im_t": {
      "c": 61.878880882744916,
      "t": 1074.5707230510282
    },
    "im_b": {
      "c": 61.878880882744916,
      "t": 0
    },
    "p_im": {
      "c": 61.878880882744916,
      "t": 896.8442767255781
    },
    "p_l": {
      "c": 75.440799939801,
      "t": 896.8442767255781
    },
    "p_d": {
      "c": 65.44482381631855,
      "t": 896.8442767255781
    },
    "e2_d": {
      "c": 68.91375460576366,
      "t": 448.4169542280497
    },
    "e2_l": {
      "c": 79.8947944776629,
      "t": 448.4169542280497
    },
    "e2_e": {
      "c": 92.83917104476632,
      "t": 448.4169542280497
    },
    "t_a": {
      "c": 1.8413064314210268,
      "t": 0
    },
    "t_g_l": {
      "c": 48.86628153187517,
      "t": 0
    },
    "t_g_r": {
      "c": 53.800026437170025,
      "t": 0
    },
    "t_d": {
      "c": 67.7469149776337,
      "t": 0
    },
    "t_e": {
      "c": 97.39258846597349,
      "t": 0
    }
  },
  "curves": {
    "L_1": {
      "start": "tmA",
      "end": "e1_l",
      "type": "liquidus",
      "power": 0.8
    },
    "L_2": {
      "start": "e1_l",
      "end": "im_t",
      "type": "liquidus",
      "power": 1.2
    },
    "L_3": {
      "start": "im_t",
      "end": "p_l",
      "type": "liquidus",
      "power": 0.9
    },
    "L_4": {
      "start": "p_l",
      "end": "e2_l",
      "type": "liquidus",
      "power": 1.1
    },
    "L_5": {
      "start": "e2_l",
      "end": "tmB",
      "type": "liquidus",
      "power": 0.8
    },
    "S_a": {
      "start": "tmA",
      "end": "e1_a",
      "type": "solidus",
      "power": 1.2
    },
    "S_e": {
      "start": "tmB",
      "end": "e2_e",
      "type": "solidus",
      "power": 1.1
    },
    "sol_a": {
      "start": "e1_a",
      "end": "eu_a",
      "type": "solvus",
      "power": 2.0
    },
    "sol_a_bot": {
      "start": "eu_a",
      "end": "t_a",
      "type": "solvus",
      "power": 1.5
    },
    "sol_e": {
      "start": "e2_e",
      "end": "t_e",
      "type": "solvus",
      "power": 1.8
    },
    "i_e1": {
      "start": "e1_a",
      "end": "e1_b",
      "type": "horizontal"
    },
    "i_eu": {
      "start": "eu_a",
      "end": "eu_g",
      "type": "horizontal"
    },
    "i_p": {
      "start": "p_im",
      "end": "p_l",
      "type": "horizontal"
    },
    "i_e2": {
      "start": "e2_d",
      "end": "e2_e",
      "type": "horizontal"
    },
    "im_vert": {
      "start": "im_t",
      "end": "im_b",
      "type": "vertical"
    }
  },
  "regions": {
    "R_a": {
      "type": "single-phase",
      "phase_name": "\u03b1",
      "label": {
        "text": "\u03b1",
        "c": 4,
        "t": 600
      },
      "bounding_curves": [
        {
          "id": "S_a",
          "dir": 1
        },
        {
          "id": "sol_a",
          "dir": 1
        },
        {
          "id": "sol_a_bot",
          "dir": 1
        },
        {
          "id": "bot_a",
          "dir": -1
        },
        {
          "id": "e_L",
          "dir": 1
        }
      ]
    }
  }
}