{
  "metadata": {
    "id": "final_boss_357",
    "axes": {
      "c_max": 100,
      "t_max": 1200
    }
  },
  "nodes": {
    "tmA": {
      "c": 0,
      "t": 1077
    },
    "tmB": {
      "c": 100,
      "t": 1058
    },
    "e1_a": {
      "c": 12.054797148000624,
      "t": 894.4585457819983
    },
    "e1_l": {
      "c": 21.460014819669116,
      "t": 894.4585457819983
    },
    "e1_b": {
      "c": 32.838344675933286,
      "t": 894.4585457819983
    },
    "eu_b": {
      "c": 25.251650540924505,
      "t": 702.2127669212657
    },
    "eu_a": {
      "c": 6.799367314278662,
      "t": 702.2127669212657
    },
    "eu_g": {
      "c": 31.003045265521784,
      "t": 702.2127669212657
    },
    "im_t": {
      "c": 65.42159385002918,
      "t": 1152.269508498472
    },
    "im_b": {
      "c": 65.42159385002918,
      "t": 0
    },
    "p_im": {
      "c": 65.42159385002918,
      "t": 884.060997551788
    },
    "p_l": {
      "c": 79.20916385615713,
      "t": 884.060997551788
    },
    "p_d": {
      "c": 73.50622651061337,
      "t": 884.060997551788
    },
    "e2_d": {
      "c": 75.23391192496932,
      "t": 453.94202333104647
    },
    "e2_l": {
      "c": 81.6649798841079,
      "t": 453.94202333104647
    },
    "e2_e": {
      "c": 87.56334469139779,
      "t": 453.94202333104647
    },
    "t_a": {
      "c": 3.9089944098621765,
      "t": 0
    },
    "t_g_l": {
      "c": 28.701022524190368,
      "t": 0
    },
    "t_g_r": {
      "c": 42.749873941541004,
      "t": 0
    },
    "t_d": {
      "c": 74.73272531438407,
      "t": 0
    },
    "t_e": {
      "c": 96.53172508522333,
      "t": 0
    }
  },
  "curves": {
    "L_1": {
      "start": "tmA",
      "end": "e1_l",
      "type": "liquidus",
      "power": 0.8
    },
    "L_2": {
      "start": "e1_l",
      "end": "im_t",
      "type": "liquidus",
      "power": 1.2
    },
    "L_3": {
      "start": "im_t",
      "end": "p_l",
      "type": "liquidus",
      "power": 0.9
    },
    "L_4": {
      "start": "p_l",
      "end": "e2_l",
      "type": "liquidus",
      "power": 1.1
    },
    "L_5": {
      "start": "e2_l",
      "end": "tmB",
      "type": "liquidus",
      "power": 0.8
    },
    "S_a": {
      "start": "tmA",
      "end": "e1_a",
      "type": "solidus",
      "power": 1.2
    },
    "S_e": {
      "start": "tmB",
      "end": "e2_e",
      "type": "solidus",
      "power": 1.1
    },
    "sol_a": {
      "start": "e1_a",
      "end": "eu_a",
      "type": "solvus",
      "power": 2.0
    },
    "sol_a_bot": {
      "start": "eu_a",
      "end": "t_a",
      "type": "solvus",
      "power": 1.5
    },
    "sol_e": {
      "start": "e2_e",
      "end": "t_e",
      "type": "solvus",
      "power": 1.8
    },
    "i_e1": {
      "start": "e1_a",
      "end": "e1_b",
      "type": "horizontal"
    },
    "i_eu": {
      "start": "eu_a",
      "end": "eu_g",
      "type": "horizontal"
    },
    "i_p": {
      "start": "p_im",
      "end": "p_l",
      "type": "horizontal"
    },
    "i_e2": {
      "start": "e2_d",
      "end": "e2_e",
      "type": "horizontal"
    },
    "im_vert": {
      "start": "im_t",
      "end": "im_b",
      "type": "vertical"
    }
  },
  "regions": {
    "R_a": {
      "type": "single-phase",
      "phase_name": "\u03b1",
      "label": {
        "text": "\u03b1",
        "c": 4,
        "t": 600
      },
      "bounding_curves": [
        {
          "id": "S_a",
          "dir": 1
        },
        {
          "id": "sol_a",
          "dir": 1
        },
        {
          "id": "sol_a_bot",
          "dir": 1
        },
        {
          "id": "bot_a",
          "dir": -1
        },
        {
          "id": "e_L",
          "dir": 1
        }
      ]
    }
  }
}