{
  "metadata": {
    "id": "final_boss_195",
    "axes": {
      "c_max": 100,
      "t_max": 1200
    }
  },
  "nodes": {
    "tmA": {
      "c": 0,
      "t": 1107
    },
    "tmB": {
      "c": 100,
      "t": 1059
    },
    "e1_a": {
      "c": 14.312950556282392,
      "t": 930.6313992587499
    },
    "e1_l": {
      "c": 26.546690704191427,
      "t": 930.6313992587499
    },
    "e1_b": {
      "c": 35.865937576143516,
      "t": 930.6313992587499
    },
    "eu_b": {
      "c": 28.75136731233465,
      "t": 800.3169305977677
    },
    "eu_a": {
      "c": 4.753913700774861,
      "t": 800.3169305977677
    },
    "eu_g": {
      "c": 38.71184206865753,
      "t": 800.3169305977677
    },
    "im_t": {
      "c": 50.157172096686885,
      "t": 1159.5339398102788
    },
    "im_b": {
      "c": 50.157172096686885,
      "t": 0
    },
    "p_im": {
      "c": 50.157172096686885,
      "t": 991.7650566472242
    },
    "p_l": {
      "c": 75.28240614344645,
      "t": 991.7650566472242
    },
    "p_d": {
      "c": 66.05616326445255,
      "t": 991.7650566472242
    },
    "e2_d": {
      "c": 70.25876314331268,
      "t": 538.3584505562816
    },
    "e2_l": {
      "c": 76.25562294259866,
      "t": 538.3584505562816
    },
    "e2_e": {
      "c": 86.33797536800725,
      "t": 538.3584505562816
    },
    "t_a": {
      "c": 1.216061844628896,
      "t": 0
    },
    "t_g_l": {
      "c": 38.54274573015306,
      "t": 0
    },
    "t_g_r": {
      "c": 39.43428345916825,
      "t": 0
    },
    "t_d": {
      "c": 66.71280445109458,
      "t": 0
    },
    "t_e": {
      "c": 97.80096763880802,
      "t": 0
    }
  },
  "curves": {
    "L_1": {
      "start": "tmA",
      "end": "e1_l",
      "type": "liquidus",
      "power": 0.8
    },
    "L_2": {
      "start": "e1_l",
      "end": "im_t",
      "type": "liquidus",
      "power": 1.2
    },
    "L_3": {
      "start": "im_t",
      "end": "p_l",
      "type": "liquidus",
      "power": 0.9
    },
    "L_4": {
      "start": "p_l",
      "end": "e2_l",
      "type": "liquidus",
      "power": 1.1
    },
    "L_5": {
      "start": "e2_l",
      "end": "tmB",
      "type": "liquidus",
      "power": 0.8
    },
    "S_a": {
      "start": "tmA",
      "end": "e1_a",
      "type": "solidus",
      "power": 1.2
    },
    "S_e": {
      "start": "tmB",
      "end": "e2_e",
      "type": "solidus",
      "power": 1.1
    },
    "sol_a": {
      "start": "e1_a",
      "end": "eu_a",
      "type": "solvus",
      "power": 2.0
    },
    "sol_a_bot": {
      "start": "eu_a",
      "end": "t_a",
      "type": "solvus",
      "power": 1.5
    },
    "sol_e": {
      "start": "e2_e",
      "end": "t_e",
      "type": "solvus",
      "power": 1.8
    },
    "i_e1": {
      "start": "e1_a",
      "end": "e1_b",
      "type": "horizontal"
    },
    "i_eu": {
      "start": "eu_a",
      "end": "eu_g",
      "type": "horizontal"
    },
    "i_p": {
      "start": "p_im",
      "end": "p_l",
      "type": "horizontal"
    },
    "i_e2": {
      "start": "e2_d",
      "end": "e2_e",
      "type": "horizontal"
    },
    "im_vert": {
      "start": "im_t",
      "end": "im_b",
      "type": "vertical"
    }
  },
  "regions": {
    "R_a": {
      "type": "single-phase",
      "phase_name": "\u03b1",
      "label": {
        "text": "\u03b1",
        "c": 4,
        "t": 600
      },
      "bounding_curves": [
        {
          "id": "S_a",
          "dir": 1
        },
        {
          "id": "sol_a",
          "dir": 1
        },
        {
          "id": "sol_a_bot",
          "dir": 1
        },
        {
          "id": "bot_a",
          "dir": -1
        },
        {
          "id": "e_L",
          "dir": 1
        }
      ]
    }
  }
}