{
  "metadata": {
    "id": "final_boss_459",
    "axes": {
      "c_max": 100,
      "t_max": 1200
    }
  },
  "nodes": {
    "tmA": {
      "c": 0,
      "t": 1073
    },
    "tmB": {
      "c": 100,
      "t": 1014
    },
    "e1_a": {
      "c": 18.981481343908712,
      "t": 854.1738533348743
    },
    "e1_l": {
      "c": 34.139853430609904,
      "t": 854.1738533348743
    },
    "e1_b": {
      "c": 48.76623022856613,
      "t": 854.1738533348743
    },
    "eu_b": {
      "c": 41.94082823048812,
      "t": 682.541948322566
    },
    "eu_a": {
      "c": 13.4202678696379,
      "t": 682.541948322566
    },
    "eu_g": {
      "c": 49.90755493290263,
      "t": 682.541948322566
    },
    "im_t": {
      "c": 65.01138257882923,
      "t": 1088.8445988442415
    },
    "im_b": {
      "c": 65.01138257882923,
      "t": 0
    },
    "p_im": {
      "c": 65.01138257882923,
      "t": 983.0114184850534
    },
    "p_l": {
      "c": 86.86135917994575,
      "t": 983.0114184850534
    },
    "p_d": {
      "c": 78.53182092914577,
      "t": 983.0114184850534
    },
    "e2_d": {
      "c": 81.66075534909452,
      "t": 673.396668838306
    },
    "e2_l": {
      "c": 91.03188052286738,
      "t": 673.396668838306
    },
    "e2_e": {
      "c": 95.40746895987243,
      "t": 673.396668838306
    },
    "t_a": {
      "c": 9.23712016705293,
      "t": 0
    },
    "t_g_l": {
      "c": 49.478218840591005,
      "t": 0
    },
    "t_g_r": {
      "c": 58.27655132024686,
      "t": 0
    },
    "t_d": {
      "c": 80.0739900086062,
      "t": 0
    },
    "t_e": {
      "c": 97.4932024292569,
      "t": 0
    }
  },
  "curves": {
    "L_1": {
      "start": "tmA",
      "end": "e1_l",
      "type": "liquidus",
      "power": 0.8
    },
    "L_2": {
      "start": "e1_l",
      "end": "im_t",
      "type": "liquidus",
      "power": 1.2
    },
    "L_3": {
      "start": "im_t",
      "end": "p_l",
      "type": "liquidus",
      "power": 0.9
    },
    "L_4": {
      "start": "p_l",
      "end": "e2_l",
      "type": "liquidus",
      "power": 1.1
    },
    "L_5": {
      "start": "e2_l",
      "end": "tmB",
      "type": "liquidus",
      "power": 0.8
    },
    "S_a": {
      "start": "tmA",
      "end": "e1_a",
      "type": "solidus",
      "power": 1.2
    },
    "S_e": {
      "start": "tmB",
      "end": "e2_e",
      "type": "solidus",
      "power": 1.1
    },
    "sol_a": {
      "start": "e1_a",
      "end": "eu_a",
      "type": "solvus",
      "power": 2.0
    },
    "sol_a_bot": {
      "start": "eu_a",
      "end": "t_a",
      "type": "solvus",
      "power": 1.5
    },
    "sol_e": {
      "start": "e2_e",
      "end": "t_e",
      "type": "solvus",
      "power": 1.8
    },
    "i_e1": {
      "start": "e1_a",
      "end": "e1_b",
      "type": "horizontal"
    },
    "i_eu": {
      "start": "eu_a",
      "end": "eu_g",
      "type": "horizontal"
    },
    "i_p": {
      "start": "p_im",
      "end": "p_l",
      "type": "horizontal"
    },
    "i_e2": {
      "start": "e2_d",
      "end": "e2_e",
      "type": "horizontal"
    },
    "im_vert": {
      "start": "im_t",
      "end": "im_b",
      "type": "vertical"
    }
  },
  "regions": {
    "R_a": {
      "type": "single-phase",
      "phase_name": "\u03b1",
      "label": {
        "text": "\u03b1",
        "c": 4,
        "t": 600
      },
      "bounding_curves": [
        {
          "id": "S_a",
          "dir": 1
        },
        {
          "id": "sol_a",
          "dir": 1
        },
        {
          "id": "sol_a_bot",
          "dir": 1
        },
        {
          "id": "bot_a",
          "dir": -1
        },
        {
          "id": "e_L",
          "dir": 1
        }
      ]
    }
  }
}