{
  "metadata": {
    "id": "final_boss_82",
    "axes": {
      "c_max": 100,
      "t_max": 1200
    }
  },
  "nodes": {
    "tmA": {
      "c": 0,
      "t": 1084
    },
    "tmB": {
      "c": 100,
      "t": 1055
    },
    "e1_a": {
      "c": 14.988680693540223,
      "t": 928.0474348337887
    },
    "e1_l": {
      "c": 27.248260545741523,
      "t": 928.0474348337887
    },
    "e1_b": {
      "c": 41.90838241572122,
      "t": 928.0474348337887
    },
    "eu_b": {
      "c": 33.10132462215395,
      "t": 619.7377946656868
    },
    "eu_a": {
      "c": 7.502938521253832,
      "t": 619.7377946656868
    },
    "eu_g": {
      "c": 42.63031880077304,
      "t": 619.7377946656868
    },
    "im_t": {
      "c": 57.665592111575215,
      "t": 992.5976501848666
    },
    "im_b": {
      "c": 57.665592111575215,
      "t": 0
    },
    "p_im": {
      "c": 57.665592111575215,
      "t": 921.6385498462339
    },
    "p_l": {
      "c": 83.54493719294571,
      "t": 921.6385498462339
    },
    "p_d": {
      "c": 73.00704636411871,
      "t": 921.6385498462339
    },
    "e2_d": {
      "c": 75.28894145277725,
      "t": 701.0414539759215
    },
    "e2_l": {
      "c": 80.74654029922866,
      "t": 701.0414539759215
    },
    "e2_e": {
      "c": 92.2543183363586,
      "t": 701.0414539759215
    },
    "t_a": {
      "c": 3.4064033932182722,
      "t": 0
    },
    "t_g_l": {
      "c": 42.46820835715972,
      "t": 0
    },
    "t_g_r": {
      "c": 51.785507373431315,
      "t": 0
    },
    "t_d": {
      "c": 71.06667889757225,
      "t": 0
    },
    "t_e": {
      "c": 97.48535729614939,
      "t": 0
    }
  },
  "curves": {
    "L_1": {
      "start": "tmA",
      "end": "e1_l",
      "type": "liquidus",
      "power": 0.8
    },
    "L_2": {
      "start": "e1_l",
      "end": "im_t",
      "type": "liquidus",
      "power": 1.2
    },
    "L_3": {
      "start": "im_t",
      "end": "p_l",
      "type": "liquidus",
      "power": 0.9
    },
    "L_4": {
      "start": "p_l",
      "end": "e2_l",
      "type": "liquidus",
      "power": 1.1
    },
    "L_5": {
      "start": "e2_l",
      "end": "tmB",
      "type": "liquidus",
      "power": 0.8
    },
    "S_a": {
      "start": "tmA",
      "end": "e1_a",
      "type": "solidus",
      "power": 1.2
    },
    "S_e": {
      "start": "tmB",
      "end": "e2_e",
      "type": "solidus",
      "power": 1.1
    },
    "sol_a": {
      "start": "e1_a",
      "end": "eu_a",
      "type": "solvus",
      "power": 2.0
    },
    "sol_a_bot": {
      "start": "eu_a",
      "end": "t_a",
      "type": "solvus",
      "power": 1.5
    },
    "sol_e": {
      "start": "e2_e",
      "end": "t_e",
      "type": "solvus",
      "power": 1.8
    },
    "i_e1": {
      "start": "e1_a",
      "end": "e1_b",
      "type": "horizontal"
    },
    "i_eu": {
      "start": "eu_a",
      "end": "eu_g",
      "type": "horizontal"
    },
    "i_p": {
      "start": "p_im",
      "end": "p_l",
      "type": "horizontal"
    },
    "i_e2": {
      "start": "e2_d",
      "end": "e2_e",
      "type": "horizontal"
    },
    "im_vert": {
      "start": "im_t",
      "end": "im_b",
      "type": "vertical"
    }
  },
  "regions": {
    "R_a": {
      "type": "single-phase",
      "phase_name": "\u03b1",
      "label": {
        "text": "\u03b1",
        "c": 4,
        "t": 600
      },
      "bounding_curves": [
        {
          "id": "S_a",
          "dir": 1
        },
        {
          "id": "sol_a",
          "dir": 1
        },
        {
          "id": "sol_a_bot",
          "dir": 1
        },
        {
          "id": "bot_a",
          "dir": -1
        },
        {
          "id": "e_L",
          "dir": 1
        }
      ]
    }
  }
}