{
  "metadata": {
    "id": "final_boss_304",
    "axes": {
      "c_max": 100,
      "t_max": 1200
    }
  },
  "nodes": {
    "top_L": {
      "c": 0,
      "t": 1200,
      "bounds": {
        "lock_t": true,
        "lock_c": true
      }
    },
    "top_R": {
      "c": 100,
      "t": 1200,
      "bounds": {
        "lock_t": true,
        "lock_c": true
      }
    },
    "bot_L": {
      "c": 0,
      "t": 0,
      "bounds": {
        "lock_t": true,
        "lock_c": true
      }
    },
    "bot_R": {
      "c": 100,
      "t": 0,
      "bounds": {
        "lock_t": true,
        "lock_c": true
      }
    },
    "tmA": {
      "c": 0,
      "t": 1060.295599112118,
      "bounds": {
        "lock_c": true,
        "t_min": 1000,
        "t_max": 1200
      }
    },
    "tmB": {
      "c": 100,
      "t": 1148.8066155873269,
      "bounds": {
        "lock_c": true,
        "t_min": 1000,
        "t_max": 1200
      }
    },
    "im1_t": {
      "c": 64.95558794624941,
      "t": 1161.3295704734794,
      "bounds": {
        "lock_c": true,
        "t_min": 1000,
        "t_max": 1200
      }
    },
    "im1_b": {
      "c": 64.95558794624941,
      "t": 0,
      "bounds": {
        "lock_c": true,
        "lock_t": true
      }
    },
    "e1_a": {
      "c": 10.96939542484854,
      "t": 851.8673956716345,
      "bounds": {
        "lock_t": true,
        "c_min": 2,
        "c_max": 18
      }
    },
    "e1_l": {
      "c": 40.648121596685066,
      "t": 851.8673956716345,
      "bounds": {
        "lock_t": true,
        "c_min": 25,
        "c_max": 50
      }
    },
    "im1_e1": {
      "c": 64.95558794624941,
      "t": 851.8673956716345,
      "bounds": {
        "lock_c": true,
        "lock_t": true
      }
    },
    "po_nexus": {
      "c": 22.970846387139197,
      "t": 651.377831823077,
      "bounds": {
        "lock_c": true,
        "lock_t": true
      }
    },
    "im2_b": {
      "c": 22.970846387139197,
      "t": 0,
      "bounds": {
        "lock_c": true,
        "lock_t": true
      }
    },
    "p_im1": {
      "c": 64.95558794624941,
      "t": 978.7579759967061,
      "bounds": {
        "lock_c": true,
        "lock_t": true
      }
    },
    "p_g": {
      "c": 72.05870144903915,
      "t": 978.7579759967061,
      "bounds": {
        "lock_t": true,
        "c_min": 66.95558794624941,
        "c_max": 78.99957901872465
      }
    },
    "p_l": {
      "c": 80.99957901872465,
      "t": 978.7579759967061,
      "bounds": {
        "lock_t": true,
        "c_min": 74.05870144903915,
        "c_max": 90
      }
    },
    "e2_g": {
      "c": 74.41600262006139,
      "t": 756.0888920332061,
      "bounds": {
        "lock_t": true,
        "c_min": 74.05870144903915,
        "c_max": 78.16462150851022
      }
    },
    "e2_l": {
      "c": 80.16462150851022,
      "t": 756.0888920332061,
      "bounds": {
        "lock_t": true,
        "c_min": 76.41600262006139,
        "c_max": 81.56279785142051
      }
    },
    "e2_e": {
      "c": 83.56279785142051,
      "t": 756.0888920332061,
      "bounds": {
        "lock_t": true,
        "c_min": 82.16462150851022,
        "c_max": 98
      }
    },
    "im1_eu": {
      "c": 64.95558794624941,
      "t": 567.5888604840087,
      "bounds": {
        "lock_c": true,
        "lock_t": true
      }
    },
    "eu_nexus": {
      "c": 72.08058275745576,
      "t": 567.5888604840087,
      "bounds": {
        "lock_t": true,
        "c_min": 69.95558794624941,
        "c_max": 88.20539807337857
      }
    },
    "eu_e_iso": {
      "c": 93.20539807337857,
      "t": 567.5888604840087,
      "bounds": {
        "lock_t": true,
        "c_min": 74.08058275745576,
        "c_max": 99
      }
    },
    "t_a": {
      "c": 3.5705923324544826,
      "t": 0,
      "bounds": {
        "lock_t": true,
        "c_min": 0.1,
        "c_max": 20.970846387139197
      }
    },
    "t_e": {
      "c": 93.78686274420944,
      "t": 0,
      "bounds": {
        "lock_t": true,
        "c_min": 93.30539807337857,
        "c_max": 99.9
      }
    }
  },
  "curves": {
    "L_1": {
      "start": "tmA",
      "end": "e1_l",
      "type": "liquidus"
    },
    "L_2": {
      "start": "e1_l",
      "end": "im1_t",
      "type": "liquidus"
    },
    "L_3": {
      "start": "im1_t",
      "end": "p_l",
      "type": "liquidus"
    },
    "L_4": {
      "start": "p_l",
      "end": "e2_l",
      "type": "liquidus"
    },
    "L_5": {
      "start": "e2_l",
      "end": "tmB",
      "type": "liquidus"
    },
    "S_a": {
      "start": "tmA",
      "end": "e1_a",
      "type": "solidus"
    },
    "S_g": {
      "start": "p_g",
      "end": "e2_g",
      "type": "solidus"
    },
    "S_e": {
      "start": "tmB",
      "end": "e2_e",
      "type": "solidus"
    },
    "sol_a_up": {
      "start": "e1_a",
      "end": "po_nexus",
      "type": "solvus"
    },
    "sol_a_bot": {
      "start": "po_nexus",
      "end": "t_a",
      "type": "solvus"
    },
    "sol_g_L": {
      "start": "p_g",
      "end": "eu_nexus",
      "type": "solvus"
    },
    "sol_g_R": {
      "start": "e2_g",
      "end": "eu_nexus",
      "type": "solvus"
    },
    "sol_e": {
      "start": "e2_e",
      "end": "t_e",
      "type": "solvus"
    },
    "IM1": {
      "start": "im1_t",
      "end": "im1_b",
      "type": "vertical"
    },
    "IM2": {
      "start": "po_nexus",
      "end": "im2_b",
      "type": "vertical"
    },
    "iso_e1": {
      "start": "e1_a",
      "end": "im1_e1",
      "type": "horizontal"
    },
    "iso_p": {
      "start": "p_im1",
      "end": "p_l",
      "type": "horizontal"
    },
    "iso_e2": {
      "start": "e2_g",
      "end": "e2_e",
      "type": "horizontal"
    },
    "iso_eu": {
      "start": "im1_eu",
      "end": "eu_e_iso",
      "type": "horizontal"
    },
    "edge_L_top": {
      "start": "top_L",
      "end": "tmA",
      "type": "edge"
    },
    "edge_L_bot": {
      "start": "tmA",
      "end": "bot_L",
      "type": "edge"
    },
    "edge_R_top": {
      "start": "top_R",
      "end": "tmB",
      "type": "edge"
    },
    "edge_R_bot": {
      "start": "tmB",
      "end": "bot_R",
      "type": "edge"
    },
    "edge_top": {
      "start": "top_L",
      "end": "top_R",
      "type": "edge"
    },
    "b_0_a": {
      "start": "bot_L",
      "end": "t_a",
      "type": "edge"
    },
    "b_a_im2": {
      "start": "t_a",
      "end": "im2_b",
      "type": "edge"
    },
    "b_im2_im1": {
      "start": "im2_b",
      "end": "im1_b",
      "type": "edge"
    },
    "b_im1_e": {
      "start": "im1_b",
      "end": "t_e",
      "type": "edge"
    },
    "b_e_100": {
      "start": "t_e",
      "end": "bot_R",
      "type": "edge"
    }
  },
  "regions": {
    "R_L": {
      "type": "single-phase",
      "phase_name": "L",
      "bounding_curves": [
        {
          "id": "L_1",
          "dir": 1
        },
        {
          "id": "L_2",
          "dir": 1
        },
        {
          "id": "L_3",
          "dir": 1
        },
        {
          "id": "L_4",
          "dir": 1
        },
        {
          "id": "L_5",
          "dir": 1
        },
        {
          "id": "edge_R_top",
          "dir": -1
        },
        {
          "id": "edge_top",
          "dir": -1
        },
        {
          "id": "edge_L_top",
          "dir": 1
        }
      ]
    },
    "R_a": {
      "type": "single-phase",
      "phase_name": "\u03b1",
      "bounding_curves": [
        {
          "id": "S_a",
          "dir": -1
        },
        {
          "id": "edge_L_bot",
          "dir": 1
        },
        {
          "id": "b_0_a",
          "dir": 1
        },
        {
          "id": "sol_a_bot",
          "dir": -1
        },
        {
          "id": "sol_a_up",
          "dir": -1
        }
      ]
    },
    "R_g": {
      "type": "single-phase",
      "phase_name": "\u03b3",
      "bounding_curves": [
        {
          "id": "sol_g_L",