{
  "metadata": {
    "id": "final_boss_381",
    "axes": {
      "c_max": 100,
      "t_max": 1200
    }
  },
  "nodes": {
    "tmA": {
      "c": 0,
      "t": 1083
    },
    "tmB": {
      "c": 100,
      "t": 1093
    },
    "e1_a": {
      "c": 17.10547971526644,
      "t": 850.133194022835
    },
    "e1_l": {
      "c": 35.934646805764395,
      "t": 850.133194022835
    },
    "e1_b": {
      "c": 44.74477552071507,
      "t": 850.133194022835
    },
    "eu_b": {
      "c": 38.066168884378435,
      "t": 603.1096750185694
    },
    "eu_a": {
      "c": 12.678759508665852,
      "t": 603.1096750185694
    },
    "eu_g": {
      "c": 52.57409427306546,
      "t": 603.1096750185694
    },
    "im_t": {
      "c": 67.10938688126936,
      "t": 1105.2023807766548
    },
    "im_b": {
      "c": 67.10938688126936,
      "t": 0
    },
    "p_im": {
      "c": 67.10938688126936,
      "t": 755.0869004699784
    },
    "p_l": {
      "c": 82.64573312991078,
      "t": 755.0869004699784
    },
    "p_d": {
      "c": 75.28845751997419,
      "t": 755.0869004699784
    },
    "e2_d": {
      "c": 78.6439086640542,
      "t": 508.867903071363
    },
    "e2_l": {
      "c": 85.65774301230235,
      "t": 508.867903071363
    },
    "e2_e": {
      "c": 93.03882993998,
      "t": 508.867903071363
    },
    "t_a": {
      "c": 3.3986050932217533,
      "t": 0
    },
    "t_g_l": {
      "c": 51.58925159708654,
      "t": 0
    },
    "t_g_r": {
      "c": 55.67275668350933,
      "t": 0
    },
    "t_d": {
      "c": 78.38865031762685,
      "t": 0
    },
    "t_e": {
      "c": 99.53854605734873,
      "t": 0
    }
  },
  "curves": {
    "L_1": {
      "start": "tmA",
      "end": "e1_l",
      "type": "liquidus",
      "power": 0.8
    },
    "L_2": {
      "start": "e1_l",
      "end": "im_t",
      "type": "liquidus",
      "power": 1.2
    },
    "L_3": {
      "start": "im_t",
      "end": "p_l",
      "type": "liquidus",
      "power": 0.9
    },
    "L_4": {
      "start": "p_l",
      "end": "e2_l",
      "type": "liquidus",
      "power": 1.1
    },
    "L_5": {
      "start": "e2_l",
      "end": "tmB",
      "type": "liquidus",
      "power": 0.8
    },
    "S_a": {
      "start": "tmA",
      "end": "e1_a",
      "type": "solidus",
      "power": 1.2
    },
    "S_e": {
      "start": "tmB",
      "end": "e2_e",
      "type": "solidus",
      "power": 1.1
    },
    "sol_a": {
      "start": "e1_a",
      "end": "eu_a",
      "type": "solvus",
      "power": 2.0
    },
    "sol_a_bot": {
      "start": "eu_a",
      "end": "t_a",
      "type": "solvus",
      "power": 1.5
    },
    "sol_e": {
      "start": "e2_e",
      "end": "t_e",
      "type": "solvus",
      "power": 1.8
    },
    "i_e1": {
      "start": "e1_a",
      "end": "e1_b",
      "type": "horizontal"
    },
    "i_eu": {
      "start": "eu_a",
      "end": "eu_g",
      "type": "horizontal"
    },
    "i_p": {
      "start": "p_im",
      "end": "p_l",
      "type": "horizontal"
    },
    "i_e2": {
      "start": "e2_d",
      "end": "e2_e",
      "type": "horizontal"
    },
    "im_vert": {
      "start": "im_t",
      "end": "im_b",
      "type": "vertical"
    }
  },
  "regions": {
    "R_a": {
      "type": "single-phase",
      "phase_name": "\u03b1",
      "label": {
        "text": "\u03b1",
        "c": 4,
        "t": 600
      },
      "bounding_curves": [
        {
          "id": "S_a",
          "dir": 1
        },
        {
          "id": "sol_a",
          "dir": 1
        },
        {
          "id": "sol_a_bot",
          "dir": 1
        },
        {
          "id": "bot_a",
          "dir": -1
        },
        {
          "id": "e_L",
          "dir": 1
        }
      ]
    }
  }
}