{
  "metadata": {
    "id": "final_boss_45",
    "axes": {
      "c_max": 100,
      "t_max": 1200
    }
  },
  "nodes": {
    "tmA": {
      "c": 0,
      "t": 1133
    },
    "tmB": {
      "c": 100,
      "t": 1006
    },
    "e1_a": {
      "c": 18.134871280931645,
      "t": 867.389722815948
    },
    "e1_l": {
      "c": 27.189195339320996,
      "t": 867.389722815948
    },
    "e1_b": {
      "c": 37.26070231165559,
      "t": 867.389722815948
    },
    "eu_b": {
      "c": 34.12346676388428,
      "t": 714.8254315926282
    },
    "eu_a": {
      "c": 4.21723900889294,
      "t": 714.8254315926282
    },
    "eu_g": {
      "c": 48.674514791109246,
      "t": 714.8254315926282
    },
    "im_t": {
      "c": 66.90815978491955,
      "t": 954.0526400142483
    },
    "im_b": {
      "c": 66.90815978491955,
      "t": 0
    },
    "p_im": {
      "c": 66.90815978491955,
      "t": 781.2130082723121
    },
    "p_l": {
      "c": 82.0933079380329,
      "t": 781.2130082723121
    },
    "p_d": {
      "c": 75.41462840736479,
      "t": 781.2130082723121
    },
    "e2_d": {
      "c": 77.66956416863025,
      "t": 686.408405071583
    },
    "e2_l": {
      "c": 84.40768404274127,
      "t": 686.408405071583
    },
    "e2_e": {
      "c": 88.97692764299353,
      "t": 686.408405071583
    },
    "t_a": {
      "c": 2.314373638258431,
      "t": 0
    },
    "t_g_l": {
      "c": 45.736501111843786,
      "t": 0
    },
    "t_g_r": {
      "c": 51.39818888518777,
      "t": 0
    },
    "t_d": {
      "c": 73.56772326123013,
      "t": 0
    },
    "t_e": {
      "c": 99.61104605673364,
      "t": 0
    }
  },
  "curves": {
    "L_1": {
      "start": "tmA",
      "end": "e1_l",
      "type": "liquidus",
      "power": 0.8
    },
    "L_2": {
      "start": "e1_l",
      "end": "im_t",
      "type": "liquidus",
      "power": 1.2
    },
    "L_3": {
      "start": "im_t",
      "end": "p_l",
      "type": "liquidus",
      "power": 0.9
    },
    "L_4": {
      "start": "p_l",
      "end": "e2_l",
      "type": "liquidus",
      "power": 1.1
    },
    "L_5": {
      "start": "e2_l",
      "end": "tmB",
      "type": "liquidus",
      "power": 0.8
    },
    "S_a": {
      "start": "tmA",
      "end": "e1_a",
      "type": "solidus",
      "power": 1.2
    },
    "S_e": {
      "start": "tmB",
      "end": "e2_e",
      "type": "solidus",
      "power": 1.1
    },
    "sol_a": {
      "start": "e1_a",
      "end": "eu_a",
      "type": "solvus",
      "power": 2.0
    },
    "sol_a_bot": {
      "start": "eu_a",
      "end": "t_a",
      "type": "solvus",
      "power": 1.5
    },
    "sol_e": {
      "start": "e2_e",
      "end": "t_e",
      "type": "solvus",
      "power": 1.8
    },
    "i_e1": {
      "start": "e1_a",
      "end": "e1_b",
      "type": "horizontal"
    },
    "i_eu": {
      "start": "eu_a",
      "end": "eu_g",
      "type": "horizontal"
    },
    "i_p": {
      "start": "p_im",
      "end": "p_l",
      "type": "horizontal"
    },
    "i_e2": {
      "start": "e2_d",
      "end": "e2_e",
      "type": "horizontal"
    },
    "im_vert": {
      "start": "im_t",
      "end": "im_b",
      "type": "vertical"
    }
  },
  "regions": {
    "R_a": {
      "type": "single-phase",
      "phase_name": "\u03b1",
      "label": {
        "text": "\u03b1",
        "c": 4,
        "t": 600
      },
      "bounding_curves": [
        {
          "id": "S_a",
          "dir": 1
        },
        {
          "id": "sol_a",
          "dir": 1
        },
        {
          "id": "sol_a_bot",
          "dir": 1
        },
        {
          "id": "bot_a",
          "dir": -1
        },
        {
          "id": "e_L",
          "dir": 1
        }
      ]
    }
  }
}