{
  "metadata": {
    "id": "final_boss_113",
    "axes": {
      "c_max": 100,
      "t_max": 1200
    }
  },
  "nodes": {
    "tmA": {
      "c": 0,
      "t": 1139
    },
    "tmB": {
      "c": 100,
      "t": 1142
    },
    "e1_a": {
      "c": 13.50635003906769,
      "t": 927.805073928568
    },
    "e1_l": {
      "c": 22.461272071387008,
      "t": 927.805073928568
    },
    "e1_b": {
      "c": 34.48418275661801,
      "t": 927.805073928568
    },
    "eu_b": {
      "c": 28.542713813070787,
      "t": 627.1314851681664
    },
    "eu_a": {
      "c": 7.966804923230747,
      "t": 627.1314851681664
    },
    "eu_g": {
      "c": 36.60158657657939,
      "t": 627.1314851681664
    },
    "im_t": {
      "c": 69.49746138026788,
      "t": 1088.9765680753703
    },
    "im_b": {
      "c": 69.49746138026788,
      "t": 0
    },
    "p_im": {
      "c": 69.49746138026788,
      "t": 832.6149614587306
    },
    "p_l": {
      "c": 82.77753400500397,
      "t": 832.6149614587306
    },
    "p_d": {
      "c": 77.97445659291111,
      "t": 832.6149614587306
    },
    "e2_d": {
      "c": 79.31363420383865,
      "t": 643.1228330327706
    },
    "e2_l": {
      "c": 85.00775743942508,
      "t": 643.1228330327706
    },
    "e2_e": {
      "c": 93.74081262446184,
      "t": 643.1228330327706
    },
    "t_a": {
      "c": 0.6038529464948861,
      "t": 0
    },
    "t_g_l": {
      "c": 33.917406482122125,
      "t": 0
    },
    "t_g_r": {
      "c": 40.384633971411404,
      "t": 0
    },
    "t_d": {
      "c": 77.88415771554375,
      "t": 0
    },
    "t_e": {
      "c": 98.73250676353135,
      "t": 0
    }
  },
  "curves": {
    "L_1": {
      "start": "tmA",
      "end": "e1_l",
      "type": "liquidus",
      "power": 0.8
    },
    "L_2": {
      "start": "e1_l",
      "end": "im_t",
      "type": "liquidus",
      "power": 1.2
    },
    "L_3": {
      "start": "im_t",
      "end": "p_l",
      "type": "liquidus",
      "power": 0.9
    },
    "L_4": {
      "start": "p_l",
      "end": "e2_l",
      "type": "liquidus",
      "power": 1.1
    },
    "L_5": {
      "start": "e2_l",
      "end": "tmB",
      "type": "liquidus",
      "power": 0.8
    },
    "S_a": {
      "start": "tmA",
      "end": "e1_a",
      "type": "solidus",
      "power": 1.2
    },
    "S_e": {
      "start": "tmB",
      "end": "e2_e",
      "type": "solidus",
      "power": 1.1
    },
    "sol_a": {
      "start": "e1_a",
      "end": "eu_a",
      "type": "solvus",
      "power": 2.0
    },
    "sol_a_bot": {
      "start": "eu_a",
      "end": "t_a",
      "type": "solvus",
      "power": 1.5
    },
    "sol_e": {
      "start": "e2_e",
      "end": "t_e",
      "type": "solvus",
      "power": 1.8
    },
    "i_e1": {
      "start": "e1_a",
      "end": "e1_b",
      "type": "horizontal"
    },
    "i_eu": {
      "start": "eu_a",
      "end": "eu_g",
      "type": "horizontal"
    },
    "i_p": {
      "start": "p_im",
      "end": "p_l",
      "type": "horizontal"
    },
    "i_e2": {
      "start": "e2_d",
      "end": "e2_e",
      "type": "horizontal"
    },
    "im_vert": {
      "start": "im_t",
      "end": "im_b",
      "type": "vertical"
    }
  },
  "regions": {
    "R_a": {
      "type": "single-phase",
      "phase_name": "\u03b1",
      "label": {
        "text": "\u03b1",
        "c": 4,
        "t": 600
      },
      "bounding_curves": [
        {
          "id": "S_a",
          "dir": 1
        },
        {
          "id": "sol_a",
          "dir": 1
        },
        {
          "id": "sol_a_bot",
          "dir": 1
        },
        {
          "id": "bot_a",
          "dir": -1
        },
        {
          "id": "e_L",
          "dir": 1
        }
      ]
    }
  }
}