{
  "metadata": {
    "id": "final_boss_481",
    "axes": {
      "c_max": 100,
      "t_max": 1200
    }
  },
  "nodes": {
    "tmA": {
      "c": 0,
      "t": 1055
    },
    "tmB": {
      "c": 100,
      "t": 1004
    },
    "e1_a": {
      "c": 11.888307357166923,
      "t": 890.2537381822943
    },
    "e1_l": {
      "c": 22.37159074149907,
      "t": 890.2537381822943
    },
    "e1_b": {
      "c": 34.063605264747466,
      "t": 890.2537381822943
    },
    "eu_b": {
      "c": 29.12231016451715,
      "t": 633.0270660560499
    },
    "eu_a": {
      "c": 4.86964541696419,
      "t": 633.0270660560499
    },
    "eu_g": {
      "c": 43.30943508583648,
      "t": 633.0270660560499
    },
    "im_t": {
      "c": 70.83152854139631,
      "t": 1016.5282843385077
    },
    "im_b": {
      "c": 70.83152854139631,
      "t": 0
    },
    "p_im": {
      "c": 70.83152854139631,
      "t": 810.7430763476698
    },
    "p_l": {
      "c": 87.23957623860149,
      "t": 810.7430763476698
    },
    "p_d": {
      "c": 74.59556921920256,
      "t": 810.7430763476698
    },
    "e2_d": {
      "c": 80.24682682498465,
      "t": 491.1816933782095
    },
    "e2_l": {
      "c": 91.36489725681105,
      "t": 491.1816933782095
    },
    "e2_e": {
      "c": 95.82824235580381,
      "t": 491.1816933782095
    },
    "t_a": {
      "c": 1.1543389188603315,
      "t": 0
    },
    "t_g_l": {
      "c": 40.60788223625975,
      "t": 0
    },
    "t_g_r": {
      "c": 66.26714837483972,
      "t": 0
    },
    "t_d": {
      "c": 76.60952737138594,
      "t": 0
    },
    "t_e": {
      "c": 97.96680437761948,
      "t": 0
    }
  },
  "curves": {
    "L_1": {
      "start": "tmA",
      "end": "e1_l",
      "type": "liquidus",
      "power": 0.8
    },
    "L_2": {
      "start": "e1_l",
      "end": "im_t",
      "type": "liquidus",
      "power": 1.2
    },
    "L_3": {
      "start": "im_t",
      "end": "p_l",
      "type": "liquidus",
      "power": 0.9
    },
    "L_4": {
      "start": "p_l",
      "end": "e2_l",
      "type": "liquidus",
      "power": 1.1
    },
    "L_5": {
      "start": "e2_l",
      "end": "tmB",
      "type": "liquidus",
      "power": 0.8
    },
    "S_a": {
      "start": "tmA",
      "end": "e1_a",
      "type": "solidus",
      "power": 1.2
    },
    "S_e": {
      "start": "tmB",
      "end": "e2_e",
      "type": "solidus",
      "power": 1.1
    },
    "sol_a": {
      "start": "e1_a",
      "end": "eu_a",
      "type": "solvus",
      "power": 2.0
    },
    "sol_a_bot": {
      "start": "eu_a",
      "end": "t_a",
      "type": "solvus",
      "power": 1.5
    },
    "sol_e": {
      "start": "e2_e",
      "end": "t_e",
      "type": "solvus",
      "power": 1.8
    },
    "i_e1": {
      "start": "e1_a",
      "end": "e1_b",
      "type": "horizontal"
    },
    "i_eu": {
      "start": "eu_a",
      "end": "eu_g",
      "type": "horizontal"
    },
    "i_p": {
      "start": "p_im",
      "end": "p_l",
      "type": "horizontal"
    },
    "i_e2": {
      "start": "e2_d",
      "end": "e2_e",
      "type": "horizontal"
    },
    "im_vert": {
      "start": "im_t",
      "end": "im_b",
      "type": "vertical"
    }
  },
  "regions": {
    "R_a": {
      "type": "single-phase",
      "phase_name": "\u03b1",
      "label": {
        "text": "\u03b1",
        "c": 4,
        "t": 600
      },
      "bounding_curves": [
        {
          "id": "S_a",
          "dir": 1
        },
        {
          "id": "sol_a",
          "dir": 1
        },
        {
          "id": "sol_a_bot",
          "dir": 1
        },
        {
          "id": "bot_a",
          "dir": -1
        },
        {
          "id": "e_L",
          "dir": 1
        }
      ]
    }
  }
}