{
  "metadata": {
    "id": "final_boss_13",
    "axes": {
      "c_max": 100,
      "t_max": 1200
    }
  },
  "nodes": {
    "tmA": {
      "c": 0,
      "t": 1116
    },
    "tmB": {
      "c": 100,
      "t": 1089
    },
    "e1_a": {
      "c": 18.356099919153085,
      "t": 850.0983850651518
    },
    "e1_l": {
      "c": 28.605529871624476,
      "t": 850.0983850651518
    },
    "e1_b": {
      "c": 40.25821925181167,
      "t": 850.0983850651518
    },
    "eu_b": {
      "c": 34.11579355130628,
      "t": 704.116207234411
    },
    "eu_a": {
      "c": 9.695016464035142,
      "t": 704.116207234411
    },
    "eu_g": {
      "c": 46.90696474394558,
      "t": 704.116207234411
    },
    "im_t": {
      "c": 65.41676364022493,
      "t": 1023.257066615475
    },
    "im_b": {
      "c": 65.41676364022493,
      "t": 0
    },
    "p_im": {
      "c": 65.41676364022493,
      "t": 954.7462771442172
    },
    "p_l": {
      "c": 87.46725370516344,
      "t": 954.7462771442172
    },
    "p_d": {
      "c": 72.363938801378,
      "t": 954.7462771442172
    },
    "e2_d": {
      "c": 77.78868831534541,
      "t": 735.069908285356
    },
    "e2_l": {
      "c": 87.40651196754249,
      "t": 735.069908285356
    },
    "e2_e": {
      "c": 94.41820156103296,
      "t": 735.069908285356
    },
    "t_a": {
      "c": 2.840983555036317,
      "t": 0
    },
    "t_g_l": {
      "c": 44.86189798632366,
      "t": 0
    },
    "t_g_r": {
      "c": 49.90577312646268,
      "t": 0
    },
    "t_d": {
      "c": 77.3370069680114,
      "t": 0
    },
    "t_e": {
      "c": 97.05111512200234,
      "t": 0
    }
  },
  "curves": {
    "L_1": {
      "start": "tmA",
      "end": "e1_l",
      "type": "liquidus",
      "power": 0.8
    },
    "L_2": {
      "start": "e1_l",
      "end": "im_t",
      "type": "liquidus",
      "power": 1.2
    },
    "L_3": {
      "start": "im_t",
      "end": "p_l",
      "type": "liquidus",
      "power": 0.9
    },
    "L_4": {
      "start": "p_l",
      "end": "e2_l",
      "type": "liquidus",
      "power": 1.1
    },
    "L_5": {
      "start": "e2_l",
      "end": "tmB",
      "type": "liquidus",
      "power": 0.8
    },
    "S_a": {
      "start": "tmA",
      "end": "e1_a",
      "type": "solidus",
      "power": 1.2
    },
    "S_e": {
      "start": "tmB",
      "end": "e2_e",
      "type": "solidus",
      "power": 1.1
    },
    "sol_a": {
      "start": "e1_a",
      "end": "eu_a",
      "type": "solvus",
      "power": 2.0
    },
    "sol_a_bot": {
      "start": "eu_a",
      "end": "t_a",
      "type": "solvus",
      "power": 1.5
    },
    "sol_e": {
      "start": "e2_e",
      "end": "t_e",
      "type": "solvus",
      "power": 1.8
    },
    "i_e1": {
      "start": "e1_a",
      "end": "e1_b",
      "type": "horizontal"
    },
    "i_eu": {
      "start": "eu_a",
      "end": "eu_g",
      "type": "horizontal"
    },
    "i_p": {
      "start": "p_im",
      "end": "p_l",
      "type": "horizontal"
    },
    "i_e2": {
      "start": "e2_d",
      "end": "e2_e",
      "type": "horizontal"
    },
    "im_vert": {
      "start": "im_t",
      "end": "im_b",
      "type": "vertical"
    }
  },
  "regions": {
    "R_a": {
      "type": "single-phase",
      "phase_name": "\u03b1",
      "label": {
        "text": "\u03b1",
        "c": 4,
        "t": 600
      },
      "bounding_curves": [
        {
          "id": "S_a",
          "dir": 1
        },
        {
          "id": "sol_a",
          "dir": 1
        },
        {
          "id": "sol_a_bot",
          "dir": 1
        },
        {
          "id": "bot_a",
          "dir": -1
        },
        {
          "id": "e_L",
          "dir": 1
        }
      ]
    }
  }
}