{
  "metadata": {
    "id": "final_boss_83",
    "axes": {
      "c_max": 100,
      "t_max": 1200
    }
  },
  "nodes": {
    "tmA": {
      "c": 0,
      "t": 1139
    },
    "tmB": {
      "c": 100,
      "t": 1105
    },
    "e1_a": {
      "c": 13.717349477787522,
      "t": 815.5694132900458
    },
    "e1_l": {
      "c": 31.620685442688956,
      "t": 815.5694132900458
    },
    "e1_b": {
      "c": 41.45653899672721,
      "t": 815.5694132900458
    },
    "eu_b": {
      "c": 36.193688221932604,
      "t": 655.1194625372739
    },
    "eu_a": {
      "c": 9.16609691955729,
      "t": 655.1194625372739
    },
    "eu_g": {
      "c": 48.780070763687185,
      "t": 655.1194625372739
    },
    "im_t": {
      "c": 69.66819133755698,
      "t": 1025.9190058756622
    },
    "im_b": {
      "c": 69.66819133755698,
      "t": 0
    },
    "p_im": {
      "c": 69.66819133755698,
      "t": 825.2027714603058
    },
    "p_l": {
      "c": 84.43086024865286,
      "t": 825.2027714603058
    },
    "p_d": {
      "c": 76.71075870649094,
      "t": 825.2027714603058
    },
    "e2_d": {
      "c": 79.57759907136003,
      "t": 539.1509026122455
    },
    "e2_l": {
      "c": 87.12231065719537,
      "t": 539.1509026122455
    },
    "e2_e": {
      "c": 94.77527460304141,
      "t": 539.1509026122455
    },
    "t_a": {
      "c": 5.140694880110518,
      "t": 0
    },
    "t_g_l": {
      "c": 46.76276134858433,
      "t": 0
    },
    "t_g_r": {
      "c": 64.68452815487471,
      "t": 0
    },
    "t_d": {
      "c": 77.42847357446837,
      "t": 0
    },
    "t_e": {
      "c": 99.5031287511566,
      "t": 0
    }
  },
  "curves": {
    "L_1": {
      "start": "tmA",
      "end": "e1_l",
      "type": "liquidus",
      "power": 0.8
    },
    "L_2": {
      "start": "e1_l",
      "end": "im_t",
      "type": "liquidus",
      "power": 1.2
    },
    "L_3": {
      "start": "im_t",
      "end": "p_l",
      "type": "liquidus",
      "power": 0.9
    },
    "L_4": {
      "start": "p_l",
      "end": "e2_l",
      "type": "liquidus",
      "power": 1.1
    },
    "L_5": {
      "start": "e2_l",
      "end": "tmB",
      "type": "liquidus",
      "power": 0.8
    },
    "S_a": {
      "start": "tmA",
      "end": "e1_a",
      "type": "solidus",
      "power": 1.2
    },
    "S_e": {
      "start": "tmB",
      "end": "e2_e",
      "type": "solidus",
      "power": 1.1
    },
    "sol_a": {
      "start": "e1_a",
      "end": "eu_a",
      "type": "solvus",
      "power": 2.0
    },
    "sol_a_bot": {
      "start": "eu_a",
      "end": "t_a",
      "type": "solvus",
      "power": 1.5
    },
    "sol_e": {
      "start": "e2_e",
      "end": "t_e",
      "type": "solvus",
      "power": 1.8
    },
    "i_e1": {
      "start": "e1_a",
      "end": "e1_b",
      "type": "horizontal"
    },
    "i_eu": {
      "start": "eu_a",
      "end": "eu_g",
      "type": "horizontal"
    },
    "i_p": {
      "start": "p_im",
      "end": "p_l",
      "type": "horizontal"
    },
    "i_e2": {
      "start": "e2_d",
      "end": "e2_e",
      "type": "horizontal"
    },
    "im_vert": {
      "start": "im_t",
      "end": "im_b",
      "type": "vertical"
    }
  },
  "regions": {
    "R_a": {
      "type": "single-phase",
      "phase_name": "\u03b1",
      "label": {
        "text": "\u03b1",
        "c": 4,
        "t": 600
      },
      "bounding_curves": [
        {
          "id": "S_a",
          "dir": 1
        },
        {
          "id": "sol_a",
          "dir": 1
        },
        {
          "id": "sol_a_bot",
          "dir": 1
        },
        {
          "id": "bot_a",
          "dir": -1
        },
        {
          "id": "e_L",
          "dir": 1
        }
      ]
    }
  }
}