{
  "metadata": {
    "id": "final_boss_158",
    "axes": {
      "c_max": 100,
      "t_max": 1200
    }
  },
  "nodes": {
    "tmA": {
      "c": 0,
      "t": 1139
    },
    "tmB": {
      "c": 100,
      "t": 1016
    },
    "e1_a": {
      "c": 17.110424589144454,
      "t": 888.4908136709437
    },
    "e1_l": {
      "c": 32.31557516351532,
      "t": 888.4908136709437
    },
    "e1_b": {
      "c": 44.42954149308009,
      "t": 888.4908136709437
    },
    "eu_b": {
      "c": 40.67149424239271,
      "t": 502.6710306483865
    },
    "eu_a": {
      "c": 14.744189413784534,
      "t": 502.6710306483865
    },
    "eu_g": {
      "c": 47.35612811303122,
      "t": 502.6710306483865
    },
    "im_t": {
      "c": 63.977868818597464,
      "t": 959.2991344216038
    },
    "im_b": {
      "c": 63.977868818597464,
      "t": 0
    },
    "p_im": {
      "c": 63.977868818597464,
      "t": 785.475154452771
    },
    "p_l": {
      "c": 84.74934587128443,
      "t": 785.475154452771
    },
    "p_d": {
      "c": 71.79723323428587,
      "t": 785.475154452771
    },
    "e2_d": {
      "c": 80.07105144205724,
      "t": 635.0690251691897
    },
    "e2_l": {
      "c": 85.65837578265052,
      "t": 635.0690251691897
    },
    "e2_e": {
      "c": 94.07132520298842,
      "t": 635.0690251691897
    },
    "t_a": {
      "c": 4.725721768182828,
      "t": 0
    },
    "t_g_l": {
      "c": 46.31677795046528,
      "t": 0
    },
    "t_g_r": {
      "c": 54.6650957889504,
      "t": 0
    },
    "t_d": {
      "c": 77.664001645637,
      "t": 0
    },
    "t_e": {
      "c": 98.96665405064095,
      "t": 0
    }
  },
  "curves": {
    "L_1": {
      "start": "tmA",
      "end": "e1_l",
      "type": "liquidus",
      "power": 0.8
    },
    "L_2": {
      "start": "e1_l",
      "end": "im_t",
      "type": "liquidus",
      "power": 1.2
    },
    "L_3": {
      "start": "im_t",
      "end": "p_l",
      "type": "liquidus",
      "power": 0.9
    },
    "L_4": {
      "start": "p_l",
      "end": "e2_l",
      "type": "liquidus",
      "power": 1.1
    },
    "L_5": {
      "start": "e2_l",
      "end": "tmB",
      "type": "liquidus",
      "power": 0.8
    },
    "S_a": {
      "start": "tmA",
      "end": "e1_a",
      "type": "solidus",
      "power": 1.2
    },
    "S_e": {
      "start": "tmB",
      "end": "e2_e",
      "type": "solidus",
      "power": 1.1
    },
    "sol_a": {
      "start": "e1_a",
      "end": "eu_a",
      "type": "solvus",
      "power": 2.0
    },
    "sol_a_bot": {
      "start": "eu_a",
      "end": "t_a",
      "type": "solvus",
      "power": 1.5
    },
    "sol_e": {
      "start": "e2_e",
      "end": "t_e",
      "type": "solvus",
      "power": 1.8
    },
    "i_e1": {
      "start": "e1_a",
      "end": "e1_b",
      "type": "horizontal"
    },
    "i_eu": {
      "start": "eu_a",
      "end": "eu_g",
      "type": "horizontal"
    },
    "i_p": {
      "start": "p_im",
      "end": "p_l",
      "type": "horizontal"
    },
    "i_e2": {
      "start": "e2_d",
      "end": "e2_e",
      "type": "horizontal"
    },
    "im_vert": {
      "start": "im_t",
      "end": "im_b",
      "type": "vertical"
    }
  },
  "regions": {
    "R_a": {
      "type": "single-phase",
      "phase_name": "\u03b1",
      "label": {
        "text": "\u03b1",
        "c": 4,
        "t": 600
      },
      "bounding_curves": [
        {
          "id": "S_a",
          "dir": 1
        },
        {
          "id": "sol_a",
          "dir": 1
        },
        {
          "id": "sol_a_bot",
          "dir": 1
        },
        {
          "id": "bot_a",
          "dir": -1
        },
        {
          "id": "e_L",
          "dir": 1
        }
      ]
    }
  }
}