{
  "metadata": {
    "id": "final_boss_437",
    "axes": {
      "c_max": 100,
      "t_max": 1200
    }
  },
  "nodes": {
    "tmA": {
      "c": 0,
      "t": 1118
    },
    "tmB": {
      "c": 100,
      "t": 1006
    },
    "e1_a": {
      "c": 15.35435415563098,
      "t": 817.7159666934137
    },
    "e1_l": {
      "c": 25.121063634672364,
      "t": 817.7159666934137
    },
    "e1_b": {
      "c": 39.94298895378157,
      "t": 817.7159666934137
    },
    "eu_b": {
      "c": 34.39774740960088,
      "t": 622.2977972187241
    },
    "eu_a": {
      "c": 10.769799370936777,
      "t": 622.2977972187241
    },
    "eu_g": {
      "c": 45.1933194277645,
      "t": 622.2977972187241
    },
    "im_t": {
      "c": 72.65960065116197,
      "t": 989.7643961885504
    },
    "im_b": {
      "c": 72.65960065116197,
      "t": 0
    },
    "p_im": {
      "c": 72.65960065116197,
      "t": 878.3345340539272
    },
    "p_l": {
      "c": 87.02783977056646,
      "t": 878.3345340539272
    },
    "p_d": {
      "c": 77.36024781791116,
      "t": 878.3345340539272
    },
    "e2_d": {
      "c": 79.69961608191193,
      "t": 464.268040935671
    },
    "e2_l": {
      "c": 87.88932161332241,
      "t": 464.268040935671
    },
    "e2_e": {
      "c": 94.75706779509768,
      "t": 464.268040935671
    },
    "t_a": {
      "c": 2.648997233178296,
      "t": 0
    },
    "t_g_l": {
      "c": 43.77178040928423,
      "t": 0
    },
    "t_g_r": {
      "c": 59.521288795615696,
      "t": 0
    },
    "t_d": {
      "c": 77.6645060866522,
      "t": 0
    },
    "t_e": {
      "c": 98.39942024460167,
      "t": 0
    }
  },
  "curves": {
    "L_1": {
      "start": "tmA",
      "end": "e1_l",
      "type": "liquidus",
      "power": 0.8
    },
    "L_2": {
      "start": "e1_l",
      "end": "im_t",
      "type": "liquidus",
      "power": 1.2
    },
    "L_3": {
      "start": "im_t",
      "end": "p_l",
      "type": "liquidus",
      "power": 0.9
    },
    "L_4": {
      "start": "p_l",
      "end": "e2_l",
      "type": "liquidus",
      "power": 1.1
    },
    "L_5": {
      "start": "e2_l",
      "end": "tmB",
      "type": "liquidus",
      "power": 0.8
    },
    "S_a": {
      "start": "tmA",
      "end": "e1_a",
      "type": "solidus",
      "power": 1.2
    },
    "S_e": {
      "start": "tmB",
      "end": "e2_e",
      "type": "solidus",
      "power": 1.1
    },
    "sol_a": {
      "start": "e1_a",
      "end": "eu_a",
      "type": "solvus",
      "power": 2.0
    },
    "sol_a_bot": {
      "start": "eu_a",
      "end": "t_a",
      "type": "solvus",
      "power": 1.5
    },
    "sol_e": {
      "start": "e2_e",
      "end": "t_e",
      "type": "solvus",
      "power": 1.8
    },
    "i_e1": {
      "start": "e1_a",
      "end": "e1_b",
      "type": "horizontal"
    },
    "i_eu": {
      "start": "eu_a",
      "end": "eu_g",
      "type": "horizontal"
    },
    "i_p": {
      "start": "p_im",
      "end": "p_l",
      "type": "horizontal"
    },
    "i_e2": {
      "start": "e2_d",
      "end": "e2_e",
      "type": "horizontal"
    },
    "im_vert": {
      "start": "im_t",
      "end": "im_b",
      "type": "vertical"
    }
  },
  "regions": {
    "R_a": {
      "type": "single-phase",
      "phase_name": "\u03b1",
      "label": {
        "text": "\u03b1",
        "c": 4,
        "t": 600
      },
      "bounding_curves": [
        {
          "id": "S_a",
          "dir": 1
        },
        {
          "id": "sol_a",
          "dir": 1
        },
        {
          "id": "sol_a_bot",
          "dir": 1
        },
        {
          "id": "bot_a",
          "dir": -1
        },
        {
          "id": "e_L",
          "dir": 1
        }
      ]
    }
  }
}