{
  "metadata": {
    "id": "final_boss_69",
    "axes": {
      "c_max": 100,
      "t_max": 1200
    }
  },
  "nodes": {
    "tmA": {
      "c": 0,
      "t": 1076
    },
    "tmB": {
      "c": 100,
      "t": 1130
    },
    "e1_a": {
      "c": 19.17589416865275,
      "t": 872.9440300605368
    },
    "e1_l": {
      "c": 31.14389338435489,
      "t": 872.9440300605368
    },
    "e1_b": {
      "c": 43.16852355307218,
      "t": 872.9440300605368
    },
    "eu_b": {
      "c": 36.958376153148585,
      "t": 753.1810474220771
    },
    "eu_a": {
      "c": 9.984497532299917,
      "t": 753.1810474220771
    },
    "eu_g": {
      "c": 42.70889696821662,
      "t": 753.1810474220771
    },
    "im_t": {
      "c": 71.18488627902863,
      "t": 1088.7547782526283
    },
    "im_b": {
      "c": 71.18488627902863,
      "t": 0
    },
    "p_im": {
      "c": 71.18488627902863,
      "t": 853.8344770019295
    },
    "p_l": {
      "c": 85.00174793919781,
      "t": 853.8344770019295
    },
    "p_d": {
      "c": 74.69381911530589,
      "t": 853.8344770019295
    },
    "e2_d": {
      "c": 80.3386659799833,
      "t": 794.7509587095713
    },
    "e2_l": {
      "c": 88.24726852306647,
      "t": 794.7509587095713
    },
    "e2_e": {
      "c": 93.50918624237848,
      "t": 794.7509587095713
    },
    "t_a": {
      "c": 6.380528174299895,
      "t": 0
    },
    "t_g_l": {
      "c": 41.780433566215066,
      "t": 0
    },
    "t_g_r": {
      "c": 51.92760974181461,
      "t": 0
    },
    "t_d": {
      "c": 77.2377019902536,
      "t": 0
    },
    "t_e": {
      "c": 96.0199879748238,
      "t": 0
    }
  },
  "curves": {
    "L_1": {
      "start": "tmA",
      "end": "e1_l",
      "type": "liquidus",
      "power": 0.8
    },
    "L_2": {
      "start": "e1_l",
      "end": "im_t",
      "type": "liquidus",
      "power": 1.2
    },
    "L_3": {
      "start": "im_t",
      "end": "p_l",
      "type": "liquidus",
      "power": 0.9
    },
    "L_4": {
      "start": "p_l",
      "end": "e2_l",
      "type": "liquidus",
      "power": 1.1
    },
    "L_5": {
      "start": "e2_l",
      "end": "tmB",
      "type": "liquidus",
      "power": 0.8
    },
    "S_a": {
      "start": "tmA",
      "end": "e1_a",
      "type": "solidus",
      "power": 1.2
    },
    "S_e": {
      "start": "tmB",
      "end": "e2_e",
      "type": "solidus",
      "power": 1.1
    },
    "sol_a": {
      "start": "e1_a",
      "end": "eu_a",
      "type": "solvus",
      "power": 2.0
    },
    "sol_a_bot": {
      "start": "eu_a",
      "end": "t_a",
      "type": "solvus",
      "power": 1.5
    },
    "sol_e": {
      "start": "e2_e",
      "end": "t_e",
      "type": "solvus",
      "power": 1.8
    },
    "i_e1": {
      "start": "e1_a",
      "end": "e1_b",
      "type": "horizontal"
    },
    "i_eu": {
      "start": "eu_a",
      "end": "eu_g",
      "type": "horizontal"
    },
    "i_p": {
      "start": "p_im",
      "end": "p_l",
      "type": "horizontal"
    },
    "i_e2": {
      "start": "e2_d",
      "end": "e2_e",
      "type": "horizontal"
    },
    "im_vert": {
      "start": "im_t",
      "end": "im_b",
      "type": "vertical"
    }
  },
  "regions": {
    "R_a": {
      "type": "single-phase",
      "phase_name": "\u03b1",
      "label": {
        "text": "\u03b1",
        "c": 4,
        "t": 600
      },
      "bounding_curves": [
        {
          "id": "S_a",
          "dir": 1
        },
        {
          "id": "sol_a",
          "dir": 1
        },
        {
          "id": "sol_a_bot",
          "dir": 1
        },
        {
          "id": "bot_a",
          "dir": -1
        },
        {
          "id": "e_L",
          "dir": 1
        }
      ]
    }
  }
}