{
  "metadata": {
    "id": "final_boss_262",
    "axes": {
      "c_max": 100,
      "t_max": 1200
    }
  },
  "nodes": {
    "tmA": {
      "c": 0,
      "t": 1053
    },
    "tmB": {
      "c": 100,
      "t": 1019
    },
    "e1_a": {
      "c": 17.363080603204722,
      "t": 923.7436266843201
    },
    "e1_l": {
      "c": 29.117669543699567,
      "t": 923.7436266843201
    },
    "e1_b": {
      "c": 41.20651499306279,
      "t": 923.7436266843201
    },
    "eu_b": {
      "c": 37.33816980817929,
      "t": 576.1699816944657
    },
    "eu_a": {
      "c": 15.293658713884971,
      "t": 576.1699816944657
    },
    "eu_g": {
      "c": 43.22253021079314,
      "t": 576.1699816944657
    },
    "im_t": {
      "c": 62.64162731077694,
      "t": 1090.9904115148197
    },
    "im_b": {
      "c": 62.64162731077694,
      "t": 0
    },
    "p_im": {
      "c": 62.64162731077694,
      "t": 809.2049330454437
    },
    "p_l": {
      "c": 79.33998546699088,
      "t": 809.2049330454437
    },
    "p_d": {
      "c": 74.76076589541093,
      "t": 809.2049330454437
    },
    "e2_d": {
      "c": 75.61227305684842,
      "t": 597.5491379050254
    },
    "e2_l": {
      "c": 83.70576758869615,
      "t": 597.5491379050254
    },
    "e2_e": {
      "c": 95.98917554744429,
      "t": 597.5491379050254
    },
    "t_a": {
      "c": 10.69554269144773,
      "t": 0
    },
    "t_g_l": {
      "c": 42.23248354059666,
      "t": 0
    },
    "t_g_r": {
      "c": 45.90149260653512,
      "t": 0
    },
    "t_d": {
      "c": 72.10233124300747,
      "t": 0
    },
    "t_e": {
      "c": 99.45135062992105,
      "t": 0
    }
  },
  "curves": {
    "L_1": {
      "start": "tmA",
      "end": "e1_l",
      "type": "liquidus",
      "power": 0.8
    },
    "L_2": {
      "start": "e1_l",
      "end": "im_t",
      "type": "liquidus",
      "power": 1.2
    },
    "L_3": {
      "start": "im_t",
      "end": "p_l",
      "type": "liquidus",
      "power": 0.9
    },
    "L_4": {
      "start": "p_l",
      "end": "e2_l",
      "type": "liquidus",
      "power": 1.1
    },
    "L_5": {
      "start": "e2_l",
      "end": "tmB",
      "type": "liquidus",
      "power": 0.8
    },
    "S_a": {
      "start": "tmA",
      "end": "e1_a",
      "type": "solidus",
      "power": 1.2
    },
    "S_e": {
      "start": "tmB",
      "end": "e2_e",
      "type": "solidus",
      "power": 1.1
    },
    "sol_a": {
      "start": "e1_a",
      "end": "eu_a",
      "type": "solvus",
      "power": 2.0
    },
    "sol_a_bot": {
      "start": "eu_a",
      "end": "t_a",
      "type": "solvus",
      "power": 1.5
    },
    "sol_e": {
      "start": "e2_e",
      "end": "t_e",
      "type": "solvus",
      "power": 1.8
    },
    "i_e1": {
      "start": "e1_a",
      "end": "e1_b",
      "type": "horizontal"
    },
    "i_eu": {
      "start": "eu_a",
      "end": "eu_g",
      "type": "horizontal"
    },
    "i_p": {
      "start": "p_im",
      "end": "p_l",
      "type": "horizontal"
    },
    "i_e2": {
      "start": "e2_d",
      "end": "e2_e",
      "type": "horizontal"
    },
    "im_vert": {
      "start": "im_t",
      "end": "im_b",
      "type": "vertical"
    }
  },
  "regions": {
    "R_a": {
      "type": "single-phase",
      "phase_name": "\u03b1",
      "label": {
        "text": "\u03b1",
        "c": 4,
        "t": 600
      },
      "bounding_curves": [
        {
          "id": "S_a",
          "dir": 1
        },
        {
          "id": "sol_a",
          "dir": 1
        },
        {
          "id": "sol_a_bot",
          "dir": 1
        },
        {
          "id": "bot_a",
          "dir": -1
        },
        {
          "id": "e_L",
          "dir": 1
        }
      ]
    }
  }
}