{
  "metadata": {
    "id": "final_boss_499",
    "axes": {
      "c_max": 100,
      "t_max": 1200
    }
  },
  "nodes": {
    "tmA": {
      "c": 0,
      "t": 1079
    },
    "tmB": {
      "c": 100,
      "t": 1128
    },
    "e1_a": {
      "c": 15.889707239821327,
      "t": 846.0424352037281
    },
    "e1_l": {
      "c": 28.382583394595205,
      "t": 846.0424352037281
    },
    "e1_b": {
      "c": 42.25012601676695,
      "t": 846.0424352037281
    },
    "eu_b": {
      "c": 37.85111878701183,
      "t": 575.1605092804741
    },
    "eu_a": {
      "c": 10.91644536737942,
      "t": 575.1605092804741
    },
    "eu_g": {
      "c": 46.15532143285788,
      "t": 575.1605092804741
    },
    "im_t": {
      "c": 61.47889270673474,
      "t": 1011.8093174902062
    },
    "im_b": {
      "c": 61.47889270673474,
      "t": 0
    },
    "p_im": {
      "c": 61.47889270673474,
      "t": 933.1555401092525
    },
    "p_l": {
      "c": 86.59515437638555,
      "t": 933.1555401092525
    },
    "p_d": {
      "c": 81.04245652655362,
      "t": 933.1555401092525
    },
    "e2_d": {
      "c": 82.69324739864834,
      "t": 608.0374126083077
    },
    "e2_l": {
      "c": 90.39993547431148,
      "t": 608.0374126083077
    },
    "e2_e": {
      "c": 94.51528691727331,
      "t": 608.0374126083077
    },
    "t_a": {
      "c": 5.61697754878266,
      "t": 0
    },
    "t_g_l": {
      "c": 43.51313561386111,
      "t": 0
    },
    "t_g_r": {
      "c": 56.963908371687374,
      "t": 0
    },
    "t_d": {
      "c": 73.41377636390929,
      "t": 0
    },
    "t_e": {
      "c": 99.12697815892923,
      "t": 0
    }
  },
  "curves": {
    "L_1": {
      "start": "tmA",
      "end": "e1_l",
      "type": "liquidus",
      "power": 0.8
    },
    "L_2": {
      "start": "e1_l",
      "end": "im_t",
      "type": "liquidus",
      "power": 1.2
    },
    "L_3": {
      "start": "im_t",
      "end": "p_l",
      "type": "liquidus",
      "power": 0.9
    },
    "L_4": {
      "start": "p_l",
      "end": "e2_l",
      "type": "liquidus",
      "power": 1.1
    },
    "L_5": {
      "start": "e2_l",
      "end": "tmB",
      "type": "liquidus",
      "power": 0.8
    },
    "S_a": {
      "start": "tmA",
      "end": "e1_a",
      "type": "solidus",
      "power": 1.2
    },
    "S_e": {
      "start": "tmB",
      "end": "e2_e",
      "type": "solidus",
      "power": 1.1
    },
    "sol_a": {
      "start": "e1_a",
      "end": "eu_a",
      "type": "solvus",
      "power": 2.0
    },
    "sol_a_bot": {
      "start": "eu_a",
      "end": "t_a",
      "type": "solvus",
      "power": 1.5
    },
    "sol_e": {
      "start": "e2_e",
      "end": "t_e",
      "type": "solvus",
      "power": 1.8
    },
    "i_e1": {
      "start": "e1_a",
      "end": "e1_b",
      "type": "horizontal"
    },
    "i_eu": {
      "start": "eu_a",
      "end": "eu_g",
      "type": "horizontal"
    },
    "i_p": {
      "start": "p_im",
      "end": "p_l",
      "type": "horizontal"
    },
    "i_e2": {
      "start": "e2_d",
      "end": "e2_e",
      "type": "horizontal"
    },
    "im_vert": {
      "start": "im_t",
      "end": "im_b",
      "type": "vertical"
    }
  },
  "regions": {
    "R_a": {
      "type": "single-phase",
      "phase_name": "\u03b1",
      "label": {
        "text": "\u03b1",
        "c": 4,
        "t": 600
      },
      "bounding_curves": [
        {
          "id": "S_a",
          "dir": 1
        },
        {
          "id": "sol_a",
          "dir": 1
        },
        {
          "id": "sol_a_bot",
          "dir": 1
        },
        {
          "id": "bot_a",
          "dir": -1
        },
        {
          "id": "e_L",
          "dir": 1
        }
      ]
    }
  }
}