{
  "metadata": {
    "id": "final_boss_10",
    "axes": {
      "c_max": 100,
      "t_max": 1200
    }
  },
  "nodes": {
    "tmA": {
      "c": 0,
      "t": 1073
    },
    "tmB": {
      "c": 100,
      "t": 1057
    },
    "e1_a": {
      "c": 8.299728581169111,
      "t": 811.6730689443507
    },
    "e1_l": {
      "c": 22.137444241870423,
      "t": 811.6730689443507
    },
    "e1_b": {
      "c": 35.38775239871852,
      "t": 811.6730689443507
    },
    "eu_b": {
      "c": 24.73029200389038,
      "t": 624.6130909943449
    },
    "eu_a": {
      "c": 6.113717944457615,
      "t": 624.6130909943449
    },
    "eu_g": {
      "c": 30.664310165498815,
      "t": 624.6130909943449
    },
    "im_t": {
      "c": 72.46187817350194,
      "t": 1163.6635195418328
    },
    "im_b": {
      "c": 72.46187817350194,
      "t": 0
    },
    "p_im": {
      "c": 72.46187817350194,
      "t": 849.2673565723302
    },
    "p_l": {
      "c": 86.5201734645132,
      "t": 849.2673565723302
    },
    "p_d": {
      "c": 78.97027608261124,
      "t": 849.2673565723302
    },
    "e2_d": {
      "c": 81.72254703601791,
      "t": 465.4597020935482
    },
    "e2_l": {
      "c": 88.74871773709191,
      "t": 465.4597020935482
    },
    "e2_e": {
      "c": 93.66190891700438,
      "t": 465.4597020935482
    },
    "t_a": {
      "c": 2.4671356774577817,
      "t": 0
    },
    "t_g_l": {
      "c": 30.588450358260722,
      "t": 0
    },
    "t_g_r": {
      "c": 58.71394178256935,
      "t": 0
    },
    "t_d": {
      "c": 81.61878763824755,
      "t": 0
    },
    "t_e": {
      "c": 97.73239673262606,
      "t": 0
    }
  },
  "curves": {
    "L_1": {
      "start": "tmA",
      "end": "e1_l",
      "type": "liquidus",
      "power": 0.8
    },
    "L_2": {
      "start": "e1_l",
      "end": "im_t",
      "type": "liquidus",
      "power": 1.2
    },
    "L_3": {
      "start": "im_t",
      "end": "p_l",
      "type": "liquidus",
      "power": 0.9
    },
    "L_4": {
      "start": "p_l",
      "end": "e2_l",
      "type": "liquidus",
      "power": 1.1
    },
    "L_5": {
      "start": "e2_l",
      "end": "tmB",
      "type": "liquidus",
      "power": 0.8
    },
    "S_a": {
      "start": "tmA",
      "end": "e1_a",
      "type": "solidus",
      "power": 1.2
    },
    "S_e": {
      "start": "tmB",
      "end": "e2_e",
      "type": "solidus",
      "power": 1.1
    },
    "sol_a": {
      "start": "e1_a",
      "end": "eu_a",
      "type": "solvus",
      "power": 2.0
    },
    "sol_a_bot": {
      "start": "eu_a",
      "end": "t_a",
      "type": "solvus",
      "power": 1.5
    },
    "sol_e": {
      "start": "e2_e",
      "end": "t_e",
      "type": "solvus",
      "power": 1.8
    },
    "i_e1": {
      "start": "e1_a",
      "end": "e1_b",
      "type": "horizontal"
    },
    "i_eu": {
      "start": "eu_a",
      "end": "eu_g",
      "type": "horizontal"
    },
    "i_p": {
      "start": "p_im",
      "end": "p_l",
      "type": "horizontal"
    },
    "i_e2": {
      "start": "e2_d",
      "end": "e2_e",
      "type": "horizontal"
    },
    "im_vert": {
      "start": "im_t",
      "end": "im_b",
      "type": "vertical"
    }
  },
  "regions": {
    "R_a": {
      "type": "single-phase",
      "phase_name": "\u03b1",
      "label": {
        "text": "\u03b1",
        "c": 4,
        "t": 600
      },
      "bounding_curves": [
        {
          "id": "S_a",
          "dir": 1
        },
        {
          "id": "sol_a",
          "dir": 1
        },
        {
          "id": "sol_a_bot",
          "dir": 1
        },
        {
          "id": "bot_a",
          "dir": -1
        },
        {
          "id": "e_L",
          "dir": 1
        }
      ]
    }
  }
}