{
  "metadata": {
    "id": "final_boss_29",
    "axes": {
      "c_max": 100,
      "t_max": 1200
    }
  },
  "nodes": {
    "tmA": {
      "c": 0,
      "t": 1134
    },
    "tmB": {
      "c": 100,
      "t": 1028
    },
    "e1_a": {
      "c": 19.135524336350095,
      "t": 811.704932643918
    },
    "e1_l": {
      "c": 34.86727062911993,
      "t": 811.704932643918
    },
    "e1_b": {
      "c": 43.4475970930357,
      "t": 811.704932643918
    },
    "eu_b": {
      "c": 37.99358129064528,
      "t": 605.1259591853708
    },
    "eu_a": {
      "c": 8.338771954385422,
      "t": 605.1259591853708
    },
    "eu_g": {
      "c": 44.78505602389086,
      "t": 605.1259591853708
    },
    "im_t": {
      "c": 65.60228272686012,
      "t": 1020.2398637060472
    },
    "im_b": {
      "c": 65.60228272686012,
      "t": 0
    },
    "p_im": {
      "c": 65.60228272686012,
      "t": 810.8904985289512
    },
    "p_l": {
      "c": 85.00440286547907,
      "t": 810.8904985289512
    },
    "p_d": {
      "c": 71.03665459351721,
      "t": 810.8904985289512
    },
    "e2_d": {
      "c": 77.41341925090013,
      "t": 565.8312252230658
    },
    "e2_l": {
      "c": 83.28327175111379,
      "t": 565.8312252230658
    },
    "e2_e": {
      "c": 89.90763533697347,
      "t": 565.8312252230658
    },
    "t_a": {
      "c": 0.07485105428928268,
      "t": 0
    },
    "t_g_l": {
      "c": 42.866251066700485,
      "t": 0
    },
    "t_g_r": {
      "c": 52.01535865577215,
      "t": 0
    },
    "t_d": {
      "c": 73.41602245046879,
      "t": 0
    },
    "t_e": {
      "c": 92.20239250095263,
      "t": 0
    }
  },
  "curves": {
    "L_1": {
      "start": "tmA",
      "end": "e1_l",
      "type": "liquidus",
      "power": 0.8
    },
    "L_2": {
      "start": "e1_l",
      "end": "im_t",
      "type": "liquidus",
      "power": 1.2
    },
    "L_3": {
      "start": "im_t",
      "end": "p_l",
      "type": "liquidus",
      "power": 0.9
    },
    "L_4": {
      "start": "p_l",
      "end": "e2_l",
      "type": "liquidus",
      "power": 1.1
    },
    "L_5": {
      "start": "e2_l",
      "end": "tmB",
      "type": "liquidus",
      "power": 0.8
    },
    "S_a": {
      "start": "tmA",
      "end": "e1_a",
      "type": "solidus",
      "power": 1.2
    },
    "S_e": {
      "start": "tmB",
      "end": "e2_e",
      "type": "solidus",
      "power": 1.1
    },
    "sol_a": {
      "start": "e1_a",
      "end": "eu_a",
      "type": "solvus",
      "power": 2.0
    },
    "sol_a_bot": {
      "start": "eu_a",
      "end": "t_a",
      "type": "solvus",
      "power": 1.5
    },
    "sol_e": {
      "start": "e2_e",
      "end": "t_e",
      "type": "solvus",
      "power": 1.8
    },
    "i_e1": {
      "start": "e1_a",
      "end": "e1_b",
      "type": "horizontal"
    },
    "i_eu": {
      "start": "eu_a",
      "end": "eu_g",
      "type": "horizontal"
    },
    "i_p": {
      "start": "p_im",
      "end": "p_l",
      "type": "horizontal"
    },
    "i_e2": {
      "start": "e2_d",
      "end": "e2_e",
      "type": "horizontal"
    },
    "im_vert": {
      "start": "im_t",
      "end": "im_b",
      "type": "vertical"
    }
  },
  "regions": {
    "R_a": {
      "type": "single-phase",
      "phase_name": "\u03b1",
      "label": {
        "text": "\u03b1",
        "c": 4,
        "t": 600
      },
      "bounding_curves": [
        {
          "id": "S_a",
          "dir": 1
        },
        {
          "id": "sol_a",
          "dir": 1
        },
        {
          "id": "sol_a_bot",
          "dir": 1
        },
        {
          "id": "bot_a",
          "dir": -1
        },
        {
          "id": "e_L",
          "dir": 1
        }
      ]
    }
  }
}