{
  "metadata": {
    "id": "final_boss_213",
    "axes": {
      "c_max": 100,
      "t_max": 1200
    }
  },
  "nodes": {
    "tmA": {
      "c": 0,
      "t": 1080
    },
    "tmB": {
      "c": 100,
      "t": 1091
    },
    "e1_a": {
      "c": 13.063547724696011,
      "t": 802.7735193352922
    },
    "e1_l": {
      "c": 21.907820115455678,
      "t": 802.7735193352922
    },
    "e1_b": {
      "c": 30.722318272207932,
      "t": 802.7735193352922
    },
    "eu_b": {
      "c": 24.346202775827148,
      "t": 546.2387564661327
    },
    "eu_a": {
      "c": 8.774855388743497,
      "t": 546.2387564661327
    },
    "eu_g": {
      "c": 39.04750158777905,
      "t": 546.2387564661327
    },
    "im_t": {
      "c": 60.28880442147307,
      "t": 1146.0675822784794
    },
    "im_b": {
      "c": 60.28880442147307,
      "t": 0
    },
    "p_im": {
      "c": 60.28880442147307,
      "t": 1038.0476218363392
    },
    "p_l": {
      "c": 74.0097638782936,
      "t": 1038.0476218363392
    },
    "p_d": {
      "c": 67.15879561322926,
      "t": 1038.0476218363392
    },
    "e2_d": {
      "c": 69.93527580602725,
      "t": 584.8377189228544
    },
    "e2_l": {
      "c": 75.50743940429483,
      "t": 584.8377189228544
    },
    "e2_e": {
      "c": 92.24413668221646,
      "t": 584.8377189228544
    },
    "t_a": {
      "c": 3.556040872475322,
      "t": 0
    },
    "t_g_l": {
      "c": 36.589774502653455,
      "t": 0
    },
    "t_g_r": {
      "c": 41.02198865083218,
      "t": 0
    },
    "t_d": {
      "c": 66.30979200309473,
      "t": 0
    },
    "t_e": {
      "c": 96.2137380748008,
      "t": 0
    }
  },
  "curves": {
    "L_1": {
      "start": "tmA",
      "end": "e1_l",
      "type": "liquidus",
      "power": 0.8
    },
    "L_2": {
      "start": "e1_l",
      "end": "im_t",
      "type": "liquidus",
      "power": 1.2
    },
    "L_3": {
      "start": "im_t",
      "end": "p_l",
      "type": "liquidus",
      "power": 0.9
    },
    "L_4": {
      "start": "p_l",
      "end": "e2_l",
      "type": "liquidus",
      "power": 1.1
    },
    "L_5": {
      "start": "e2_l",
      "end": "tmB",
      "type": "liquidus",
      "power": 0.8
    },
    "S_a": {
      "start": "tmA",
      "end": "e1_a",
      "type": "solidus",
      "power": 1.2
    },
    "S_e": {
      "start": "tmB",
      "end": "e2_e",
      "type": "solidus",
      "power": 1.1
    },
    "sol_a": {
      "start": "e1_a",
      "end": "eu_a",
      "type": "solvus",
      "power": 2.0
    },
    "sol_a_bot": {
      "start": "eu_a",
      "end": "t_a",
      "type": "solvus",
      "power": 1.5
    },
    "sol_e": {
      "start": "e2_e",
      "end": "t_e",
      "type": "solvus",
      "power": 1.8
    },
    "i_e1": {
      "start": "e1_a",
      "end": "e1_b",
      "type": "horizontal"
    },
    "i_eu": {
      "start": "eu_a",
      "end": "eu_g",
      "type": "horizontal"
    },
    "i_p": {
      "start": "p_im",
      "end": "p_l",
      "type": "horizontal"
    },
    "i_e2": {
      "start": "e2_d",
      "end": "e2_e",
      "type": "horizontal"
    },
    "im_vert": {
      "start": "im_t",
      "end": "im_b",
      "type": "vertical"
    }
  },
  "regions": {
    "R_a": {
      "type": "single-phase",
      "phase_name": "\u03b1",
      "label": {
        "text": "\u03b1",
        "c": 4,
        "t": 600
      },
      "bounding_curves": [
        {
          "id": "S_a",
          "dir": 1
        },
        {
          "id": "sol_a",
          "dir": 1
        },
        {
          "id": "sol_a_bot",
          "dir": 1
        },
        {
          "id": "bot_a",
          "dir": -1
        },
        {
          "id": "e_L",
          "dir": 1
        }
      ]
    }
  }
}