{
  "metadata": {
    "id": "final_boss_330",
    "axes": {
      "c_max": 100,
      "t_max": 1200
    }
  },
  "nodes": {
    "tmA": {
      "c": 0,
      "t": 1122
    },
    "tmB": {
      "c": 100,
      "t": 1011
    },
    "e1_a": {
      "c": 11.564401933735674,
      "t": 839.4670262765911
    },
    "e1_l": {
      "c": 21.94940411319421,
      "t": 839.4670262765911
    },
    "e1_b": {
      "c": 35.60695895265346,
      "t": 839.4670262765911
    },
    "eu_b": {
      "c": 32.514306657407374,
      "t": 669.5968778715246
    },
    "eu_a": {
      "c": 6.646547454837362,
      "t": 669.5968778715246
    },
    "eu_g": {
      "c": 42.207719551650044,
      "t": 669.5968778715246
    },
    "im_t": {
      "c": 68.00363787365555,
      "t": 1008.143195133229
    },
    "im_b": {
      "c": 68.00363787365555,
      "t": 0
    },
    "p_im": {
      "c": 68.00363787365555,
      "t": 800.2248573826894
    },
    "p_l": {
      "c": 86.87035931835537,
      "t": 800.2248573826894
    },
    "p_d": {
      "c": 73.29157701591149,
      "t": 800.2248573826894
    },
    "e2_d": {
      "c": 80.85019461931674,
      "t": 636.1831535474977
    },
    "e2_l": {
      "c": 90.87354355277242,
      "t": 636.1831535474977
    },
    "e2_e": {
      "c": 95.58503961413703,
      "t": 636.1831535474977
    },
    "t_a": {
      "c": 3.6213272730572914,
      "t": 0
    },
    "t_g_l": {
      "c": 39.253252301137564,
      "t": 0
    },
    "t_g_r": {
      "c": 56.150181549982065,
      "t": 0
    },
    "t_d": {
      "c": 75.16768527405758,
      "t": 0
    },
    "t_e": {
      "c": 98.9540217411774,
      "t": 0
    }
  },
  "curves": {
    "L_1": {
      "start": "tmA",
      "end": "e1_l",
      "type": "liquidus",
      "power": 0.8
    },
    "L_2": {
      "start": "e1_l",
      "end": "im_t",
      "type": "liquidus",
      "power": 1.2
    },
    "L_3": {
      "start": "im_t",
      "end": "p_l",
      "type": "liquidus",
      "power": 0.9
    },
    "L_4": {
      "start": "p_l",
      "end": "e2_l",
      "type": "liquidus",
      "power": 1.1
    },
    "L_5": {
      "start": "e2_l",
      "end": "tmB",
      "type": "liquidus",
      "power": 0.8
    },
    "S_a": {
      "start": "tmA",
      "end": "e1_a",
      "type": "solidus",
      "power": 1.2
    },
    "S_e": {
      "start": "tmB",
      "end": "e2_e",
      "type": "solidus",
      "power": 1.1
    },
    "sol_a": {
      "start": "e1_a",
      "end": "eu_a",
      "type": "solvus",
      "power": 2.0
    },
    "sol_a_bot": {
      "start": "eu_a",
      "end": "t_a",
      "type": "solvus",
      "power": 1.5
    },
    "sol_e": {
      "start": "e2_e",
      "end": "t_e",
      "type": "solvus",
      "power": 1.8
    },
    "i_e1": {
      "start": "e1_a",
      "end": "e1_b",
      "type": "horizontal"
    },
    "i_eu": {
      "start": "eu_a",
      "end": "eu_g",
      "type": "horizontal"
    },
    "i_p": {
      "start": "p_im",
      "end": "p_l",
      "type": "horizontal"
    },
    "i_e2": {
      "start": "e2_d",
      "end": "e2_e",
      "type": "horizontal"
    },
    "im_vert": {
      "start": "im_t",
      "end": "im_b",
      "type": "vertical"
    }
  },
  "regions": {
    "R_a": {
      "type": "single-phase",
      "phase_name": "\u03b1",
      "label": {
        "text": "\u03b1",
        "c": 4,
        "t": 600
      },
      "bounding_curves": [
        {
          "id": "S_a",
          "dir": 1
        },
        {
          "id": "sol_a",
          "dir": 1
        },
        {
          "id": "sol_a_bot",
          "dir": 1
        },
        {
          "id": "bot_a",
          "dir": -1
        },
        {
          "id": "e_L",
          "dir": 1
        }
      ]
    }
  }
}