{
  "metadata": {
    "id": "final_boss_359",
    "axes": {
      "c_max": 100,
      "t_max": 1200
    }
  },
  "nodes": {
    "tmA": {
      "c": 0,
      "t": 1060
    },
    "tmB": {
      "c": 100,
      "t": 1133
    },
    "e1_a": {
      "c": 9.805422001682722,
      "t": 853.0984262749959
    },
    "e1_l": {
      "c": 24.34203997677143,
      "t": 853.0984262749959
    },
    "e1_b": {
      "c": 38.994561916878354,
      "t": 853.0984262749959
    },
    "eu_b": {
      "c": 27.923195897702595,
      "t": 544.3991554987126
    },
    "eu_a": {
      "c": 4.898489748933469,
      "t": 544.3991554987126
    },
    "eu_g": {
      "c": 35.88616773119914,
      "t": 544.3991554987126
    },
    "im_t": {
      "c": 73.61408709993333,
      "t": 1143.6526915226125
    },
    "im_b": {
      "c": 73.61408709993333,
      "t": 0
    },
    "p_im": {
      "c": 73.61408709993333,
      "t": 988.0224151067778
    },
    "p_l": {
      "c": 84.02917601214443,
      "t": 988.0224151067778
    },
    "p_d": {
      "c": 79.58836958149357,
      "t": 988.0224151067778
    },
    "e2_d": {
      "c": 81.58060755550044,
      "t": 541.9085945773387
    },
    "e2_l": {
      "c": 87.10822392863058,
      "t": 541.9085945773387
    },
    "e2_e": {
      "c": 91.54244107357852,
      "t": 541.9085945773387
    },
    "t_a": {
      "c": 3.5691501291950276,
      "t": 0
    },
    "t_g_l": {
      "c": 35.65119945737334,
      "t": 0
    },
    "t_g_r": {
      "c": 70.55306981743385,
      "t": 0
    },
    "t_d": {
      "c": 80.76057547029629,
      "t": 0
    },
    "t_e": {
      "c": 94.08477297348465,
      "t": 0
    }
  },
  "curves": {
    "L_1": {
      "start": "tmA",
      "end": "e1_l",
      "type": "liquidus",
      "power": 0.8
    },
    "L_2": {
      "start": "e1_l",
      "end": "im_t",
      "type": "liquidus",
      "power": 1.2
    },
    "L_3": {
      "start": "im_t",
      "end": "p_l",
      "type": "liquidus",
      "power": 0.9
    },
    "L_4": {
      "start": "p_l",
      "end": "e2_l",
      "type": "liquidus",
      "power": 1.1
    },
    "L_5": {
      "start": "e2_l",
      "end": "tmB",
      "type": "liquidus",
      "power": 0.8
    },
    "S_a": {
      "start": "tmA",
      "end": "e1_a",
      "type": "solidus",
      "power": 1.2
    },
    "S_e": {
      "start": "tmB",
      "end": "e2_e",
      "type": "solidus",
      "power": 1.1
    },
    "sol_a": {
      "start": "e1_a",
      "end": "eu_a",
      "type": "solvus",
      "power": 2.0
    },
    "sol_a_bot": {
      "start": "eu_a",
      "end": "t_a",
      "type": "solvus",
      "power": 1.5
    },
    "sol_e": {
      "start": "e2_e",
      "end": "t_e",
      "type": "solvus",
      "power": 1.8
    },
    "i_e1": {
      "start": "e1_a",
      "end": "e1_b",
      "type": "horizontal"
    },
    "i_eu": {
      "start": "eu_a",
      "end": "eu_g",
      "type": "horizontal"
    },
    "i_p": {
      "start": "p_im",
      "end": "p_l",
      "type": "horizontal"
    },
    "i_e2": {
      "start": "e2_d",
      "end": "e2_e",
      "type": "horizontal"
    },
    "im_vert": {
      "start": "im_t",
      "end": "im_b",
      "type": "vertical"
    }
  },
  "regions": {
    "R_a": {
      "type": "single-phase",
      "phase_name": "\u03b1",
      "label": {
        "text": "\u03b1",
        "c": 4,
        "t": 600
      },
      "bounding_curves": [
        {
          "id": "S_a",
          "dir": 1
        },
        {
          "id": "sol_a",
          "dir": 1
        },
        {
          "id": "sol_a_bot",
          "dir": 1
        },
        {
          "id": "bot_a",
          "dir": -1
        },
        {
          "id": "e_L",
          "dir": 1
        }
      ]
    }
  }
}