{
  "metadata": {
    "id": "final_boss_449",
    "axes": {
      "c_max": 100,
      "t_max": 1200
    }
  },
  "nodes": {
    "tmA": {
      "c": 0,
      "t": 1068
    },
    "tmB": {
      "c": 100,
      "t": 1043
    },
    "e1_a": {
      "c": 12.120381014618877,
      "t": 935.9326427400749
    },
    "e1_l": {
      "c": 24.727172518443354,
      "t": 935.9326427400749
    },
    "e1_b": {
      "c": 34.41322470058907,
      "t": 935.9326427400749
    },
    "eu_b": {
      "c": 27.985721990577463,
      "t": 559.1525909813713
    },
    "eu_a": {
      "c": 4.101839609555446,
      "t": 559.1525909813713
    },
    "eu_g": {
      "c": 41.522535394352595,
      "t": 559.1525909813713
    },
    "im_t": {
      "c": 58.88369683816433,
      "t": 1027.724945065333
    },
    "im_b": {
      "c": 58.88369683816433,
      "t": 0
    },
    "p_im": {
      "c": 58.88369683816433,
      "t": 811.0238645355455
    },
    "p_l": {
      "c": 77.8101233223946,
      "t": 811.0238645355455
    },
    "p_d": {
      "c": 63.67168722771149,
      "t": 811.0238645355455
    },
    "e2_d": {
      "c": 67.18134026975027,
      "t": 558.6123867925689
    },
    "e2_l": {
      "c": 76.65251337690025,
      "t": 558.6123867925689
    },
    "e2_e": {
      "c": 94.60648835169563,
      "t": 558.6123867925689
    },
    "t_a": {
      "c": 2.44513760056414,
      "t": 0
    },
    "t_g_l": {
      "c": 40.92939845788435,
      "t": 0
    },
    "t_g_r": {
      "c": 42.600012799099446,
      "t": 0
    },
    "t_d": {
      "c": 66.0426891920049,
      "t": 0
    },
    "t_e": {
      "c": 95.89978545970399,
      "t": 0
    }
  },
  "curves": {
    "L_1": {
      "start": "tmA",
      "end": "e1_l",
      "type": "liquidus",
      "power": 0.8
    },
    "L_2": {
      "start": "e1_l",
      "end": "im_t",
      "type": "liquidus",
      "power": 1.2
    },
    "L_3": {
      "start": "im_t",
      "end": "p_l",
      "type": "liquidus",
      "power": 0.9
    },
    "L_4": {
      "start": "p_l",
      "end": "e2_l",
      "type": "liquidus",
      "power": 1.1
    },
    "L_5": {
      "start": "e2_l",
      "end": "tmB",
      "type": "liquidus",
      "power": 0.8
    },
    "S_a": {
      "start": "tmA",
      "end": "e1_a",
      "type": "solidus",
      "power": 1.2
    },
    "S_e": {
      "start": "tmB",
      "end": "e2_e",
      "type": "solidus",
      "power": 1.1
    },
    "sol_a": {
      "start": "e1_a",
      "end": "eu_a",
      "type": "solvus",
      "power": 2.0
    },
    "sol_a_bot": {
      "start": "eu_a",
      "end": "t_a",
      "type": "solvus",
      "power": 1.5
    },
    "sol_e": {
      "start": "e2_e",
      "end": "t_e",
      "type": "solvus",
      "power": 1.8
    },
    "i_e1": {
      "start": "e1_a",
      "end": "e1_b",
      "type": "horizontal"
    },
    "i_eu": {
      "start": "eu_a",
      "end": "eu_g",
      "type": "horizontal"
    },
    "i_p": {
      "start": "p_im",
      "end": "p_l",
      "type": "horizontal"
    },
    "i_e2": {
      "start": "e2_d",
      "end": "e2_e",
      "type": "horizontal"
    },
    "im_vert": {
      "start": "im_t",
      "end": "im_b",
      "type": "vertical"
    }
  },
  "regions": {
    "R_a": {
      "type": "single-phase",
      "phase_name": "\u03b1",
      "label": {
        "text": "\u03b1",
        "c": 4,
        "t": 600
      },
      "bounding_curves": [
        {
          "id": "S_a",
          "dir": 1
        },
        {
          "id": "sol_a",
          "dir": 1
        },
        {
          "id": "sol_a_bot",
          "dir": 1
        },
        {
          "id": "bot_a",
          "dir": -1
        },
        {
          "id": "e_L",
          "dir": 1
        }
      ]
    }
  }
}