{
  "metadata": {
    "id": "final_boss_97",
    "axes": {
      "c_max": 100,
      "t_max": 1200
    }
  },
  "nodes": {
    "tmA": {
      "c": 0,
      "t": 1090
    },
    "tmB": {
      "c": 100,
      "t": 1051
    },
    "e1_a": {
      "c": 12.716760656379964,
      "t": 810.930606265494
    },
    "e1_l": {
      "c": 30.977442364228423,
      "t": 810.930606265494
    },
    "e1_b": {
      "c": 43.2316960637518,
      "t": 810.930606265494
    },
    "eu_b": {
      "c": 41.13462848946128,
      "t": 585.5189079004367
    },
    "eu_a": {
      "c": 4.729618388043883,
      "t": 585.5189079004367
    },
    "eu_g": {
      "c": 49.033234830609544,
      "t": 585.5189079004367
    },
    "im_t": {
      "c": 73.55440152643564,
      "t": 1003.2065203027298
    },
    "im_b": {
      "c": 73.55440152643564,
      "t": 0
    },
    "p_im": {
      "c": 73.55440152643564,
      "t": 767.5748929783254
    },
    "p_l": {
      "c": 86.74890393196986,
      "t": 767.5748929783254
    },
    "p_d": {
      "c": 80.41878342089863,
      "t": 767.5748929783254
    },
    "e2_d": {
      "c": 82.58209605998994,
      "t": 514.9365813743333
    },
    "e2_l": {
      "c": 90.0279931340221,
      "t": 514.9365813743333
    },
    "e2_e": {
      "c": 95.56486221126424,
      "t": 514.9365813743333
    },
    "t_a": {
      "c": 0.07931431197431843,
      "t": 0
    },
    "t_g_l": {
      "c": 46.747735269643684,
      "t": 0
    },
    "t_g_r": {
      "c": 66.2850752085914,
      "t": 0
    },
    "t_d": {
      "c": 78.40387195670287,
      "t": 0
    },
    "t_e": {
      "c": 99.60651719302204,
      "t": 0
    }
  },
  "curves": {
    "L_1": {
      "start": "tmA",
      "end": "e1_l",
      "type": "liquidus",
      "power": 0.8
    },
    "L_2": {
      "start": "e1_l",
      "end": "im_t",
      "type": "liquidus",
      "power": 1.2
    },
    "L_3": {
      "start": "im_t",
      "end": "p_l",
      "type": "liquidus",
      "power": 0.9
    },
    "L_4": {
      "start": "p_l",
      "end": "e2_l",
      "type": "liquidus",
      "power": 1.1
    },
    "L_5": {
      "start": "e2_l",
      "end": "tmB",
      "type": "liquidus",
      "power": 0.8
    },
    "S_a": {
      "start": "tmA",
      "end": "e1_a",
      "type": "solidus",
      "power": 1.2
    },
    "S_e": {
      "start": "tmB",
      "end": "e2_e",
      "type": "solidus",
      "power": 1.1
    },
    "sol_a": {
      "start": "e1_a",
      "end": "eu_a",
      "type": "solvus",
      "power": 2.0
    },
    "sol_a_bot": {
      "start": "eu_a",
      "end": "t_a",
      "type": "solvus",
      "power": 1.5
    },
    "sol_e": {
      "start": "e2_e",
      "end": "t_e",
      "type": "solvus",
      "power": 1.8
    },
    "i_e1": {
      "start": "e1_a",
      "end": "e1_b",
      "type": "horizontal"
    },
    "i_eu": {
      "start": "eu_a",
      "end": "eu_g",
      "type": "horizontal"
    },
    "i_p": {
      "start": "p_im",
      "end": "p_l",
      "type": "horizontal"
    },
    "i_e2": {
      "start": "e2_d",
      "end": "e2_e",
      "type": "horizontal"
    },
    "im_vert": {
      "start": "im_t",
      "end": "im_b",
      "type": "vertical"
    }
  },
  "regions": {
    "R_a": {
      "type": "single-phase",
      "phase_name": "\u03b1",
      "label": {
        "text": "\u03b1",
        "c": 4,
        "t": 600
      },
      "bounding_curves": [
        {
          "id": "S_a",
          "dir": 1
        },
        {
          "id": "sol_a",
          "dir": 1
        },
        {
          "id": "sol_a_bot",
          "dir": 1
        },
        {
          "id": "bot_a",
          "dir": -1
        },
        {
          "id": "e_L",
          "dir": 1
        }
      ]
    }
  }
}