{
  "metadata": {
    "id": "final_boss_219",
    "axes": {
      "c_max": 100,
      "t_max": 1200
    }
  },
  "nodes": {
    "tmA": {
      "c": 0,
      "t": 1142
    },
    "tmB": {
      "c": 100,
      "t": 1085
    },
    "e1_a": {
      "c": 16.90988110116829,
      "t": 818.966327277765
    },
    "e1_l": {
      "c": 29.373870977192716,
      "t": 818.966327277765
    },
    "e1_b": {
      "c": 40.230522366686664,
      "t": 818.966327277765
    },
    "eu_b": {
      "c": 36.66742140681057,
      "t": 668.9134442881168
    },
    "eu_a": {
      "c": 5.454053707988284,
      "t": 668.9134442881168
    },
    "eu_g": {
      "c": 47.53982122590722,
      "t": 668.9134442881168
    },
    "im_t": {
      "c": 60.168268790808206,
      "t": 1068.7499884230288
    },
    "im_b": {
      "c": 60.168268790808206,
      "t": 0
    },
    "p_im": {
      "c": 60.168268790808206,
      "t": 821.9072250381644
    },
    "p_l": {
      "c": 82.02182260174364,
      "t": 821.9072250381644
    },
    "p_d": {
      "c": 64.03921904021635,
      "t": 821.9072250381644
    },
    "e2_d": {
      "c": 70.55955908637878,
      "t": 598.7225733926554
    },
    "e2_l": {
      "c": 83.31589452360582,
      "t": 598.7225733926554
    },
    "e2_e": {
      "c": 93.95292423741935,
      "t": 598.7225733926554
    },
    "t_a": {
      "c": 2.0872402648428334,
      "t": 0
    },
    "t_g_l": {
      "c": 45.25289267187439,
      "t": 0
    },
    "t_g_r": {
      "c": 57.86987211070113,
      "t": 0
    },
    "t_d": {
      "c": 67.95854915812447,
      "t": 0
    },
    "t_e": {
      "c": 97.79124732639396,
      "t": 0
    }
  },
  "curves": {
    "L_1": {
      "start": "tmA",
      "end": "e1_l",
      "type": "liquidus",
      "power": 0.8
    },
    "L_2": {
      "start": "e1_l",
      "end": "im_t",
      "type": "liquidus",
      "power": 1.2
    },
    "L_3": {
      "start": "im_t",
      "end": "p_l",
      "type": "liquidus",
      "power": 0.9
    },
    "L_4": {
      "start": "p_l",
      "end": "e2_l",
      "type": "liquidus",
      "power": 1.1
    },
    "L_5": {
      "start": "e2_l",
      "end": "tmB",
      "type": "liquidus",
      "power": 0.8
    },
    "S_a": {
      "start": "tmA",
      "end": "e1_a",
      "type": "solidus",
      "power": 1.2
    },
    "S_e": {
      "start": "tmB",
      "end": "e2_e",
      "type": "solidus",
      "power": 1.1
    },
    "sol_a": {
      "start": "e1_a",
      "end": "eu_a",
      "type": "solvus",
      "power": 2.0
    },
    "sol_a_bot": {
      "start": "eu_a",
      "end": "t_a",
      "type": "solvus",
      "power": 1.5
    },
    "sol_e": {
      "start": "e2_e",
      "end": "t_e",
      "type": "solvus",
      "power": 1.8
    },
    "i_e1": {
      "start": "e1_a",
      "end": "e1_b",
      "type": "horizontal"
    },
    "i_eu": {
      "start": "eu_a",
      "end": "eu_g",
      "type": "horizontal"
    },
    "i_p": {
      "start": "p_im",
      "end": "p_l",
      "type": "horizontal"
    },
    "i_e2": {
      "start": "e2_d",
      "end": "e2_e",
      "type": "horizontal"
    },
    "im_vert": {
      "start": "im_t",
      "end": "im_b",
      "type": "vertical"
    }
  },
  "regions": {
    "R_a": {
      "type": "single-phase",
      "phase_name": "\u03b1",
      "label": {
        "text": "\u03b1",
        "c": 4,
        "t": 600
      },
      "bounding_curves": [
        {
          "id": "S_a",
          "dir": 1
        },
        {
          "id": "sol_a",
          "dir": 1
        },
        {
          "id": "sol_a_bot",
          "dir": 1
        },
        {
          "id": "bot_a",
          "dir": -1
        },
        {
          "id": "e_L",
          "dir": 1
        }
      ]
    }
  }
}