{
  "metadata": {
    "id": "final_boss_453",
    "axes": {
      "c_max": 100,
      "t_max": 1200
    }
  },
  "nodes": {
    "tmA": {
      "c": 0,
      "t": 1055
    },
    "tmB": {
      "c": 100,
      "t": 1100
    },
    "e1_a": {
      "c": 11.95840414885191,
      "t": 941.6070505464832
    },
    "e1_l": {
      "c": 22.66395826126481,
      "t": 941.6070505464832
    },
    "e1_b": {
      "c": 32.970467312832966,
      "t": 941.6070505464832
    },
    "eu_b": {
      "c": 29.53816451531682,
      "t": 587.9311248931767
    },
    "eu_a": {
      "c": 7.522480824906749,
      "t": 587.9311248931767
    },
    "eu_g": {
      "c": 42.743980090475844,
      "t": 587.9311248931767
    },
    "im_t": {
      "c": 72.10140757309412,
      "t": 982.4113397766843
    },
    "im_b": {
      "c": 72.10140757309412,
      "t": 0
    },
    "p_im": {
      "c": 72.10140757309412,
      "t": 843.7169537026833
    },
    "p_l": {
      "c": 82.3146120090765,
      "t": 843.7169537026833
    },
    "p_d": {
      "c": 75.97757592686354,
      "t": 843.7169537026833
    },
    "e2_d": {
      "c": 78.17363539944593,
      "t": 715.103636479319
    },
    "e2_l": {
      "c": 83.67911009076538,
      "t": 715.103636479319
    },
    "e2_e": {
      "c": 89.77981411329323,
      "t": 715.103636479319
    },
    "t_a": {
      "c": 2.252608131243167,
      "t": 0
    },
    "t_g_l": {
      "c": 41.26048794488831,
      "t": 0
    },
    "t_g_r": {
      "c": 69.373489412419,
      "t": 0
    },
    "t_d": {
      "c": 76.98696493979884,
      "t": 0
    },
    "t_e": {
      "c": 92.8844943742034,
      "t": 0
    }
  },
  "curves": {
    "L_1": {
      "start": "tmA",
      "end": "e1_l",
      "type": "liquidus",
      "power": 0.8
    },
    "L_2": {
      "start": "e1_l",
      "end": "im_t",
      "type": "liquidus",
      "power": 1.2
    },
    "L_3": {
      "start": "im_t",
      "end": "p_l",
      "type": "liquidus",
      "power": 0.9
    },
    "L_4": {
      "start": "p_l",
      "end": "e2_l",
      "type": "liquidus",
      "power": 1.1
    },
    "L_5": {
      "start": "e2_l",
      "end": "tmB",
      "type": "liquidus",
      "power": 0.8
    },
    "S_a": {
      "start": "tmA",
      "end": "e1_a",
      "type": "solidus",
      "power": 1.2
    },
    "S_e": {
      "start": "tmB",
      "end": "e2_e",
      "type": "solidus",
      "power": 1.1
    },
    "sol_a": {
      "start": "e1_a",
      "end": "eu_a",
      "type": "solvus",
      "power": 2.0
    },
    "sol_a_bot": {
      "start": "eu_a",
      "end": "t_a",
      "type": "solvus",
      "power": 1.5
    },
    "sol_e": {
      "start": "e2_e",
      "end": "t_e",
      "type": "solvus",
      "power": 1.8
    },
    "i_e1": {
      "start": "e1_a",
      "end": "e1_b",
      "type": "horizontal"
    },
    "i_eu": {
      "start": "eu_a",
      "end": "eu_g",
      "type": "horizontal"
    },
    "i_p": {
      "start": "p_im",
      "end": "p_l",
      "type": "horizontal"
    },
    "i_e2": {
      "start": "e2_d",
      "end": "e2_e",
      "type": "horizontal"
    },
    "im_vert": {
      "start": "im_t",
      "end": "im_b",
      "type": "vertical"
    }
  },
  "regions": {
    "R_a": {
      "type": "single-phase",
      "phase_name": "\u03b1",
      "label": {
        "text": "\u03b1",
        "c": 4,
        "t": 600
      },
      "bounding_curves": [
        {
          "id": "S_a",
          "dir": 1
        },
        {
          "id": "sol_a",
          "dir": 1
        },
        {
          "id": "sol_a_bot",
          "dir": 1
        },
        {
          "id": "bot_a",
          "dir": -1
        },
        {
          "id": "e_L",
          "dir": 1
        }
      ]
    }
  }
}