{
  "metadata": {
    "id": "final_boss_284",
    "axes": {
      "c_max": 100,
      "t_max": 1200
    }
  },
  "nodes": {
    "top_L": {
      "c": 0,
      "t": 1200
    },
    "top_R": {
      "c": 100,
      "t": 1200
    },
    "bot_L": {
      "c": 0,
      "t": 0
    },
    "bot_R": {
      "c": 100,
      "t": 0
    },
    "tmA": {
      "c": 0,
      "t": 1081.8914397059928
    },
    "tmB": {
      "c": 100,
      "t": 1101.3926131703902
    },
    "e1_a": {
      "c": 10.89976663206271,
      "t": 934.5546415971642
    },
    "e1_l": {
      "c": 24.539333598421457,
      "t": 934.5546415971642
    },
    "e1_b": {
      "c": 35.34418857122717,
      "t": 934.5546415971642
    },
    "b_top_r": {
      "c": 40.34418857122717,
      "t": 934.5546415971642
    },
    "eu_b": {
      "c": 31.991530161033662,
      "t": 503.0736086924971
    },
    "eu_a": {
      "c": 8.71860460523542,
      "t": 503.0736086924971
    },
    "eu_g": {
      "c": 51.754727507949724,
      "t": 503.0736086924971
    },
    "im_t": {
      "c": 68.105160998278,
      "t": 974.5546571767998
    },
    "im_b": {
      "c": 68.105160998278,
      "t": 0
    },
    "p_im": {
      "c": 68.105160998278,
      "t": 874.9627133514063
    },
    "p_l": {
      "c": 83.54945484116638,
      "t": 874.9627133514063
    },
    "p_d": {
      "c": 73.3147621853008,
      "t": 874.9627133514063
    },
    "e2_d": {
      "c": 75.66319798306769,
      "t": 620.2137736087534
    },
    "e2_l": {
      "c": 81.59712044284635,
      "t": 620.2137736087534
    },
    "e2_e": {
      "c": 88.13985447130193,
      "t": 620.2137736087534
    },
    "t_a": {
      "c": 6.7305799988491914,
      "t": 0
    },
    "t_g_l": {
      "c": 51.3963603042342,
      "t": 0
    },
    "t_g_r": {
      "c": 57.37254589047649,
      "t": 0
    },
    "t_d": {
      "c": 75.49055720454368,
      "t": 0
    },
    "t_e": {
      "c": 93.709083509246,
      "t": 0
    }
  },
  "curves": {
    "edge_L_top": {
      "start": "tmA",
      "end": "top_L",
      "type": "edge"
    },
    "edge_L_bot": {
      "start": "bot_L",
      "end": "tmA",
      "type": "edge"
    },
    "edge_R_top": {
      "start": "tmB",
      "end": "top_R",
      "type": "edge"
    },
    "edge_R_bot": {
      "start": "bot_R",
      "end": "tmB",
      "type": "edge"
    },
    "edge_top": {
      "start": "top_L",
      "end": "top_R",
      "type": "edge"
    },
    "b_0_a": {
      "start": "bot_L",
      "end": "t_a",
      "type": "edge"
    },
    "b_a_g": {
      "start": "t_a",
      "end": "t_g_l",
      "type": "edge"
    },
    "b_g": {
      "start": "t_g_l",
      "end": "t_g_r",
      "type": "edge"
    },
    "b_g_im": {
      "start": "t_g_r",
      "end": "im_b",
      "type": "edge"
    },
    "b_im_d": {
      "start": "im_b",
      "end": "t_d",
      "type": "edge"
    },
    "b_d_e": {
      "start": "t_d",
      "end": "t_e",
      "type": "edge"
    },
    "b_e_100": {
      "start": "t_e",
      "end": "bot_R",
      "type": "edge"
    },
    "L_1": {
      "start": "tmA",
      "end": "e1_l",
      "type": "liquidus",
      "power": 0.8
    },
    "L_2": {
      "start": "e1_l",
      "end": "im_t",
      "type": "liquidus",
      "power": 1.2
    },
    "L_3": {
      "start": "im_t",
      "end": "p_l",
      "type": "liquidus",
      "power": 0.9
    },
    "L_4": {
      "start": "p_l",
      "end": "e2_l",
      "type": "liquidus",
      "power": 1.1
    },
    "L_5": {
      "start": "e2_l",
      "end": "tmB",
      "type": "liquidus",
      "power": 0.8
    },
    "S_a": {
      "start": "tmA",
      "end": "e1_a",
      "type": "solidus",
      "power": 1.1
    },
    "S_b": {
      "start": "e1_b",
      "end": "im_t",
      "type": "solidus",
      "power": 0.9
    },
    "S_d": {
      "start": "p_d",
      "end": "e2_d",
      "type": "solidus",
      "power": 1.0
    },
    "S_e": {
      "start": "tmB",
      "end": "e2_e",
      "type": "solidus",
      "power": 1.1
    },
    "H_E1_L": {
      "start": "e1_a",
      "end": "e1_l",
      "type": "horizontal"
    },
    "H_E1_R": {
      "start": "e1_l",
      "end": "e1_b",
      "type": "horizontal"
    },
    "H_EU_L": {
      "start": "eu_a",
      "end": "eu_b",
      "type": "horizontal"
    },
    "H_EU_R": {
      "start": "eu_b",
      "end": "eu_g",
      "type": "horizontal"
    },
    "H_P_L": {
      "start": "p_im",
      "end": "p_d",
      "type": "horizontal"
    },
    "H_P_R": {
      "start": "p_d",
      "end": "p_l",
      "type": "horizontal"
    },
    "H_E2_L": {
      "start": "e2_d",
      "end": "e2_l",
      "type": "horizontal"
    },
    "H_E2_R": {
      "start": "e2_l",
      "end": "e2_e",
      "type": "horizontal"
    },
    "sol_a_up": {
      "start": "e1_a",
      "end": "eu_a",
      "type": "solvus",
      "power": 1.5
    },
    "sol_a_bot": {
      "start": "eu_a",
      "end": "t_a",
      "type": "solvus",
      "power": 1.2
    },
    "sol_b_L": {
      "start": "e1_b",
      "end": "eu_b",
      "type": "solvus",
      "power": 1.0
    },
    "sol_b_R": {
      "start": "b_top_r",
      "end": "eu_b",
      "type": "solvus",
      "power": 1.0
    },
    "sol_b_top": {
      "start": "e1_b",
      "end": "b_top_r",
      "type": "horizontal"
    },
    "sol_g_L": {
      "start": "eu_g",
      "end": "t_g_l",
      "type": "solvus",
      "power": 1.3
    },
    "sol_g_R": {
      "start": "eu_g",
      "end": "t_g_r",
      "type": "solvus",
      "power": 1.3
    },
    "sol_d_up": {
      "start": "p_d",
      "end": "e2_d",
      "type": "solvus",
      "power": 1.0
    },
    "sol_d_bot": {
      "start": "e2_d",
      "end": "t_d",
      "type": "solvus",
      "power": 1.5
    },
    "sol_e": {
      "start": "e2_e",
      "end": "t_e",
      "type": "solvus",
      "power": 1.6
    },
    "IM_vert_up": {
      "start": "p_im",
      "end": "im_t",
      "type": "vertical"
    },
    "IM_vert_bot": {
      "start": "im_b",
      "end": "p_im",
      "type": "vertical"
    }
  },
  "regions": {
    "R_L": {
      "type": "single-phase",
      "phase_name": "L",
      "bounding_curves": [
        {
          "id": "L_1",
          "dir": 1
        },
        {
          "id": "L_2",
          "dir": 1
        },
        {
          "id": "L_3",
          "dir": 1
        },
        {
          "id": "L_4",
          "dir": 1
        },
        {
          "id": "L_5",
          "dir": 1
        },
        {
          "id": "edge_R_top",
          "dir": 1
        },
        {
          "id": "edge_top",
          "dir": -1
        },
        {
          "id": "edge_L_top",
          "dir": -1
        }
      ]
    },
    "R_a": {
      "type": "single-phase",
      "phase_name": "\u03b1",
      "bounding_curves": [
        {
          "id": "S_a",
          "dir": -1
        },
        {
          "id": "edge_L_bot",
          "dir": -1
        },
        {
          "id": "b_0_a",
          "dir": 1
        },
        {
          "id": "sol_a_bot",
          "dir": -1
        },
        {
          "id": "sol_a_up",
          "dir": -1
        }
      ]
    },
    "R_b": {
      "type": "single-phase",
      "phase_name": "\u03b2",
      "bounding_curves": [
        {
          "id": "sol_b_top",
          "dir": 1
        },
        {
          "id": "sol_b_R",
          "dir": 1
        },
        {
          "id": "sol_b_L",
          "dir": -1
        }
      ]
    },
    "R_g": {
      "type": "single-phase",
      "phase_name": "\u03b3",
      "bounding_curves": [
        {
          "id": "sol_g_L",
          "dir": 1
        },
        {
          "id": "b_g",
          "dir": 1
        },
        {
          "id": "sol_g_R",
          "dir": -1
        }
      ]
    },
    "R_d": {
      "type": "single-phase",
      "phase_name": "\u03b4",
      "bounding_curves": [
        {
          "id": "S_d",
          "dir": 1
        },
        {
          "id": "sol_d_bot",