{
  "metadata": {
    "id": "final_boss_340",
    "axes": {
      "c_max": 100,
      "t_max": 1200
    }
  },
  "nodes": {
    "tmA": {
      "c": 0,
      "t": 1059
    },
    "tmB": {
      "c": 100,
      "t": 1104
    },
    "e1_a": {
      "c": 8.506590697301272,
      "t": 822.6057181126187
    },
    "e1_l": {
      "c": 17.5262982588585,
      "t": 822.6057181126187
    },
    "e1_b": {
      "c": 26.137984467505404,
      "t": 822.6057181126187
    },
    "eu_b": {
      "c": 22.7729302578223,
      "t": 660.4836208066582
    },
    "eu_a": {
      "c": 4.034944091841498,
      "t": 660.4836208066582
    },
    "eu_g": {
      "c": 31.759120534483685,
      "t": 660.4836208066582
    },
    "im_t": {
      "c": 62.70323475393721,
      "t": 1088.3061914255277
    },
    "im_b": {
      "c": 62.70323475393721,
      "t": 0
    },
    "p_im": {
      "c": 62.70323475393721,
      "t": 1007.0649303105324
    },
    "p_l": {
      "c": 78.9283948676239,
      "t": 1007.0649303105324
    },
    "p_d": {
      "c": 70.71115427732691,
      "t": 1007.0649303105324
    },
    "e2_d": {
      "c": 73.56055827004701,
      "t": 840.6213046744579
    },
    "e2_l": {
      "c": 83.20418068916514,
      "t": 840.6213046744579
    },
    "e2_e": {
      "c": 91.87675167708416,
      "t": 840.6213046744579
    },
    "t_a": {
      "c": 2.905832975786503,
      "t": 0
    },
    "t_g_l": {
      "c": 31.554337877578355,
      "t": 0
    },
    "t_g_r": {
      "c": 35.52049673844259,
      "t": 0
    },
    "t_d": {
      "c": 71.48173766500035,
      "t": 0
    },
    "t_e": {
      "c": 94.90484135506578,
      "t": 0
    }
  },
  "curves": {
    "L_1": {
      "start": "tmA",
      "end": "e1_l",
      "type": "liquidus",
      "power": 0.8
    },
    "L_2": {
      "start": "e1_l",
      "end": "im_t",
      "type": "liquidus",
      "power": 1.2
    },
    "L_3": {
      "start": "im_t",
      "end": "p_l",
      "type": "liquidus",
      "power": 0.9
    },
    "L_4": {
      "start": "p_l",
      "end": "e2_l",
      "type": "liquidus",
      "power": 1.1
    },
    "L_5": {
      "start": "e2_l",
      "end": "tmB",
      "type": "liquidus",
      "power": 0.8
    },
    "S_a": {
      "start": "tmA",
      "end": "e1_a",
      "type": "solidus",
      "power": 1.2
    },
    "S_e": {
      "start": "tmB",
      "end": "e2_e",
      "type": "solidus",
      "power": 1.1
    },
    "sol_a": {
      "start": "e1_a",
      "end": "eu_a",
      "type": "solvus",
      "power": 2.0
    },
    "sol_a_bot": {
      "start": "eu_a",
      "end": "t_a",
      "type": "solvus",
      "power": 1.5
    },
    "sol_e": {
      "start": "e2_e",
      "end": "t_e",
      "type": "solvus",
      "power": 1.8
    },
    "i_e1": {
      "start": "e1_a",
      "end": "e1_b",
      "type": "horizontal"
    },
    "i_eu": {
      "start": "eu_a",
      "end": "eu_g",
      "type": "horizontal"
    },
    "i_p": {
      "start": "p_im",
      "end": "p_l",
      "type": "horizontal"
    },
    "i_e2": {
      "start": "e2_d",
      "end": "e2_e",
      "type": "horizontal"
    },
    "im_vert": {
      "start": "im_t",
      "end": "im_b",
      "type": "vertical"
    }
  },
  "regions": {
    "R_a": {
      "type": "single-phase",
      "phase_name": "\u03b1",
      "label": {
        "text": "\u03b1",
        "c": 4,
        "t": 600
      },
      "bounding_curves": [
        {
          "id": "S_a",
          "dir": 1
        },
        {
          "id": "sol_a",
          "dir": 1
        },
        {
          "id": "sol_a_bot",
          "dir": 1
        },
        {
          "id": "bot_a",
          "dir": -1
        },
        {
          "id": "e_L",
          "dir": 1
        }
      ]
    }
  }
}