{
  "metadata": {
    "id": "final_boss_230",
    "axes": {
      "c_max": 100,
      "t_max": 1200
    },
    "intermetallics": [
      "AB",
      "AB3"
    ]
  },
  "nodes": {
    "top_L": {
      "c": 0,
      "t": 1200,
      "bounds": {
        "lock_t": true,
        "lock_c": true
      }
    },
    "top_R": {
      "c": 100,
      "t": 1200,
      "bounds": {
        "lock_t": true,
        "lock_c": true
      }
    },
    "bot_L": {
      "c": 0,
      "t": 0,
      "bounds": {
        "lock_t": true,
        "lock_c": true
      }
    },
    "bot_R": {
      "c": 100,
      "t": 0,
      "bounds": {
        "lock_t": true,
        "lock_c": true
      }
    },
    "tmA": {
      "c": 0,
      "t": 1076.1860019941125,
      "bounds": {
        "lock_c": true
      }
    },
    "tmB": {
      "c": 100,
      "t": 1126.3589115531709,
      "bounds": {
        "lock_c": true
      }
    },
    "im1_t": {
      "c": 75.0,
      "t": 1154.7916419220583,
      "bounds": {
        "lock_c": true
      }
    },
    "im1_b": {
      "c": 75.0,
      "t": 0,
      "bounds": {
        "lock_c": true,
        "lock_t": true
      }
    },
    "im2_b": {
      "c": 50.0,
      "t": 0,
      "bounds": {
        "lock_c": true,
        "lock_t": true
      }
    },
    "im1_p": {
      "c": 75.0,
      "t": 951.9264370849651,
      "bounds": {
        "lock_c": true,
        "lock_t": true
      }
    },
    "p_g": {
      "c": 63.221195887968065,
      "t": 951.9264370849651,
      "is_nexus": true,
      "bounds": {
        "lock_t": true
      }
    },
    "p_l": {
      "c": 73.88537559672488,
      "t": 951.9264370849651,
      "bounds": {
        "lock_t": true
      }
    },
    "e1_a": {
      "c": 11.561361479421631,
      "t": 888.2679321676354,
      "bounds": {
        "lock_t": true
      }
    },
    "e1_l": {
      "c": 28.634124841283786,
      "t": 888.2679321676354,
      "is_nexus": true,
      "bounds": {
        "lock_t": true
      }
    },
    "im1_e1": {
      "c": 75.0,
      "t": 888.2679321676354,
      "bounds": {
        "lock_c": true,
        "lock_t": true
      }
    },
    "e2_g": {
      "c": 64.55973358700406,
      "t": 806.3367611738357,
      "bounds": {
        "lock_t": true
      }
    },
    "e2_l": {
      "c": 79.58380678568821,
      "t": 806.3367611738357,
      "is_nexus": true,
      "bounds": {
        "lock_t": true
      }
    },
    "e2_e": {
      "c": 93.87704758341746,
      "t": 806.3367611738357,
      "bounds": {
        "lock_t": true
      }
    },
    "t_a": {
      "c": 5.029764232820559,
      "t": 0,
      "bounds": {
        "lock_t": true
      }
    },
    "t_e": {
      "c": 96.81114805412058,
      "t": 0,
      "bounds": {
        "lock_t": true
      }
    },
    "po_a": {
      "c": 10.013816217204873,
      "t": 677.8087170467954,
      "bounds": {
        "lock_t": true
      }
    },
    "im2_po": {
      "c": 50.0,
      "t": 677.8087170467954,
      "is_nexus": true,
      "bounds": {
        "lock_c": true,
        "lock_t": true
      }
    },
    "im1_po": {
      "c": 75.0,
      "t": 677.8087170467954,
      "bounds": {
        "lock_c": true,
        "lock_t": true
      }
    },
    "im1_eu": {
      "c": 75.0,
      "t": 597.6986894795477,
      "bounds": {
        "lock_c": true,
        "lock_t": true
      }
    },
    "eu_g": {
      "c": 65.38030276228952,
      "t": 597.6986894795477,
      "is_nexus": true,
      "bounds": {
        "lock_t": true
      }
    },
    "eu_e": {
      "c": 94.63624038454144,
      "t": 597.6986894795477,
      "bounds": {
        "lock_t": true
      }
    }
  },
  "curves": {
    "L_1": {
      "start": "tmA",
      "end": "e1_l",
      "type": "liquidus"
    },
    "L_2": {
      "start": "e1_l",
      "end": "im1_t",
      "type": "liquidus"
    },
    "L_3": {
      "start": "im1_t",
      "end": "p_l",
      "type": "liquidus"
    },
    "L_4": {
      "start": "p_l",
      "end": "e2_l",
      "type": "liquidus"
    },
    "L_5": {
      "start": "e2_l",
      "end": "tmB",
      "type": "liquidus"
    },
    "S_a": {
      "start": "tmA",
      "end": "e1_a",
      "type": "solidus"
    },
    "S_g": {
      "start": "p_g",
      "end": "e2_g",
      "type": "solidus"
    },
    "S_e": {
      "start": "tmB",
      "end": "e2_e",
      "type": "solidus"
    },
    "H_E1_L": {
      "start": "e1_a",
      "end": "e1_l",
      "type": "horizontal"
    },
    "H_E1_R": {
      "start": "e1_l",
      "end": "im1_e1",
      "type": "horizontal"
    },
    "H_P_L": {
      "start": "im1_p",
      "end": "p_g",
      "type": "horizontal"
    },
    "H_P_R": {
      "start": "p_g",
      "end": "p_l",
      "type": "horizontal"
    },
    "H_E2_L": {
      "start": "e2_g",
      "end": "e2_l",
      "type": "horizontal"
    },
    "H_E2_R": {
      "start": "e2_l",
      "end": "e2_e",
      "type": "horizontal"
    },
    "H_PO_L": {
      "start": "po_a",
      "end": "im2_po",
      "type": "horizontal"
    },
    "H_PO_R": {
      "start": "im2_po",
      "end": "im1_po",
      "type": "horizontal"
    },
    "H_EU_L": {
      "start": "im1_eu",
      "end": "eu_g",
      "type": "horizontal"
    },
    "H_EU_R": {
      "start": "eu_g",
      "end": "eu_e",
      "type": "horizontal"
    },
    "sol_a": {
      "start": "e1_a",
      "end": "t_a",
      "type": "solvus"
    },
    "sol_g_L": {
      "start": "p_g",
      "end": "eu_g",
      "type": "solvus"
    },
    "sol_g_R": {
      "start": "e2_g",
      "end": "eu_g",
      "type": "solvus"
    },
    "sol_e": {
      "start": "e2_e",
      "end": "t_e",
      "type": "solvus"
    },
    "IM1_v1": {
      "start": "im1_t",
      "end": "im1_p",
      "type": "vertical"
    },
    "IM1_v2": {
      "start": "im1_p",
      "end": "im1_e1",
      "type": "vertical"
    },
    "IM1_v3": {
      "start": "im1_e1",
      "end": "im1_po",
      "type": "vertical"
    },
    "IM1_v4": {
      "start": "im1_po",
      "end": "im1_eu",
      "type": "vertical"
    },
    "IM1_v5": {
      "start": "im1_eu",
      "end": "im1_b",
      "type": "vertical"
    },
    "IM2_v1": {
      "start": "im2_po",
      "end": "im2_b",
      "type": "vertical"
    },
    "edge_L_top": {
      "start": "top_L",
      "end": "tmA",
      "type": "edge"
    },
    "edge_L_bot": {
      "start": "tmA",
      "end": "bot_L",
      "type": "edge"
    },
    "edge_R_top": {
      "start": "top_R",
      "end": "tmB",
      "type": "edge"
    },
    "edge_R_bot": {
      "start": "tmB",
      "end": "bot_R",
      "type": "edge"
    },
    "edge_top": {
      "start": "top_L",
      "end": "top_R",
      "type": "edge"
    },
    "b_0_a": {
      "start": "bot_L",
      "end": "t_a",
      "type": "edge"
    },
    "b_a_im2": {
      "start": "t_a",
      "end": "im2_b",
      "type": "edge"
    },
    "b_im2_im1": {
      "start": "im2_b",
      "end": "im1_b",
      "type": "edge"
    },
    "b_im1_e": {
      "start": "im1_b",
      "end": "t_e",
      "type": "edge"
    },
    "b_e_100": {
      "start": "t_e",
      "end": "bot_R",
      "type": "edge"
    }
  },
  "regions": {
    "R_L": {
      "type": "single-phase",
      "phase_name": "L",
      "bounding_curves": [
        {
          "id": "L_1",
          "dir": 1
        },
        {
          "id": "L_2",
          "dir": 1
        },
        {
          "id": "L_3",
          "dir": 1
        },
        {
          "id": "L_4",
          "dir": 1
        },
        {
          "id": "L_5",
          "dir": 1
        },
        {
          "id": "edge_R_top",
          "dir": -1
        },
        {
          "id": "edge_top",
          "dir": -1
        },
        {
          "id": "edge_L_top",
          "dir": 1
        }
      ]
    },
    "R_a": {
      "type": "single-phase",
      "phase_name": "\u03b1",
      "bounding_curves": [
        {
          "id": "S_a",
          "dir": 1
        },
        {
          "id": "sol_a",