{
  "metadata": {
    "id": "final_boss_311",
    "axes": {
      "c_max": 100,
      "t_max": 1200
    }
  },
  "nodes": {
    "tmA": {
      "c": 0,
      "t": 1136
    },
    "tmB": {
      "c": 100,
      "t": 1114
    },
    "e1_a": {
      "c": 13.025689032615823,
      "t": 893.7196062478165
    },
    "e1_l": {
      "c": 27.814970566775465,
      "t": 893.7196062478165
    },
    "e1_b": {
      "c": 41.964744308777384,
      "t": 893.7196062478165
    },
    "eu_b": {
      "c": 29.990560876702155,
      "t": 651.3342248700985
    },
    "eu_a": {
      "c": 9.72590850894397,
      "t": 651.3342248700985
    },
    "eu_g": {
      "c": 40.05704801759465,
      "t": 651.3342248700985
    },
    "im_t": {
      "c": 68.8154578442534,
      "t": 1158.76392515127
    },
    "im_b": {
      "c": 68.8154578442534,
      "t": 0
    },
    "p_im": {
      "c": 68.8154578442534,
      "t": 960.598778818188
    },
    "p_l": {
      "c": 79.71886199579006,
      "t": 960.598778818188
    },
    "p_d": {
      "c": 74.86683458064533,
      "t": 960.598778818188
    },
    "e2_d": {
      "c": 76.62632487248561,
      "t": 420.7763885590089
    },
    "e2_l": {
      "c": 81.97610477712776,
      "t": 420.7763885590089
    },
    "e2_e": {
      "c": 95.98849062497881,
      "t": 420.7763885590089
    },
    "t_a": {
      "c": 6.652509937696242,
      "t": 0
    },
    "t_g_l": {
      "c": 39.7388137282345,
      "t": 0
    },
    "t_g_r": {
      "c": 43.98672028333937,
      "t": 0
    },
    "t_d": {
      "c": 75.63496527897843,
      "t": 0
    },
    "t_e": {
      "c": 99.72899199045598,
      "t": 0
    }
  },
  "curves": {
    "L_1": {
      "start": "tmA",
      "end": "e1_l",
      "type": "liquidus",
      "power": 0.8
    },
    "L_2": {
      "start": "e1_l",
      "end": "im_t",
      "type": "liquidus",
      "power": 1.2
    },
    "L_3": {
      "start": "im_t",
      "end": "p_l",
      "type": "liquidus",
      "power": 0.9
    },
    "L_4": {
      "start": "p_l",
      "end": "e2_l",
      "type": "liquidus",
      "power": 1.1
    },
    "L_5": {
      "start": "e2_l",
      "end": "tmB",
      "type": "liquidus",
      "power": 0.8
    },
    "S_a": {
      "start": "tmA",
      "end": "e1_a",
      "type": "solidus",
      "power": 1.2
    },
    "S_e": {
      "start": "tmB",
      "end": "e2_e",
      "type": "solidus",
      "power": 1.1
    },
    "sol_a": {
      "start": "e1_a",
      "end": "eu_a",
      "type": "solvus",
      "power": 2.0
    },
    "sol_a_bot": {
      "start": "eu_a",
      "end": "t_a",
      "type": "solvus",
      "power": 1.5
    },
    "sol_e": {
      "start": "e2_e",
      "end": "t_e",
      "type": "solvus",
      "power": 1.8
    },
    "i_e1": {
      "start": "e1_a",
      "end": "e1_b",
      "type": "horizontal"
    },
    "i_eu": {
      "start": "eu_a",
      "end": "eu_g",
      "type": "horizontal"
    },
    "i_p": {
      "start": "p_im",
      "end": "p_l",
      "type": "horizontal"
    },
    "i_e2": {
      "start": "e2_d",
      "end": "e2_e",
      "type": "horizontal"
    },
    "im_vert": {
      "start": "im_t",
      "end": "im_b",
      "type": "vertical"
    }
  },
  "regions": {
    "R_a": {
      "type": "single-phase",
      "phase_name": "\u03b1",
      "label": {
        "text": "\u03b1",
        "c": 4,
        "t": 600
      },
      "bounding_curves": [
        {
          "id": "S_a",
          "dir": 1
        },
        {
          "id": "sol_a",
          "dir": 1
        },
        {
          "id": "sol_a_bot",
          "dir": 1
        },
        {
          "id": "bot_a",
          "dir": -1
        },
        {
          "id": "e_L",
          "dir": 1
        }
      ]
    }
  }
}