{
  "metadata": {
    "id": "final_boss_274",
    "axes": {
      "c_max": 100,
      "t_max": 1200
    }
  },
  "nodes": {
    "tmA": {
      "c": 0,
      "t": 1067
    },
    "tmB": {
      "c": 100,
      "t": 1072
    },
    "e1_a": {
      "c": 9.315570440539627,
      "t": 810.2459082958379
    },
    "e1_l": {
      "c": 18.52460267387164,
      "t": 810.2459082958379
    },
    "e1_b": {
      "c": 30.56097997261307,
      "t": 810.2459082958379
    },
    "eu_b": {
      "c": 21.663920257688396,
      "t": 679.0035242042072
    },
    "eu_a": {
      "c": 6.946807733467681,
      "t": 679.0035242042072
    },
    "eu_g": {
      "c": 29.81485542853477,
      "t": 679.0035242042072
    },
    "im_t": {
      "c": 64.34214094738333,
      "t": 965.5545602174893
    },
    "im_b": {
      "c": 64.34214094738333,
      "t": 0
    },
    "p_im": {
      "c": 64.34214094738333,
      "t": 758.3753928117894
    },
    "p_l": {
      "c": 78.56007634815633,
      "t": 758.3753928117894
    },
    "p_d": {
      "c": 72.17424719493198,
      "t": 758.3753928117894
    },
    "e2_d": {
      "c": 74.22530951008402,
      "t": 547.4452050409254
    },
    "e2_l": {
      "c": 80.40218894178079,
      "t": 547.4452050409254
    },
    "e2_e": {
      "c": 88.73972006433846,
      "t": 547.4452050409254
    },
    "t_a": {
      "c": 2.314997121861781,
      "t": 0
    },
    "t_g_l": {
      "c": 27.03839716774367,
      "t": 0
    },
    "t_g_r": {
      "c": 55.288467406130046,
      "t": 0
    },
    "t_d": {
      "c": 72.00829252862484,
      "t": 0
    },
    "t_e": {
      "c": 92.41167222326513,
      "t": 0
    }
  },
  "curves": {
    "L_1": {
      "start": "tmA",
      "end": "e1_l",
      "type": "liquidus",
      "power": 0.8
    },
    "L_2": {
      "start": "e1_l",
      "end": "im_t",
      "type": "liquidus",
      "power": 1.2
    },
    "L_3": {
      "start": "im_t",
      "end": "p_l",
      "type": "liquidus",
      "power": 0.9
    },
    "L_4": {
      "start": "p_l",
      "end": "e2_l",
      "type": "liquidus",
      "power": 1.1
    },
    "L_5": {
      "start": "e2_l",
      "end": "tmB",
      "type": "liquidus",
      "power": 0.8
    },
    "S_a": {
      "start": "tmA",
      "end": "e1_a",
      "type": "solidus",
      "power": 1.2
    },
    "S_e": {
      "start": "tmB",
      "end": "e2_e",
      "type": "solidus",
      "power": 1.1
    },
    "sol_a": {
      "start": "e1_a",
      "end": "eu_a",
      "type": "solvus",
      "power": 2.0
    },
    "sol_a_bot": {
      "start": "eu_a",
      "end": "t_a",
      "type": "solvus",
      "power": 1.5
    },
    "sol_e": {
      "start": "e2_e",
      "end": "t_e",
      "type": "solvus",
      "power": 1.8
    },
    "i_e1": {
      "start": "e1_a",
      "end": "e1_b",
      "type": "horizontal"
    },
    "i_eu": {
      "start": "eu_a",
      "end": "eu_g",
      "type": "horizontal"
    },
    "i_p": {
      "start": "p_im",
      "end": "p_l",
      "type": "horizontal"
    },
    "i_e2": {
      "start": "e2_d",
      "end": "e2_e",
      "type": "horizontal"
    },
    "im_vert": {
      "start": "im_t",
      "end": "im_b",
      "type": "vertical"
    }
  },
  "regions": {
    "R_a": {
      "type": "single-phase",
      "phase_name": "\u03b1",
      "label": {
        "text": "\u03b1",
        "c": 4,
        "t": 600
      },
      "bounding_curves": [
        {
          "id": "S_a",
          "dir": 1
        },
        {
          "id": "sol_a",
          "dir": 1
        },
        {
          "id": "sol_a_bot",
          "dir": 1
        },
        {
          "id": "bot_a",
          "dir": -1
        },
        {
          "id": "e_L",
          "dir": 1
        }
      ]
    }
  }
}