{
  "metadata": {
    "id": "final_boss_247",
    "axes": {
      "c_max": 100,
      "t_max": 1200
    }
  },
  "nodes": {
    "tmA": {
      "c": 0,
      "t": 1057
    },
    "tmB": {
      "c": 100,
      "t": 1014
    },
    "e1_a": {
      "c": 19.027812753707302,
      "t": 847.7683279643439
    },
    "e1_l": {
      "c": 36.53278955134117,
      "t": 847.7683279643439
    },
    "e1_b": {
      "c": 46.07011507642403,
      "t": 847.7683279643439
    },
    "eu_b": {
      "c": 39.79689948759941,
      "t": 576.3982259545734
    },
    "eu_a": {
      "c": 15.081197486104456,
      "t": 576.3982259545734
    },
    "eu_g": {
      "c": 54.661663581897685,
      "t": 576.3982259545734
    },
    "im_t": {
      "c": 71.79562125660108,
      "t": 1165.23168294262
    },
    "im_b": {
      "c": 71.79562125660108,
      "t": 0
    },
    "p_im": {
      "c": 71.79562125660108,
      "t": 1038.5249689074524
    },
    "p_l": {
      "c": 87.4098671993965,
      "t": 1038.5249689074524
    },
    "p_d": {
      "c": 79.23097285518973,
      "t": 1038.5249689074524
    },
    "e2_d": {
      "c": 81.99807547548701,
      "t": 982.086886288601
    },
    "e2_l": {
      "c": 91.40308753356507,
      "t": 982.086886288601
    },
    "e2_e": {
      "c": 95.83185934627939,
      "t": 982.086886288601
    },
    "t_a": {
      "c": 12.059330873296043,
      "t": 0
    },
    "t_g_l": {
      "c": 52.77890333439942,
      "t": 0
    },
    "t_g_r": {
      "c": 65.40116476765559,
      "t": 0
    },
    "t_d": {
      "c": 77.43483968715584,
      "t": 0
    },
    "t_e": {
      "c": 97.28147992590964,
      "t": 0
    }
  },
  "curves": {
    "L_1": {
      "start": "tmA",
      "end": "e1_l",
      "type": "liquidus",
      "power": 0.8
    },
    "L_2": {
      "start": "e1_l",
      "end": "im_t",
      "type": "liquidus",
      "power": 1.2
    },
    "L_3": {
      "start": "im_t",
      "end": "p_l",
      "type": "liquidus",
      "power": 0.9
    },
    "L_4": {
      "start": "p_l",
      "end": "e2_l",
      "type": "liquidus",
      "power": 1.1
    },
    "L_5": {
      "start": "e2_l",
      "end": "tmB",
      "type": "liquidus",
      "power": 0.8
    },
    "S_a": {
      "start": "tmA",
      "end": "e1_a",
      "type": "solidus",
      "power": 1.2
    },
    "S_e": {
      "start": "tmB",
      "end": "e2_e",
      "type": "solidus",
      "power": 1.1
    },
    "sol_a": {
      "start": "e1_a",
      "end": "eu_a",
      "type": "solvus",
      "power": 2.0
    },
    "sol_a_bot": {
      "start": "eu_a",
      "end": "t_a",
      "type": "solvus",
      "power": 1.5
    },
    "sol_e": {
      "start": "e2_e",
      "end": "t_e",
      "type": "solvus",
      "power": 1.8
    },
    "i_e1": {
      "start": "e1_a",
      "end": "e1_b",
      "type": "horizontal"
    },
    "i_eu": {
      "start": "eu_a",
      "end": "eu_g",
      "type": "horizontal"
    },
    "i_p": {
      "start": "p_im",
      "end": "p_l",
      "type": "horizontal"
    },
    "i_e2": {
      "start": "e2_d",
      "end": "e2_e",
      "type": "horizontal"
    },
    "im_vert": {
      "start": "im_t",
      "end": "im_b",
      "type": "vertical"
    }
  },
  "regions": {
    "R_a": {
      "type": "single-phase",
      "phase_name": "\u03b1",
      "label": {
        "text": "\u03b1",
        "c": 4,
        "t": 600
      },
      "bounding_curves": [
        {
          "id": "S_a",
          "dir": 1
        },
        {
          "id": "sol_a",
          "dir": 1
        },
        {
          "id": "sol_a_bot",
          "dir": 1
        },
        {
          "id": "bot_a",
          "dir": -1
        },
        {
          "id": "e_L",
          "dir": 1
        }
      ]
    }
  }
}