{
  "metadata": {
    "id": "final_boss_286",
    "axes": {
      "c_max": 100,
      "t_max": 1200
    }
  },
  "nodes": {
    "tmA": {
      "c": 0,
      "t": 1091
    },
    "tmB": {
      "c": 100,
      "t": 1048
    },
    "e1_a": {
      "c": 18.623646809414918,
      "t": 804.2414282037021
    },
    "e1_l": {
      "c": 34.41438981837534,
      "t": 804.2414282037021
    },
    "e1_b": {
      "c": 46.817829479678025,
      "t": 804.2414282037021
    },
    "eu_b": {
      "c": 43.33850181088875,
      "t": 664.5806026584169
    },
    "eu_a": {
      "c": 12.508070962026391,
      "t": 664.5806026584169
    },
    "eu_g": {
      "c": 49.91569796261241,
      "t": 664.5806026584169
    },
    "im_t": {
      "c": 60.714194485471886,
      "t": 1027.6097578461208
    },
    "im_b": {
      "c": 60.714194485471886,
      "t": 0
    },
    "p_im": {
      "c": 60.714194485471886,
      "t": 846.8280846193156
    },
    "p_l": {
      "c": 74.87659120165485,
      "t": 846.8280846193156
    },
    "p_d": {
      "c": 67.84078697362457,
      "t": 846.8280846193156
    },
    "e2_d": {
      "c": 70.03252401808277,
      "t": 694.9028354482084
    },
    "e2_l": {
      "c": 78.43498294717429,
      "t": 694.9028354482084
    },
    "e2_e": {
      "c": 88.1110828334442,
      "t": 694.9028354482084
    },
    "t_a": {
      "c": 1.732027183288034,
      "t": 0
    },
    "t_g_l": {
      "c": 48.298152588336926,
      "t": 0
    },
    "t_g_r": {
      "c": 53.96503967485664,
      "t": 0
    },
    "t_d": {
      "c": 69.32843001167244,
      "t": 0
    },
    "t_e": {
      "c": 94.21390452672162,
      "t": 0
    }
  },
  "curves": {
    "L_1": {
      "start": "tmA",
      "end": "e1_l",
      "type": "liquidus",
      "power": 0.8
    },
    "L_2": {
      "start": "e1_l",
      "end": "im_t",
      "type": "liquidus",
      "power": 1.2
    },
    "L_3": {
      "start": "im_t",
      "end": "p_l",
      "type": "liquidus",
      "power": 0.9
    },
    "L_4": {
      "start": "p_l",
      "end": "e2_l",
      "type": "liquidus",
      "power": 1.1
    },
    "L_5": {
      "start": "e2_l",
      "end": "tmB",
      "type": "liquidus",
      "power": 0.8
    },
    "S_a": {
      "start": "tmA",
      "end": "e1_a",
      "type": "solidus",
      "power": 1.2
    },
    "S_e": {
      "start": "tmB",
      "end": "e2_e",
      "type": "solidus",
      "power": 1.1
    },
    "sol_a": {
      "start": "e1_a",
      "end": "eu_a",
      "type": "solvus",
      "power": 2.0
    },
    "sol_a_bot": {
      "start": "eu_a",
      "end": "t_a",
      "type": "solvus",
      "power": 1.5
    },
    "sol_e": {
      "start": "e2_e",
      "end": "t_e",
      "type": "solvus",
      "power": 1.8
    },
    "i_e1": {
      "start": "e1_a",
      "end": "e1_b",
      "type": "horizontal"
    },
    "i_eu": {
      "start": "eu_a",
      "end": "eu_g",
      "type": "horizontal"
    },
    "i_p": {
      "start": "p_im",
      "end": "p_l",
      "type": "horizontal"
    },
    "i_e2": {
      "start": "e2_d",
      "end": "e2_e",
      "type": "horizontal"
    },
    "im_vert": {
      "start": "im_t",
      "end": "im_b",
      "type": "vertical"
    }
  },
  "regions": {
    "R_a": {
      "type": "single-phase",
      "phase_name": "\u03b1",
      "label": {
        "text": "\u03b1",
        "c": 4,
        "t": 600
      },
      "bounding_curves": [
        {
          "id": "S_a",
          "dir": 1
        },
        {
          "id": "sol_a",
          "dir": 1
        },
        {
          "id": "sol_a_bot",
          "dir": 1
        },
        {
          "id": "bot_a",
          "dir": -1
        },
        {
          "id": "e_L",
          "dir": 1
        }
      ]
    }
  }
}