{
  "metadata": {
    "id": "final_boss_260",
    "axes": {
      "c_max": 100,
      "t_max": 1200
    }
  },
  "nodes": {
    "tmA": {
      "c": 0,
      "t": 1128
    },
    "tmB": {
      "c": 100,
      "t": 1117
    },
    "e1_a": {
      "c": 13.758382725549446,
      "t": 906.5900885894624
    },
    "e1_l": {
      "c": 23.466981241609755,
      "t": 906.5900885894624
    },
    "e1_b": {
      "c": 36.460775963443346,
      "t": 906.5900885894624
    },
    "eu_b": {
      "c": 33.39584268413484,
      "t": 518.8393341350969
    },
    "eu_a": {
      "c": 6.955181601152945,
      "t": 518.8393341350969
    },
    "eu_g": {
      "c": 46.56106859307232,
      "t": 518.8393341350969
    },
    "im_t": {
      "c": 69.33171449443742,
      "t": 1069.0501450751517
    },
    "im_b": {
      "c": 69.33171449443742,
      "t": 0
    },
    "p_im": {
      "c": 69.33171449443742,
      "t": 789.4436491511098
    },
    "p_l": {
      "c": 81.46710844415293,
      "t": 789.4436491511098
    },
    "p_d": {
      "c": 77.27816097124645,
      "t": 789.4436491511098
    },
    "e2_d": {
      "c": 77.706403966175,
      "t": 545.3416004930513
    },
    "e2_l": {
      "c": 85.87178791360567,
      "t": 545.3416004930513
    },
    "e2_e": {
      "c": 91.61221839112933,
      "t": 545.3416004930513
    },
    "t_a": {
      "c": 1.3335131242024083,
      "t": 0
    },
    "t_g_l": {
      "c": 45.598092582305725,
      "t": 0
    },
    "t_g_r": {
      "c": 67.59993541441449,
      "t": 0
    },
    "t_d": {
      "c": 76.3967721041851,
      "t": 0
    },
    "t_e": {
      "c": 99.00064529080164,
      "t": 0
    }
  },
  "curves": {
    "L_1": {
      "start": "tmA",
      "end": "e1_l",
      "type": "liquidus",
      "power": 0.8
    },
    "L_2": {
      "start": "e1_l",
      "end": "im_t",
      "type": "liquidus",
      "power": 1.2
    },
    "L_3": {
      "start": "im_t",
      "end": "p_l",
      "type": "liquidus",
      "power": 0.9
    },
    "L_4": {
      "start": "p_l",
      "end": "e2_l",
      "type": "liquidus",
      "power": 1.1
    },
    "L_5": {
      "start": "e2_l",
      "end": "tmB",
      "type": "liquidus",
      "power": 0.8
    },
    "S_a": {
      "start": "tmA",
      "end": "e1_a",
      "type": "solidus",
      "power": 1.2
    },
    "S_e": {
      "start": "tmB",
      "end": "e2_e",
      "type": "solidus",
      "power": 1.1
    },
    "sol_a": {
      "start": "e1_a",
      "end": "eu_a",
      "type": "solvus",
      "power": 2.0
    },
    "sol_a_bot": {
      "start": "eu_a",
      "end": "t_a",
      "type": "solvus",
      "power": 1.5
    },
    "sol_e": {
      "start": "e2_e",
      "end": "t_e",
      "type": "solvus",
      "power": 1.8
    },
    "i_e1": {
      "start": "e1_a",
      "end": "e1_b",
      "type": "horizontal"
    },
    "i_eu": {
      "start": "eu_a",
      "end": "eu_g",
      "type": "horizontal"
    },
    "i_p": {
      "start": "p_im",
      "end": "p_l",
      "type": "horizontal"
    },
    "i_e2": {
      "start": "e2_d",
      "end": "e2_e",
      "type": "horizontal"
    },
    "im_vert": {
      "start": "im_t",
      "end": "im_b",
      "type": "vertical"
    }
  },
  "regions": {
    "R_a": {
      "type": "single-phase",
      "phase_name": "\u03b1",
      "label": {
        "text": "\u03b1",
        "c": 4,
        "t": 600
      },
      "bounding_curves": [
        {
          "id": "S_a",
          "dir": 1
        },
        {
          "id": "sol_a",
          "dir": 1
        },
        {
          "id": "sol_a_bot",
          "dir": 1
        },
        {
          "id": "bot_a",
          "dir": -1
        },
        {
          "id": "e_L",
          "dir": 1
        }
      ]
    }
  }
}