{
  "metadata": {
    "id": "final_boss_166",
    "axes": {
      "c_max": 100,
      "t_max": 1200
    }
  },
  "nodes": {
    "tmA": {
      "c": 0,
      "t": 1149
    },
    "tmB": {
      "c": 100,
      "t": 1124
    },
    "e1_a": {
      "c": 9.388301266480747,
      "t": 911.4191273219536
    },
    "e1_l": {
      "c": 28.37494845260548,
      "t": 911.4191273219536
    },
    "e1_b": {
      "c": 40.11818279535231,
      "t": 911.4191273219536
    },
    "eu_b": {
      "c": 32.046654601061235,
      "t": 696.2188847815846
    },
    "eu_a": {
      "c": 4.81043985444456,
      "t": 696.2188847815846
    },
    "eu_g": {
      "c": 39.7725368058572,
      "t": 696.2188847815846
    },
    "im_t": {
      "c": 64.4905167021882,
      "t": 1159.223307235346
    },
    "im_b": {
      "c": 64.4905167021882,
      "t": 0
    },
    "p_im": {
      "c": 64.4905167021882,
      "t": 888.6832197466764
    },
    "p_l": {
      "c": 82.9738959572106,
      "t": 888.6832197466764
    },
    "p_d": {
      "c": 68.89438368238127,
      "t": 888.6832197466764
    },
    "e2_d": {
      "c": 77.04914982295192,
      "t": 731.231351081296
    },
    "e2_l": {
      "c": 87.58904888310066,
      "t": 731.231351081296
    },
    "e2_e": {
      "c": 91.59547259248107,
      "t": 731.231351081296
    },
    "t_a": {
      "c": 2.3443760909321276,
      "t": 0
    },
    "t_g_l": {
      "c": 38.245153778726944,
      "t": 0
    },
    "t_g_r": {
      "c": 53.88108727945063,
      "t": 0
    },
    "t_d": {
      "c": 71.95304417662007,
      "t": 0
    },
    "t_e": {
      "c": 98.96223186592796,
      "t": 0
    }
  },
  "curves": {
    "L_1": {
      "start": "tmA",
      "end": "e1_l",
      "type": "liquidus",
      "power": 0.8
    },
    "L_2": {
      "start": "e1_l",
      "end": "im_t",
      "type": "liquidus",
      "power": 1.2
    },
    "L_3": {
      "start": "im_t",
      "end": "p_l",
      "type": "liquidus",
      "power": 0.9
    },
    "L_4": {
      "start": "p_l",
      "end": "e2_l",
      "type": "liquidus",
      "power": 1.1
    },
    "L_5": {
      "start": "e2_l",
      "end": "tmB",
      "type": "liquidus",
      "power": 0.8
    },
    "S_a": {
      "start": "tmA",
      "end": "e1_a",
      "type": "solidus",
      "power": 1.2
    },
    "S_e": {
      "start": "tmB",
      "end": "e2_e",
      "type": "solidus",
      "power": 1.1
    },
    "sol_a": {
      "start": "e1_a",
      "end": "eu_a",
      "type": "solvus",
      "power": 2.0
    },
    "sol_a_bot": {
      "start": "eu_a",
      "end": "t_a",
      "type": "solvus",
      "power": 1.5
    },
    "sol_e": {
      "start": "e2_e",
      "end": "t_e",
      "type": "solvus",
      "power": 1.8
    },
    "i_e1": {
      "start": "e1_a",
      "end": "e1_b",
      "type": "horizontal"
    },
    "i_eu": {
      "start": "eu_a",
      "end": "eu_g",
      "type": "horizontal"
    },
    "i_p": {
      "start": "p_im",
      "end": "p_l",
      "type": "horizontal"
    },
    "i_e2": {
      "start": "e2_d",
      "end": "e2_e",
      "type": "horizontal"
    },
    "im_vert": {
      "start": "im_t",
      "end": "im_b",
      "type": "vertical"
    }
  },
  "regions": {
    "R_a": {
      "type": "single-phase",
      "phase_name": "\u03b1",
      "label": {
        "text": "\u03b1",
        "c": 4,
        "t": 600
      },
      "bounding_curves": [
        {
          "id": "S_a",
          "dir": 1
        },
        {
          "id": "sol_a",
          "dir": 1
        },
        {
          "id": "sol_a_bot",
          "dir": 1
        },
        {
          "id": "bot_a",
          "dir": -1
        },
        {
          "id": "e_L",
          "dir": 1
        }
      ]
    }
  }
}