{
  "metadata": {
    "id": "final_boss_312",
    "axes": {
      "c_max": 100,
      "t_max": 1200
    }
  },
  "nodes": {
    "tmA": {
      "c": 0,
      "t": 1076
    },
    "tmB": {
      "c": 100,
      "t": 1096
    },
    "e1_a": {
      "c": 11.50155086196845,
      "t": 890.1128036344084
    },
    "e1_l": {
      "c": 28.197425447090563,
      "t": 890.1128036344084
    },
    "e1_b": {
      "c": 39.88031761438576,
      "t": 890.1128036344084
    },
    "eu_b": {
      "c": 34.171539654661096,
      "t": 565.1418076624682
    },
    "eu_a": {
      "c": 5.666046319250651,
      "t": 565.1418076624682
    },
    "eu_g": {
      "c": 41.2368171441491,
      "t": 565.1418076624682
    },
    "im_t": {
      "c": 52.23006132924518,
      "t": 1161.1522801413118
    },
    "im_b": {
      "c": 52.23006132924518,
      "t": 0
    },
    "p_im": {
      "c": 52.23006132924518,
      "t": 773.1713586933639
    },
    "p_l": {
      "c": 82.62276108495678,
      "t": 773.1713586933639
    },
    "p_d": {
      "c": 57.55438772081955,
      "t": 773.1713586933639
    },
    "e2_d": {
      "c": 61.69443376548418,
      "t": 624.7634784747083
    },
    "e2_l": {
      "c": 86.57400517005476,
      "t": 624.7634784747083
    },
    "e2_e": {
      "c": 94.1960188893557,
      "t": 624.7634784747083
    },
    "t_a": {
      "c": 1.8158377202597544,
      "t": 0
    },
    "t_g_l": {
      "c": 40.417533785622695,
      "t": 0
    },
    "t_g_r": {
      "c": 42.99073123811979,
      "t": 0
    },
    "t_d": {
      "c": 60.66194594200853,
      "t": 0
    },
    "t_e": {
      "c": 97.88167849969582,
      "t": 0
    }
  },
  "curves": {
    "L_1": {
      "start": "tmA",
      "end": "e1_l",
      "type": "liquidus",
      "power": 0.8
    },
    "L_2": {
      "start": "e1_l",
      "end": "im_t",
      "type": "liquidus",
      "power": 1.2
    },
    "L_3": {
      "start": "im_t",
      "end": "p_l",
      "type": "liquidus",
      "power": 0.9
    },
    "L_4": {
      "start": "p_l",
      "end": "e2_l",
      "type": "liquidus",
      "power": 1.1
    },
    "L_5": {
      "start": "e2_l",
      "end": "tmB",
      "type": "liquidus",
      "power": 0.8
    },
    "S_a": {
      "start": "tmA",
      "end": "e1_a",
      "type": "solidus",
      "power": 1.2
    },
    "S_e": {
      "start": "tmB",
      "end": "e2_e",
      "type": "solidus",
      "power": 1.1
    },
    "sol_a": {
      "start": "e1_a",
      "end": "eu_a",
      "type": "solvus",
      "power": 2.0
    },
    "sol_a_bot": {
      "start": "eu_a",
      "end": "t_a",
      "type": "solvus",
      "power": 1.5
    },
    "sol_e": {
      "start": "e2_e",
      "end": "t_e",
      "type": "solvus",
      "power": 1.8
    },
    "i_e1": {
      "start": "e1_a",
      "end": "e1_b",
      "type": "horizontal"
    },
    "i_eu": {
      "start": "eu_a",
      "end": "eu_g",
      "type": "horizontal"
    },
    "i_p": {
      "start": "p_im",
      "end": "p_l",
      "type": "horizontal"
    },
    "i_e2": {
      "start": "e2_d",
      "end": "e2_e",
      "type": "horizontal"
    },
    "im_vert": {
      "start": "im_t",
      "end": "im_b",
      "type": "vertical"
    }
  },
  "regions": {
    "R_a": {
      "type": "single-phase",
      "phase_name": "\u03b1",
      "label": {
        "text": "\u03b1",
        "c": 4,
        "t": 600
      },
      "bounding_curves": [
        {
          "id": "S_a",
          "dir": 1
        },
        {
          "id": "sol_a",
          "dir": 1
        },
        {
          "id": "sol_a_bot",
          "dir": 1
        },
        {
          "id": "bot_a",
          "dir": -1
        },
        {
          "id": "e_L",
          "dir": 1
        }
      ]
    }
  }
}