{
  "metadata": {
    "id": "final_boss_319",
    "axes": {
      "c_max": 100,
      "t_max": 1200
    }
  },
  "nodes": {
    "tmA": {
      "c": 0,
      "t": 1069
    },
    "tmB": {
      "c": 100,
      "t": 1048
    },
    "e1_a": {
      "c": 18.142808656955438,
      "t": 895.83637438536
    },
    "e1_l": {
      "c": 27.293446644190492,
      "t": 895.83637438536
    },
    "e1_b": {
      "c": 37.87318851006631,
      "t": 895.83637438536
    },
    "eu_b": {
      "c": 34.18925748510702,
      "t": 701.2187289680717
    },
    "eu_a": {
      "c": 10.070220401902333,
      "t": 701.2187289680717
    },
    "eu_g": {
      "c": 48.705818429089064,
      "t": 701.2187289680717
    },
    "im_t": {
      "c": 74.28890684557592,
      "t": 1149.1635233146815
    },
    "im_b": {
      "c": 74.28890684557592,
      "t": 0
    },
    "p_im": {
      "c": 74.28890684557592,
      "t": 928.4700089469334
    },
    "p_l": {
      "c": 85.79461101085126,
      "t": 928.4700089469334
    },
    "p_d": {
      "c": 77.3715589545299,
      "t": 928.4700089469334
    },
    "e2_d": {
      "c": 81.37982668426682,
      "t": 495.60763525130164
    },
    "e2_l": {
      "c": 86.63913159582069,
      "t": 495.60763525130164
    },
    "e2_e": {
      "c": 93.22362434264504,
      "t": 495.60763525130164
    },
    "t_a": {
      "c": 0.12734108858382276,
      "t": 0
    },
    "t_g_l": {
      "c": 46.619746871191644,
      "t": 0
    },
    "t_g_r": {
      "c": 59.53153986316142,
      "t": 0
    },
    "t_d": {
      "c": 81.2072580722329,
      "t": 0
    },
    "t_e": {
      "c": 99.08993905754775,
      "t": 0
    }
  },
  "curves": {
    "L_1": {
      "start": "tmA",
      "end": "e1_l",
      "type": "liquidus",
      "power": 0.8
    },
    "L_2": {
      "start": "e1_l",
      "end": "im_t",
      "type": "liquidus",
      "power": 1.2
    },
    "L_3": {
      "start": "im_t",
      "end": "p_l",
      "type": "liquidus",
      "power": 0.9
    },
    "L_4": {
      "start": "p_l",
      "end": "e2_l",
      "type": "liquidus",
      "power": 1.1
    },
    "L_5": {
      "start": "e2_l",
      "end": "tmB",
      "type": "liquidus",
      "power": 0.8
    },
    "S_a": {
      "start": "tmA",
      "end": "e1_a",
      "type": "solidus",
      "power": 1.2
    },
    "S_e": {
      "start": "tmB",
      "end": "e2_e",
      "type": "solidus",
      "power": 1.1
    },
    "sol_a": {
      "start": "e1_a",
      "end": "eu_a",
      "type": "solvus",
      "power": 2.0
    },
    "sol_a_bot": {
      "start": "eu_a",
      "end": "t_a",
      "type": "solvus",
      "power": 1.5
    },
    "sol_e": {
      "start": "e2_e",
      "end": "t_e",
      "type": "solvus",
      "power": 1.8
    },
    "i_e1": {
      "start": "e1_a",
      "end": "e1_b",
      "type": "horizontal"
    },
    "i_eu": {
      "start": "eu_a",
      "end": "eu_g",
      "type": "horizontal"
    },
    "i_p": {
      "start": "p_im",
      "end": "p_l",
      "type": "horizontal"
    },
    "i_e2": {
      "start": "e2_d",
      "end": "e2_e",
      "type": "horizontal"
    },
    "im_vert": {
      "start": "im_t",
      "end": "im_b",
      "type": "vertical"
    }
  },
  "regions": {
    "R_a": {
      "type": "single-phase",
      "phase_name": "\u03b1",
      "label": {
        "text": "\u03b1",
        "c": 4,
        "t": 600
      },
      "bounding_curves": [
        {
          "id": "S_a",
          "dir": 1
        },
        {
          "id": "sol_a",
          "dir": 1
        },
        {
          "id": "sol_a_bot",
          "dir": 1
        },
        {
          "id": "bot_a",
          "dir": -1
        },
        {
          "id": "e_L",
          "dir": 1
        }
      ]
    }
  }
}