{
  "metadata": {
    "id": "final_boss_7",
    "axes": {
      "c_max": 100,
      "t_max": 1200
    }
  },
  "nodes": {
    "tmA": {
      "c": 0,
      "t": 1131
    },
    "tmB": {
      "c": 100,
      "t": 1147
    },
    "e1_a": {
      "c": 16.73725453248228,
      "t": 884.8242273305437
    },
    "e1_l": {
      "c": 25.857740713649548,
      "t": 884.8242273305437
    },
    "e1_b": {
      "c": 39.281311601280265,
      "t": 884.8242273305437
    },
    "eu_b": {
      "c": 32.50495325204845,
      "t": 746.0284247311045
    },
    "eu_a": {
      "c": 4.02831080517042,
      "t": 746.0284247311045
    },
    "eu_g": {
      "c": 39.98440610053369,
      "t": 746.0284247311045
    },
    "im_t": {
      "c": 53.44615901961709,
      "t": 996.4753283921598
    },
    "im_b": {
      "c": 53.44615901961709,
      "t": 0
    },
    "p_im": {
      "c": 53.44615901961709,
      "t": 798.8041889583783
    },
    "p_l": {
      "c": 87.13807807508206,
      "t": 798.8041889583783
    },
    "p_d": {
      "c": 72.23005509560122,
      "t": 798.8041889583783
    },
    "e2_d": {
      "c": 77.1948995854282,
      "t": 624.4946587381395
    },
    "e2_l": {
      "c": 84.50859412150501,
      "t": 624.4946587381395
    },
    "e2_e": {
      "c": 91.73009732709471,
      "t": 624.4946587381395
    },
    "t_a": {
      "c": 2.158017798342885,
      "t": 0
    },
    "t_g_l": {
      "c": 39.42952422469832,
      "t": 0
    },
    "t_g_r": {
      "c": 41.163607743648384,
      "t": 0
    },
    "t_d": {
      "c": 74.56742116086737,
      "t": 0
    },
    "t_e": {
      "c": 94.91478486663932,
      "t": 0
    }
  },
  "curves": {
    "L_1": {
      "start": "tmA",
      "end": "e1_l",
      "type": "liquidus",
      "power": 0.8
    },
    "L_2": {
      "start": "e1_l",
      "end": "im_t",
      "type": "liquidus",
      "power": 1.2
    },
    "L_3": {
      "start": "im_t",
      "end": "p_l",
      "type": "liquidus",
      "power": 0.9
    },
    "L_4": {
      "start": "p_l",
      "end": "e2_l",
      "type": "liquidus",
      "power": 1.1
    },
    "L_5": {
      "start": "e2_l",
      "end": "tmB",
      "type": "liquidus",
      "power": 0.8
    },
    "S_a": {
      "start": "tmA",
      "end": "e1_a",
      "type": "solidus",
      "power": 1.2
    },
    "S_e": {
      "start": "tmB",
      "end": "e2_e",
      "type": "solidus",
      "power": 1.1
    },
    "sol_a": {
      "start": "e1_a",
      "end": "eu_a",
      "type": "solvus",
      "power": 2.0
    },
    "sol_a_bot": {
      "start": "eu_a",
      "end": "t_a",
      "type": "solvus",
      "power": 1.5
    },
    "sol_e": {
      "start": "e2_e",
      "end": "t_e",
      "type": "solvus",
      "power": 1.8
    },
    "i_e1": {
      "start": "e1_a",
      "end": "e1_b",
      "type": "horizontal"
    },
    "i_eu": {
      "start": "eu_a",
      "end": "eu_g",
      "type": "horizontal"
    },
    "i_p": {
      "start": "p_im",
      "end": "p_l",
      "type": "horizontal"
    },
    "i_e2": {
      "start": "e2_d",
      "end": "e2_e",
      "type": "horizontal"
    },
    "im_vert": {
      "start": "im_t",
      "end": "im_b",
      "type": "vertical"
    }
  },
  "regions": {
    "R_a": {
      "type": "single-phase",
      "phase_name": "\u03b1",
      "label": {
        "text": "\u03b1",
        "c": 4,
        "t": 600
      },
      "bounding_curves": [
        {
          "id": "S_a",
          "dir": 1
        },
        {
          "id": "sol_a",
          "dir": 1
        },
        {
          "id": "sol_a_bot",
          "dir": 1
        },
        {
          "id": "bot_a",
          "dir": -1
        },
        {
          "id": "e_L",
          "dir": 1
        }
      ]
    }
  }
}