{
  "metadata": {
    "id": "final_boss_464",
    "axes": {
      "c_max": 100,
      "t_max": 1200
    }
  },
  "nodes": {
    "tmA": {
      "c": 0,
      "t": 1052
    },
    "tmB": {
      "c": 100,
      "t": 1093
    },
    "e1_a": {
      "c": 11.023755470501175,
      "t": 925.3155211340701
    },
    "e1_l": {
      "c": 20.22352585865847,
      "t": 925.3155211340701
    },
    "e1_b": {
      "c": 35.141173863306584,
      "t": 925.3155211340701
    },
    "eu_b": {
      "c": 27.829331988511953,
      "t": 735.3861210847879
    },
    "eu_a": {
      "c": 8.439572565370286,
      "t": 735.3861210847879
    },
    "eu_g": {
      "c": 42.39593893479823,
      "t": 735.3861210847879
    },
    "im_t": {
      "c": 66.86341660218734,
      "t": 1096.1787696535766
    },
    "im_b": {
      "c": 66.86341660218734,
      "t": 0
    },
    "p_im": {
      "c": 66.86341660218734,
      "t": 918.5802919378082
    },
    "p_l": {
      "c": 82.98096186603276,
      "t": 918.5802919378082
    },
    "p_d": {
      "c": 78.90101049093325,
      "t": 918.5802919378082
    },
    "e2_d": {
      "c": 79.63800091411426,
      "t": 686.0617513292912
    },
    "e2_l": {
      "c": 86.40410913859587,
      "t": 686.0617513292912
    },
    "e2_e": {
      "c": 92.12402799553968,
      "t": 686.0617513292912
    },
    "t_a": {
      "c": 3.4742166426666423,
      "t": 0
    },
    "t_g_l": {
      "c": 41.95996045413668,
      "t": 0
    },
    "t_g_r": {
      "c": 62.26645525007727,
      "t": 0
    },
    "t_d": {
      "c": 73.82047832706496,
      "t": 0
    },
    "t_e": {
      "c": 95.917110604588,
      "t": 0
    }
  },
  "curves": {
    "L_1": {
      "start": "tmA",
      "end": "e1_l",
      "type": "liquidus",
      "power": 0.8
    },
    "L_2": {
      "start": "e1_l",
      "end": "im_t",
      "type": "liquidus",
      "power": 1.2
    },
    "L_3": {
      "start": "im_t",
      "end": "p_l",
      "type": "liquidus",
      "power": 0.9
    },
    "L_4": {
      "start": "p_l",
      "end": "e2_l",
      "type": "liquidus",
      "power": 1.1
    },
    "L_5": {
      "start": "e2_l",
      "end": "tmB",
      "type": "liquidus",
      "power": 0.8
    },
    "S_a": {
      "start": "tmA",
      "end": "e1_a",
      "type": "solidus",
      "power": 1.2
    },
    "S_e": {
      "start": "tmB",
      "end": "e2_e",
      "type": "solidus",
      "power": 1.1
    },
    "sol_a": {
      "start": "e1_a",
      "end": "eu_a",
      "type": "solvus",
      "power": 2.0
    },
    "sol_a_bot": {
      "start": "eu_a",
      "end": "t_a",
      "type": "solvus",
      "power": 1.5
    },
    "sol_e": {
      "start": "e2_e",
      "end": "t_e",
      "type": "solvus",
      "power": 1.8
    },
    "i_e1": {
      "start": "e1_a",
      "end": "e1_b",
      "type": "horizontal"
    },
    "i_eu": {
      "start": "eu_a",
      "end": "eu_g",
      "type": "horizontal"
    },
    "i_p": {
      "start": "p_im",
      "end": "p_l",
      "type": "horizontal"
    },
    "i_e2": {
      "start": "e2_d",
      "end": "e2_e",
      "type": "horizontal"
    },
    "im_vert": {
      "start": "im_t",
      "end": "im_b",
      "type": "vertical"
    }
  },
  "regions": {
    "R_a": {
      "type": "single-phase",
      "phase_name": "\u03b1",
      "label": {
        "text": "\u03b1",
        "c": 4,
        "t": 600
      },
      "bounding_curves": [
        {
          "id": "S_a",
          "dir": 1
        },
        {
          "id": "sol_a",
          "dir": 1
        },
        {
          "id": "sol_a_bot",
          "dir": 1
        },
        {
          "id": "bot_a",
          "dir": -1
        },
        {
          "id": "e_L",
          "dir": 1
        }
      ]
    }
  }
}