{
  "metadata": {
    "id": "final_boss_142",
    "axes": {
      "c_max": 100,
      "t_max": 1200
    }
  },
  "nodes": {
    "tmA": {
      "c": 0,
      "t": 1142
    },
    "tmB": {
      "c": 100,
      "t": 1011
    },
    "e1_a": {
      "c": 14.017248759900056,
      "t": 868.2165498693714
    },
    "e1_l": {
      "c": 26.279865397232644,
      "t": 868.2165498693714
    },
    "e1_b": {
      "c": 35.49494861751124,
      "t": 868.2165498693714
    },
    "eu_b": {
      "c": 29.465727143495844,
      "t": 633.9831981057843
    },
    "eu_a": {
      "c": 8.163876154229133,
      "t": 633.9831981057843
    },
    "eu_g": {
      "c": 41.39043151196158,
      "t": 633.9831981057843
    },
    "im_t": {
      "c": 66.17949172347913,
      "t": 1102.280215416086
    },
    "im_b": {
      "c": 66.17949172347913,
      "t": 0
    },
    "p_im": {
      "c": 66.17949172347913,
      "t": 911.2683543019991
    },
    "p_l": {
      "c": 87.01893849952414,
      "t": 911.2683543019991
    },
    "p_d": {
      "c": 79.29829589656745,
      "t": 911.2683543019991
    },
    "e2_d": {
      "c": 81.89195402930693,
      "t": 766.706661294258
    },
    "e2_l": {
      "c": 91.00994851492135,
      "t": 766.706661294258
    },
    "e2_e": {
      "c": 95.21128829564948,
      "t": 766.706661294258
    },
    "t_a": {
      "c": 6.02838175808618,
      "t": 0
    },
    "t_g_l": {
      "c": 38.394849477418994,
      "t": 0
    },
    "t_g_r": {
      "c": 59.997256546709096,
      "t": 0
    },
    "t_d": {
      "c": 75.47531795150822,
      "t": 0
    },
    "t_e": {
      "c": 98.43843322191806,
      "t": 0
    }
  },
  "curves": {
    "L_1": {
      "start": "tmA",
      "end": "e1_l",
      "type": "liquidus",
      "power": 0.8
    },
    "L_2": {
      "start": "e1_l",
      "end": "im_t",
      "type": "liquidus",
      "power": 1.2
    },
    "L_3": {
      "start": "im_t",
      "end": "p_l",
      "type": "liquidus",
      "power": 0.9
    },
    "L_4": {
      "start": "p_l",
      "end": "e2_l",
      "type": "liquidus",
      "power": 1.1
    },
    "L_5": {
      "start": "e2_l",
      "end": "tmB",
      "type": "liquidus",
      "power": 0.8
    },
    "S_a": {
      "start": "tmA",
      "end": "e1_a",
      "type": "solidus",
      "power": 1.2
    },
    "S_e": {
      "start": "tmB",
      "end": "e2_e",
      "type": "solidus",
      "power": 1.1
    },
    "sol_a": {
      "start": "e1_a",
      "end": "eu_a",
      "type": "solvus",
      "power": 2.0
    },
    "sol_a_bot": {
      "start": "eu_a",
      "end": "t_a",
      "type": "solvus",
      "power": 1.5
    },
    "sol_e": {
      "start": "e2_e",
      "end": "t_e",
      "type": "solvus",
      "power": 1.8
    },
    "i_e1": {
      "start": "e1_a",
      "end": "e1_b",
      "type": "horizontal"
    },
    "i_eu": {
      "start": "eu_a",
      "end": "eu_g",
      "type": "horizontal"
    },
    "i_p": {
      "start": "p_im",
      "end": "p_l",
      "type": "horizontal"
    },
    "i_e2": {
      "start": "e2_d",
      "end": "e2_e",
      "type": "horizontal"
    },
    "im_vert": {
      "start": "im_t",
      "end": "im_b",
      "type": "vertical"
    }
  },
  "regions": {
    "R_a": {
      "type": "single-phase",
      "phase_name": "\u03b1",
      "label": {
        "text": "\u03b1",
        "c": 4,
        "t": 600
      },
      "bounding_curves": [
        {
          "id": "S_a",
          "dir": 1
        },
        {
          "id": "sol_a",
          "dir": 1
        },
        {
          "id": "sol_a_bot",
          "dir": 1
        },
        {
          "id": "bot_a",
          "dir": -1
        },
        {
          "id": "e_L",
          "dir": 1
        }
      ]
    }
  }
}