{
  "metadata": {
    "id": "final_boss_61",
    "axes": {
      "c_max": 100,
      "t_max": 1200
    }
  },
  "nodes": {
    "tmA": {
      "c": 0,
      "t": 1081
    },
    "tmB": {
      "c": 100,
      "t": 1002
    },
    "e1_a": {
      "c": 8.836551965028406,
      "t": 878.3469291403424
    },
    "e1_l": {
      "c": 27.10238979686458,
      "t": 878.3469291403424
    },
    "e1_b": {
      "c": 40.27779845278509,
      "t": 878.3469291403424
    },
    "eu_b": {
      "c": 34.23295462638831,
      "t": 525.5947369046083
    },
    "eu_a": {
      "c": 5.339448319932538,
      "t": 525.5947369046083
    },
    "eu_g": {
      "c": 47.30780455216491,
      "t": 525.5947369046083
    },
    "im_t": {
      "c": 60.37898320246434,
      "t": 1037.0392181563452
    },
    "im_b": {
      "c": 60.37898320246434,
      "t": 0
    },
    "p_im": {
      "c": 60.37898320246434,
      "t": 951.9489971463391
    },
    "p_l": {
      "c": 71.97581633365614,
      "t": 951.9489971463391
    },
    "p_d": {
      "c": 67.55266852962698,
      "t": 951.9489971463391
    },
    "e2_d": {
      "c": 68.46100765017806,
      "t": 440.14698176899884
    },
    "e2_l": {
      "c": 75.50053198635712,
      "t": 440.14698176899884
    },
    "e2_e": {
      "c": 84.1420244830011,
      "t": 440.14698176899884
    },
    "t_a": {
      "c": 2.666996176529459,
      "t": 0
    },
    "t_g_l": {
      "c": 45.200750600530135,
      "t": 0
    },
    "t_g_r": {
      "c": 48.1500910145558,
      "t": 0
    },
    "t_d": {
      "c": 68.0633001871823,
      "t": 0
    },
    "t_e": {
      "c": 94.4633105724205,
      "t": 0
    }
  },
  "curves": {
    "L_1": {
      "start": "tmA",
      "end": "e1_l",
      "type": "liquidus",
      "power": 0.8
    },
    "L_2": {
      "start": "e1_l",
      "end": "im_t",
      "type": "liquidus",
      "power": 1.2
    },
    "L_3": {
      "start": "im_t",
      "end": "p_l",
      "type": "liquidus",
      "power": 0.9
    },
    "L_4": {
      "start": "p_l",
      "end": "e2_l",
      "type": "liquidus",
      "power": 1.1
    },
    "L_5": {
      "start": "e2_l",
      "end": "tmB",
      "type": "liquidus",
      "power": 0.8
    },
    "S_a": {
      "start": "tmA",
      "end": "e1_a",
      "type": "solidus",
      "power": 1.2
    },
    "S_e": {
      "start": "tmB",
      "end": "e2_e",
      "type": "solidus",
      "power": 1.1
    },
    "sol_a": {
      "start": "e1_a",
      "end": "eu_a",
      "type": "solvus",
      "power": 2.0
    },
    "sol_a_bot": {
      "start": "eu_a",
      "end": "t_a",
      "type": "solvus",
      "power": 1.5
    },
    "sol_e": {
      "start": "e2_e",
      "end": "t_e",
      "type": "solvus",
      "power": 1.8
    },
    "i_e1": {
      "start": "e1_a",
      "end": "e1_b",
      "type": "horizontal"
    },
    "i_eu": {
      "start": "eu_a",
      "end": "eu_g",
      "type": "horizontal"
    },
    "i_p": {
      "start": "p_im",
      "end": "p_l",
      "type": "horizontal"
    },
    "i_e2": {
      "start": "e2_d",
      "end": "e2_e",
      "type": "horizontal"
    },
    "im_vert": {
      "start": "im_t",
      "end": "im_b",
      "type": "vertical"
    }
  },
  "regions": {
    "R_a": {
      "type": "single-phase",
      "phase_name": "\u03b1",
      "label": {
        "text": "\u03b1",
        "c": 4,
        "t": 600
      },
      "bounding_curves": [
        {
          "id": "S_a",
          "dir": 1
        },
        {
          "id": "sol_a",
          "dir": 1
        },
        {
          "id": "sol_a_bot",
          "dir": 1
        },
        {
          "id": "bot_a",
          "dir": -1
        },
        {
          "id": "e_L",
          "dir": 1
        }
      ]
    }
  }
}