{
  "metadata": {
    "id": "final_boss_227",
    "axes": {
      "c_max": 100,
      "t_max": 1200
    }
  },
  "nodes": {
    "tmA": {
      "c": 0,
      "t": 1100
    },
    "tmB": {
      "c": 100,
      "t": 1018
    },
    "e1_a": {
      "c": 11.798477223799463,
      "t": 876.4786395811179
    },
    "e1_l": {
      "c": 31.313557491352526,
      "t": 876.4786395811179
    },
    "e1_b": {
      "c": 40.432523444955656,
      "t": 876.4786395811179
    },
    "eu_b": {
      "c": 36.71128177794941,
      "t": 514.7627337415249
    },
    "eu_a": {
      "c": 6.55651717336988,
      "t": 514.7627337415249
    },
    "eu_g": {
      "c": 46.330053239197014,
      "t": 514.7627337415249
    },
    "im_t": {
      "c": 73.26659355434363,
      "t": 1130.9812182891035
    },
    "im_b": {
      "c": 73.26659355434363,
      "t": 0
    },
    "p_im": {
      "c": 73.26659355434363,
      "t": 1054.278888371915
    },
    "p_l": {
      "c": 87.58685385282628,
      "t": 1054.278888371915
    },
    "p_d": {
      "c": 82.59724655339355,
      "t": 1054.278888371915
    },
    "e2_d": {
      "c": 84.40195250533621,
      "t": 434.62864467824863
    },
    "e2_l": {
      "c": 91.38338019356236,
      "t": 434.62864467824863
    },
    "e2_e": {
      "c": 95.81928831425974,
      "t": 434.62864467824863
    },
    "t_a": {
      "c": 0.6138113243218463,
      "t": 0
    },
    "t_g_l": {
      "c": 45.73791376271549,
      "t": 0
    },
    "t_g_r": {
      "c": 61.93402176920472,
      "t": 0
    },
    "t_d": {
      "c": 79.92724587087582,
      "t": 0
    },
    "t_e": {
      "c": 99.04510901484171,
      "t": 0
    }
  },
  "curves": {
    "L_1": {
      "start": "tmA",
      "end": "e1_l",
      "type": "liquidus",
      "power": 0.8
    },
    "L_2": {
      "start": "e1_l",
      "end": "im_t",
      "type": "liquidus",
      "power": 1.2
    },
    "L_3": {
      "start": "im_t",
      "end": "p_l",
      "type": "liquidus",
      "power": 0.9
    },
    "L_4": {
      "start": "p_l",
      "end": "e2_l",
      "type": "liquidus",
      "power": 1.1
    },
    "L_5": {
      "start": "e2_l",
      "end": "tmB",
      "type": "liquidus",
      "power": 0.8
    },
    "S_a": {
      "start": "tmA",
      "end": "e1_a",
      "type": "solidus",
      "power": 1.2
    },
    "S_e": {
      "start": "tmB",
      "end": "e2_e",
      "type": "solidus",
      "power": 1.1
    },
    "sol_a": {
      "start": "e1_a",
      "end": "eu_a",
      "type": "solvus",
      "power": 2.0
    },
    "sol_a_bot": {
      "start": "eu_a",
      "end": "t_a",
      "type": "solvus",
      "power": 1.5
    },
    "sol_e": {
      "start": "e2_e",
      "end": "t_e",
      "type": "solvus",
      "power": 1.8
    },
    "i_e1": {
      "start": "e1_a",
      "end": "e1_b",
      "type": "horizontal"
    },
    "i_eu": {
      "start": "eu_a",
      "end": "eu_g",
      "type": "horizontal"
    },
    "i_p": {
      "start": "p_im",
      "end": "p_l",
      "type": "horizontal"
    },
    "i_e2": {
      "start": "e2_d",
      "end": "e2_e",
      "type": "horizontal"
    },
    "im_vert": {
      "start": "im_t",
      "end": "im_b",
      "type": "vertical"
    }
  },
  "regions": {
    "R_a": {
      "type": "single-phase",
      "phase_name": "\u03b1",
      "label": {
        "text": "\u03b1",
        "c": 4,
        "t": 600
      },
      "bounding_curves": [
        {
          "id": "S_a",
          "dir": 1
        },
        {
          "id": "sol_a",
          "dir": 1
        },
        {
          "id": "sol_a_bot",
          "dir": 1
        },
        {
          "id": "bot_a",
          "dir": -1
        },
        {
          "id": "e_L",
          "dir": 1
        }
      ]
    }
  }
}