{
  "metadata": {
    "id": "final_boss_84",
    "axes": {
      "c_max": 100,
      "t_max": 1200
    }
  },
  "nodes": {
    "tmA": {
      "c": 0,
      "t": 1069
    },
    "tmB": {
      "c": 100,
      "t": 1095
    },
    "e1_a": {
      "c": 18.79267475186802,
      "t": 848.617700606822
    },
    "e1_l": {
      "c": 33.315482568451415,
      "t": 848.617700606822
    },
    "e1_b": {
      "c": 42.75780826738679,
      "t": 848.617700606822
    },
    "eu_b": {
      "c": 36.97610209993093,
      "t": 609.9375252205824
    },
    "eu_a": {
      "c": 4.7152058406933115,
      "t": 609.9375252205824
    },
    "eu_g": {
      "c": 47.198719558800654,
      "t": 609.9375252205824
    },
    "im_t": {
      "c": 72.37129561100326,
      "t": 1166.9039131772856
    },
    "im_b": {
      "c": 72.37129561100326,
      "t": 0
    },
    "p_im": {
      "c": 72.37129561100326,
      "t": 950.4398261710253
    },
    "p_l": {
      "c": 83.17615483408133,
      "t": 950.4398261710253
    },
    "p_d": {
      "c": 78.44035320040867,
      "t": 950.4398261710253
    },
    "e2_d": {
      "c": 79.43650607660395,
      "t": 534.8044065321656
    },
    "e2_l": {
      "c": 84.56279972415636,
      "t": 534.8044065321656
    },
    "e2_e": {
      "c": 90.17404830795586,
      "t": 534.8044065321656
    },
    "t_a": {
      "c": 3.249359134354314,
      "t": 0
    },
    "t_g_l": {
      "c": 47.01696908814856,
      "t": 0
    },
    "t_g_r": {
      "c": 53.36736816422332,
      "t": 0
    },
    "t_d": {
      "c": 76.42376399611945,
      "t": 0
    },
    "t_e": {
      "c": 97.46057630316248,
      "t": 0
    }
  },
  "curves": {
    "L_1": {
      "start": "tmA",
      "end": "e1_l",
      "type": "liquidus",
      "power": 0.8
    },
    "L_2": {
      "start": "e1_l",
      "end": "im_t",
      "type": "liquidus",
      "power": 1.2
    },
    "L_3": {
      "start": "im_t",
      "end": "p_l",
      "type": "liquidus",
      "power": 0.9
    },
    "L_4": {
      "start": "p_l",
      "end": "e2_l",
      "type": "liquidus",
      "power": 1.1
    },
    "L_5": {
      "start": "e2_l",
      "end": "tmB",
      "type": "liquidus",
      "power": 0.8
    },
    "S_a": {
      "start": "tmA",
      "end": "e1_a",
      "type": "solidus",
      "power": 1.2
    },
    "S_e": {
      "start": "tmB",
      "end": "e2_e",
      "type": "solidus",
      "power": 1.1
    },
    "sol_a": {
      "start": "e1_a",
      "end": "eu_a",
      "type": "solvus",
      "power": 2.0
    },
    "sol_a_bot": {
      "start": "eu_a",
      "end": "t_a",
      "type": "solvus",
      "power": 1.5
    },
    "sol_e": {
      "start": "e2_e",
      "end": "t_e",
      "type": "solvus",
      "power": 1.8
    },
    "i_e1": {
      "start": "e1_a",
      "end": "e1_b",
      "type": "horizontal"
    },
    "i_eu": {
      "start": "eu_a",
      "end": "eu_g",
      "type": "horizontal"
    },
    "i_p": {
      "start": "p_im",
      "end": "p_l",
      "type": "horizontal"
    },
    "i_e2": {
      "start": "e2_d",
      "end": "e2_e",
      "type": "horizontal"
    },
    "im_vert": {
      "start": "im_t",
      "end": "im_b",
      "type": "vertical"
    }
  },
  "regions": {
    "R_a": {
      "type": "single-phase",
      "phase_name": "\u03b1",
      "label": {
        "text": "\u03b1",
        "c": 4,
        "t": 600
      },
      "bounding_curves": [
        {
          "id": "S_a",
          "dir": 1
        },
        {
          "id": "sol_a",
          "dir": 1
        },
        {
          "id": "sol_a_bot",
          "dir": 1
        },
        {
          "id": "bot_a",
          "dir": -1
        },
        {
          "id": "e_L",
          "dir": 1
        }
      ]
    }
  }
}