{
  "metadata": {
    "id": "final_boss_285",
    "axes": {
      "c_max": 100,
      "t_max": 1200
    }
  },
  "nodes": {
    "tmA": {
      "c": 0,
      "t": 1142
    },
    "tmB": {
      "c": 100,
      "t": 1095
    },
    "e1_a": {
      "c": 13.58506690268566,
      "t": 838.648226066889
    },
    "e1_l": {
      "c": 27.773496846771458,
      "t": 838.648226066889
    },
    "e1_b": {
      "c": 41.171757391343334,
      "t": 838.648226066889
    },
    "eu_b": {
      "c": 32.0237952333179,
      "t": 621.8207804317632
    },
    "eu_a": {
      "c": 7.093255254860356,
      "t": 621.8207804317632
    },
    "eu_g": {
      "c": 42.39515671064568,
      "t": 621.8207804317632
    },
    "im_t": {
      "c": 69.20979827001648,
      "t": 1094.844160240088
    },
    "im_b": {
      "c": 69.20979827001648,
      "t": 0
    },
    "p_im": {
      "c": 69.20979827001648,
      "t": 913.4476757708609
    },
    "p_l": {
      "c": 79.98038616658481,
      "t": 913.4476757708609
    },
    "p_d": {
      "c": 73.96892728957722,
      "t": 913.4476757708609
    },
    "e2_d": {
      "c": 75.97444976134831,
      "t": 776.534784287989
    },
    "e2_l": {
      "c": 83.23623402741552,
      "t": 776.534784287989
    },
    "e2_e": {
      "c": 94.01402211838773,
      "t": 776.534784287989
    },
    "t_a": {
      "c": 1.5568105014501987,
      "t": 0
    },
    "t_g_l": {
      "c": 40.77127883557034,
      "t": 0
    },
    "t_g_r": {
      "c": 42.708825198672756,
      "t": 0
    },
    "t_d": {
      "c": 74.68421404388339,
      "t": 0
    },
    "t_e": {
      "c": 97.48605233336458,
      "t": 0
    }
  },
  "curves": {
    "L_1": {
      "start": "tmA",
      "end": "e1_l",
      "type": "liquidus",
      "power": 0.8
    },
    "L_2": {
      "start": "e1_l",
      "end": "im_t",
      "type": "liquidus",
      "power": 1.2
    },
    "L_3": {
      "start": "im_t",
      "end": "p_l",
      "type": "liquidus",
      "power": 0.9
    },
    "L_4": {
      "start": "p_l",
      "end": "e2_l",
      "type": "liquidus",
      "power": 1.1
    },
    "L_5": {
      "start": "e2_l",
      "end": "tmB",
      "type": "liquidus",
      "power": 0.8
    },
    "S_a": {
      "start": "tmA",
      "end": "e1_a",
      "type": "solidus",
      "power": 1.2
    },
    "S_e": {
      "start": "tmB",
      "end": "e2_e",
      "type": "solidus",
      "power": 1.1
    },
    "sol_a": {
      "start": "e1_a",
      "end": "eu_a",
      "type": "solvus",
      "power": 2.0
    },
    "sol_a_bot": {
      "start": "eu_a",
      "end": "t_a",
      "type": "solvus",
      "power": 1.5
    },
    "sol_e": {
      "start": "e2_e",
      "end": "t_e",
      "type": "solvus",
      "power": 1.8
    },
    "i_e1": {
      "start": "e1_a",
      "end": "e1_b",
      "type": "horizontal"
    },
    "i_eu": {
      "start": "eu_a",
      "end": "eu_g",
      "type": "horizontal"
    },
    "i_p": {
      "start": "p_im",
      "end": "p_l",
      "type": "horizontal"
    },
    "i_e2": {
      "start": "e2_d",
      "end": "e2_e",
      "type": "horizontal"
    },
    "im_vert": {
      "start": "im_t",
      "end": "im_b",
      "type": "vertical"
    }
  },
  "regions": {
    "R_a": {
      "type": "single-phase",
      "phase_name": "\u03b1",
      "label": {
        "text": "\u03b1",
        "c": 4,
        "t": 600
      },
      "bounding_curves": [
        {
          "id": "S_a",
          "dir": 1
        },
        {
          "id": "sol_a",
          "dir": 1
        },
        {
          "id": "sol_a_bot",
          "dir": 1
        },
        {
          "id": "bot_a",
          "dir": -1
        },
        {
          "id": "e_L",
          "dir": 1
        }
      ]
    }
  }
}