{
  "metadata": {
    "id": "final_boss_102",
    "axes": {
      "c_max": 100,
      "t_max": 1200
    }
  },
  "nodes": {
    "tmA": {
      "c": 0,
      "t": 1061
    },
    "tmB": {
      "c": 100,
      "t": 1139
    },
    "e1_a": {
      "c": 9.21029333363089,
      "t": 900.2407600389932
    },
    "e1_l": {
      "c": 19.0141999024082,
      "t": 900.2407600389932
    },
    "e1_b": {
      "c": 30.311725118894937,
      "t": 900.2407600389932
    },
    "eu_b": {
      "c": 21.15465402247708,
      "t": 515.3444497401812
    },
    "eu_a": {
      "c": 5.077748981941574,
      "t": 515.3444497401812
    },
    "eu_g": {
      "c": 32.41665927159874,
      "t": 515.3444497401812
    },
    "im_t": {
      "c": 73.62823926862295,
      "t": 1004.4047559518051
    },
    "im_b": {
      "c": 73.62823926862295,
      "t": 0
    },
    "p_im": {
      "c": 73.62823926862295,
      "t": 913.251084430193
    },
    "p_l": {
      "c": 84.5993665371149,
      "t": 913.251084430193
    },
    "p_d": {
      "c": 76.82508750021269,
      "t": 913.251084430193
    },
    "e2_d": {
      "c": 79.98819793004024,
      "t": 803.088637952836
    },
    "e2_l": {
      "c": 87.80713766256392,
      "t": 803.088637952836
    },
    "e2_e": {
      "c": 95.87462721010624,
      "t": 803.088637952836
    },
    "t_a": {
      "c": 3.4563796046818944,
      "t": 0
    },
    "t_g_l": {
      "c": 32.11193548592411,
      "t": 0
    },
    "t_g_r": {
      "c": 36.81047522475279,
      "t": 0
    },
    "t_d": {
      "c": 79.18341407485063,
      "t": 0
    },
    "t_e": {
      "c": 97.33378960300985,
      "t": 0
    }
  },
  "curves": {
    "L_1": {
      "start": "tmA",
      "end": "e1_l",
      "type": "liquidus",
      "power": 0.8
    },
    "L_2": {
      "start": "e1_l",
      "end": "im_t",
      "type": "liquidus",
      "power": 1.2
    },
    "L_3": {
      "start": "im_t",
      "end": "p_l",
      "type": "liquidus",
      "power": 0.9
    },
    "L_4": {
      "start": "p_l",
      "end": "e2_l",
      "type": "liquidus",
      "power": 1.1
    },
    "L_5": {
      "start": "e2_l",
      "end": "tmB",
      "type": "liquidus",
      "power": 0.8
    },
    "S_a": {
      "start": "tmA",
      "end": "e1_a",
      "type": "solidus",
      "power": 1.2
    },
    "S_e": {
      "start": "tmB",
      "end": "e2_e",
      "type": "solidus",
      "power": 1.1
    },
    "sol_a": {
      "start": "e1_a",
      "end": "eu_a",
      "type": "solvus",
      "power": 2.0
    },
    "sol_a_bot": {
      "start": "eu_a",
      "end": "t_a",
      "type": "solvus",
      "power": 1.5
    },
    "sol_e": {
      "start": "e2_e",
      "end": "t_e",
      "type": "solvus",
      "power": 1.8
    },
    "i_e1": {
      "start": "e1_a",
      "end": "e1_b",
      "type": "horizontal"
    },
    "i_eu": {
      "start": "eu_a",
      "end": "eu_g",
      "type": "horizontal"
    },
    "i_p": {
      "start": "p_im",
      "end": "p_l",
      "type": "horizontal"
    },
    "i_e2": {
      "start": "e2_d",
      "end": "e2_e",
      "type": "horizontal"
    },
    "im_vert": {
      "start": "im_t",
      "end": "im_b",
      "type": "vertical"
    }
  },
  "regions": {
    "R_a": {
      "type": "single-phase",
      "phase_name": "\u03b1",
      "label": {
        "text": "\u03b1",
        "c": 4,
        "t": 600
      },
      "bounding_curves": [
        {
          "id": "S_a",
          "dir": 1
        },
        {
          "id": "sol_a",
          "dir": 1
        },
        {
          "id": "sol_a_bot",
          "dir": 1
        },
        {
          "id": "bot_a",
          "dir": -1
        },
        {
          "id": "e_L",
          "dir": 1
        }
      ]
    }
  }
}