{
  "metadata": {
    "id": "final_boss_350",
    "axes": {
      "c_max": 100,
      "t_max": 1200
    }
  },
  "nodes": {
    "tmA": {
      "c": 0,
      "t": 1111
    },
    "tmB": {
      "c": 100,
      "t": 1038
    },
    "e1_a": {
      "c": 8.4604098865413,
      "t": 846.6369677928723
    },
    "e1_l": {
      "c": 25.250853353919176,
      "t": 846.6369677928723
    },
    "e1_b": {
      "c": 39.73410622536083,
      "t": 846.6369677928723
    },
    "eu_b": {
      "c": 36.358614367458095,
      "t": 702.1415433309785
    },
    "eu_a": {
      "c": 6.09010635912031,
      "t": 702.1415433309785
    },
    "eu_g": {
      "c": 49.36605020400417,
      "t": 702.1415433309785
    },
    "im_t": {
      "c": 65.18679495462867,
      "t": 1005.9835662648493
    },
    "im_b": {
      "c": 65.18679495462867,
      "t": 0
    },
    "p_im": {
      "c": 65.18679495462867,
      "t": 901.6643908694098
    },
    "p_l": {
      "c": 82.2353750027014,
      "t": 901.6643908694098
    },
    "p_d": {
      "c": 75.56894211983744,
      "t": 901.6643908694098
    },
    "e2_d": {
      "c": 77.94848679832148,
      "t": 616.6792707850979
    },
    "e2_l": {
      "c": 83.12159802867525,
      "t": 616.6792707850979
    },
    "e2_e": {
      "c": 92.7274693306575,
      "t": 616.6792707850979
    },
    "t_a": {
      "c": 0.17957949246231059,
      "t": 0
    },
    "t_g_l": {
      "c": 46.6787412460143,
      "t": 0
    },
    "t_g_r": {
      "c": 53.80031347666038,
      "t": 0
    },
    "t_d": {
      "c": 73.17587817492402,
      "t": 0
    },
    "t_e": {
      "c": 97.25890403952837,
      "t": 0
    }
  },
  "curves": {
    "L_1": {
      "start": "tmA",
      "end": "e1_l",
      "type": "liquidus",
      "power": 0.8
    },
    "L_2": {
      "start": "e1_l",
      "end": "im_t",
      "type": "liquidus",
      "power": 1.2
    },
    "L_3": {
      "start": "im_t",
      "end": "p_l",
      "type": "liquidus",
      "power": 0.9
    },
    "L_4": {
      "start": "p_l",
      "end": "e2_l",
      "type": "liquidus",
      "power": 1.1
    },
    "L_5": {
      "start": "e2_l",
      "end": "tmB",
      "type": "liquidus",
      "power": 0.8
    },
    "S_a": {
      "start": "tmA",
      "end": "e1_a",
      "type": "solidus",
      "power": 1.2
    },
    "S_e": {
      "start": "tmB",
      "end": "e2_e",
      "type": "solidus",
      "power": 1.1
    },
    "sol_a": {
      "start": "e1_a",
      "end": "eu_a",
      "type": "solvus",
      "power": 2.0
    },
    "sol_a_bot": {
      "start": "eu_a",
      "end": "t_a",
      "type": "solvus",
      "power": 1.5
    },
    "sol_e": {
      "start": "e2_e",
      "end": "t_e",
      "type": "solvus",
      "power": 1.8
    },
    "i_e1": {
      "start": "e1_a",
      "end": "e1_b",
      "type": "horizontal"
    },
    "i_eu": {
      "start": "eu_a",
      "end": "eu_g",
      "type": "horizontal"
    },
    "i_p": {
      "start": "p_im",
      "end": "p_l",
      "type": "horizontal"
    },
    "i_e2": {
      "start": "e2_d",
      "end": "e2_e",
      "type": "horizontal"
    },
    "im_vert": {
      "start": "im_t",
      "end": "im_b",
      "type": "vertical"
    }
  },
  "regions": {
    "R_a": {
      "type": "single-phase",
      "phase_name": "\u03b1",
      "label": {
        "text": "\u03b1",
        "c": 4,
        "t": 600
      },
      "bounding_curves": [
        {
          "id": "S_a",
          "dir": 1
        },
        {
          "id": "sol_a",
          "dir": 1
        },
        {
          "id": "sol_a_bot",
          "dir": 1
        },
        {
          "id": "bot_a",
          "dir": -1
        },
        {
          "id": "e_L",
          "dir": 1
        }
      ]
    }
  }
}