{
  "metadata": {
    "id": "final_boss_261",
    "axes": {
      "c_max": 100,
      "t_max": 1200
    }
  },
  "nodes": {
    "tmA": {
      "c": 0,
      "t": 1108
    },
    "tmB": {
      "c": 100,
      "t": 1053
    },
    "e1_a": {
      "c": 9.84970609239236,
      "t": 946.3293336139889
    },
    "e1_l": {
      "c": 25.65090198585208,
      "t": 946.3293336139889
    },
    "e1_b": {
      "c": 38.233572404582624,
      "t": 946.3293336139889
    },
    "eu_b": {
      "c": 34.151858298654,
      "t": 727.2652124859561
    },
    "eu_a": {
      "c": 6.688559506441339,
      "t": 727.2652124859561
    },
    "eu_g": {
      "c": 42.48366139798523,
      "t": 727.2652124859561
    },
    "im_t": {
      "c": 64.33307207722281,
      "t": 989.9577489623317
    },
    "im_b": {
      "c": 64.33307207722281,
      "t": 0
    },
    "p_im": {
      "c": 64.33307207722281,
      "t": 821.4906188832083
    },
    "p_l": {
      "c": 76.0884170385231,
      "t": 821.4906188832083
    },
    "p_d": {
      "c": 68.95380890455391,
      "t": 821.4906188832083
    },
    "e2_d": {
      "c": 71.66563156682268,
      "t": 650.6360858461592
    },
    "e2_l": {
      "c": 79.58006363301006,
      "t": 650.6360858461592
    },
    "e2_e": {
      "c": 86.14223034264083,
      "t": 650.6360858461592
    },
    "t_a": {
      "c": 4.045481313968204,
      "t": 0
    },
    "t_g_l": {
      "c": 40.19463877612547,
      "t": 0
    },
    "t_g_r": {
      "c": 55.86726588486174,
      "t": 0
    },
    "t_d": {
      "c": 68.3778286837196,
      "t": 0
    },
    "t_e": {
      "c": 95.98196354288925,
      "t": 0
    }
  },
  "curves": {
    "L_1": {
      "start": "tmA",
      "end": "e1_l",
      "type": "liquidus",
      "power": 0.8
    },
    "L_2": {
      "start": "e1_l",
      "end": "im_t",
      "type": "liquidus",
      "power": 1.2
    },
    "L_3": {
      "start": "im_t",
      "end": "p_l",
      "type": "liquidus",
      "power": 0.9
    },
    "L_4": {
      "start": "p_l",
      "end": "e2_l",
      "type": "liquidus",
      "power": 1.1
    },
    "L_5": {
      "start": "e2_l",
      "end": "tmB",
      "type": "liquidus",
      "power": 0.8
    },
    "S_a": {
      "start": "tmA",
      "end": "e1_a",
      "type": "solidus",
      "power": 1.2
    },
    "S_e": {
      "start": "tmB",
      "end": "e2_e",
      "type": "solidus",
      "power": 1.1
    },
    "sol_a": {
      "start": "e1_a",
      "end": "eu_a",
      "type": "solvus",
      "power": 2.0
    },
    "sol_a_bot": {
      "start": "eu_a",
      "end": "t_a",
      "type": "solvus",
      "power": 1.5
    },
    "sol_e": {
      "start": "e2_e",
      "end": "t_e",
      "type": "solvus",
      "power": 1.8
    },
    "i_e1": {
      "start": "e1_a",
      "end": "e1_b",
      "type": "horizontal"
    },
    "i_eu": {
      "start": "eu_a",
      "end": "eu_g",
      "type": "horizontal"
    },
    "i_p": {
      "start": "p_im",
      "end": "p_l",
      "type": "horizontal"
    },
    "i_e2": {
      "start": "e2_d",
      "end": "e2_e",
      "type": "horizontal"
    },
    "im_vert": {
      "start": "im_t",
      "end": "im_b",
      "type": "vertical"
    }
  },
  "regions": {
    "R_a": {
      "type": "single-phase",
      "phase_name": "\u03b1",
      "label": {
        "text": "\u03b1",
        "c": 4,
        "t": 600
      },
      "bounding_curves": [
        {
          "id": "S_a",
          "dir": 1
        },
        {
          "id": "sol_a",
          "dir": 1
        },
        {
          "id": "sol_a_bot",
          "dir": 1
        },
        {
          "id": "bot_a",
          "dir": -1
        },
        {
          "id": "e_L",
          "dir": 1
        }
      ]
    }
  }
}