{
  "metadata": {
    "id": "final_boss_149",
    "axes": {
      "c_max": 100,
      "t_max": 1200
    }
  },
  "nodes": {
    "tmA": {
      "c": 0,
      "t": 1079
    },
    "tmB": {
      "c": 100,
      "t": 1072
    },
    "e1_a": {
      "c": 18.846230817833934,
      "t": 847.7031960207939
    },
    "e1_l": {
      "c": 27.857100500152633,
      "t": 847.7031960207939
    },
    "e1_b": {
      "c": 38.730915943916216,
      "t": 847.7031960207939
    },
    "eu_b": {
      "c": 34.306694265979836,
      "t": 572.8943157960331
    },
    "eu_a": {
      "c": 6.058573255204282,
      "t": 572.8943157960331
    },
    "eu_g": {
      "c": 48.05368059512275,
      "t": 572.8943157960331
    },
    "im_t": {
      "c": 61.332806062934196,
      "t": 1071.1250141271594
    },
    "im_b": {
      "c": 61.332806062934196,
      "t": 0
    },
    "p_im": {
      "c": 61.332806062934196,
      "t": 824.7711145247757
    },
    "p_l": {
      "c": 74.26198256889934,
      "t": 824.7711145247757
    },
    "p_d": {
      "c": 66.96349040258434,
      "t": 824.7711145247757
    },
    "e2_d": {
      "c": 70.08128289097668,
      "t": 652.819801974553
    },
    "e2_l": {
      "c": 76.85407116277875,
      "t": 652.819801974553
    },
    "e2_e": {
      "c": 94.95019677964154,
      "t": 652.819801974553
    },
    "t_a": {
      "c": 1.269326735380096,
      "t": 0
    },
    "t_g_l": {
      "c": 46.18264000789244,
      "t": 0
    },
    "t_g_r": {
      "c": 58.09376461044016,
      "t": 0
    },
    "t_d": {
      "c": 67.82544776710863,
      "t": 0
    },
    "t_e": {
      "c": 99.92654425080005,
      "t": 0
    }
  },
  "curves": {
    "L_1": {
      "start": "tmA",
      "end": "e1_l",
      "type": "liquidus",
      "power": 0.8
    },
    "L_2": {
      "start": "e1_l",
      "end": "im_t",
      "type": "liquidus",
      "power": 1.2
    },
    "L_3": {
      "start": "im_t",
      "end": "p_l",
      "type": "liquidus",
      "power": 0.9
    },
    "L_4": {
      "start": "p_l",
      "end": "e2_l",
      "type": "liquidus",
      "power": 1.1
    },
    "L_5": {
      "start": "e2_l",
      "end": "tmB",
      "type": "liquidus",
      "power": 0.8
    },
    "S_a": {
      "start": "tmA",
      "end": "e1_a",
      "type": "solidus",
      "power": 1.2
    },
    "S_e": {
      "start": "tmB",
      "end": "e2_e",
      "type": "solidus",
      "power": 1.1
    },
    "sol_a": {
      "start": "e1_a",
      "end": "eu_a",
      "type": "solvus",
      "power": 2.0
    },
    "sol_a_bot": {
      "start": "eu_a",
      "end": "t_a",
      "type": "solvus",
      "power": 1.5
    },
    "sol_e": {
      "start": "e2_e",
      "end": "t_e",
      "type": "solvus",
      "power": 1.8
    },
    "i_e1": {
      "start": "e1_a",
      "end": "e1_b",
      "type": "horizontal"
    },
    "i_eu": {
      "start": "eu_a",
      "end": "eu_g",
      "type": "horizontal"
    },
    "i_p": {
      "start": "p_im",
      "end": "p_l",
      "type": "horizontal"
    },
    "i_e2": {
      "start": "e2_d",
      "end": "e2_e",
      "type": "horizontal"
    },
    "im_vert": {
      "start": "im_t",
      "end": "im_b",
      "type": "vertical"
    }
  },
  "regions": {
    "R_a": {
      "type": "single-phase",
      "phase_name": "\u03b1",
      "label": {
        "text": "\u03b1",
        "c": 4,
        "t": 600
      },
      "bounding_curves": [
        {
          "id": "S_a",
          "dir": 1
        },
        {
          "id": "sol_a",
          "dir": 1
        },
        {
          "id": "sol_a_bot",
          "dir": 1
        },
        {
          "id": "bot_a",
          "dir": -1
        },
        {
          "id": "e_L",
          "dir": 1
        }
      ]
    }
  }
}