{
  "metadata": {
    "id": "final_boss_3",
    "axes": {
      "c_max": 100,
      "t_max": 1200
    }
  },
  "nodes": {
    "tmA": {
      "c": 0,
      "t": 1113
    },
    "tmB": {
      "c": 100,
      "t": 1034
    },
    "e1_a": {
      "c": 16.2335586917911,
      "t": 875.2467910668316
    },
    "e1_l": {
      "c": 30.355966689770735,
      "t": 875.2467910668316
    },
    "e1_b": {
      "c": 42.66814266420323,
      "t": 875.2467910668316
    },
    "eu_b": {
      "c": 39.613527212719546,
      "t": 753.6178504746929
    },
    "eu_a": {
      "c": 13.395026469553269,
      "t": 753.6178504746929
    },
    "eu_g": {
      "c": 47.09617589367178,
      "t": 753.6178504746929
    },
    "im_t": {
      "c": 70.21250798341805,
      "t": 1178.0494214178357
    },
    "im_b": {
      "c": 70.21250798341805,
      "t": 0
    },
    "p_im": {
      "c": 70.21250798341805,
      "t": 1043.1052978518696
    },
    "p_l": {
      "c": 85.59586806653496,
      "t": 1043.1052978518696
    },
    "p_d": {
      "c": 82.54390018135831,
      "t": 1043.1052978518696
    },
    "e2_d": {
      "c": 83.14130268218791,
      "t": 711.824362776937
    },
    "e2_l": {
      "c": 89.53249485495186,
      "t": 711.824362776937
    },
    "e2_e": {
      "c": 93.86774158897971,
      "t": 711.824362776937
    },
    "t_a": {
      "c": 0.43903999415361494,
      "t": 0
    },
    "t_g_l": {
      "c": 46.03233492025764,
      "t": 0
    },
    "t_g_r": {
      "c": 63.65140072347966,
      "t": 0
    },
    "t_d": {
      "c": 79.95638368074945,
      "t": 0
    },
    "t_e": {
      "c": 98.44706874667294,
      "t": 0
    }
  },
  "curves": {
    "L_1": {
      "start": "tmA",
      "end": "e1_l",
      "type": "liquidus",
      "power": 0.8
    },
    "L_2": {
      "start": "e1_l",
      "end": "im_t",
      "type": "liquidus",
      "power": 1.2
    },
    "L_3": {
      "start": "im_t",
      "end": "p_l",
      "type": "liquidus",
      "power": 0.9
    },
    "L_4": {
      "start": "p_l",
      "end": "e2_l",
      "type": "liquidus",
      "power": 1.1
    },
    "L_5": {
      "start": "e2_l",
      "end": "tmB",
      "type": "liquidus",
      "power": 0.8
    },
    "S_a": {
      "start": "tmA",
      "end": "e1_a",
      "type": "solidus",
      "power": 1.2
    },
    "S_e": {
      "start": "tmB",
      "end": "e2_e",
      "type": "solidus",
      "power": 1.1
    },
    "sol_a": {
      "start": "e1_a",
      "end": "eu_a",
      "type": "solvus",
      "power": 2.0
    },
    "sol_a_bot": {
      "start": "eu_a",
      "end": "t_a",
      "type": "solvus",
      "power": 1.5
    },
    "sol_e": {
      "start": "e2_e",
      "end": "t_e",
      "type": "solvus",
      "power": 1.8
    },
    "i_e1": {
      "start": "e1_a",
      "end": "e1_b",
      "type": "horizontal"
    },
    "i_eu": {
      "start": "eu_a",
      "end": "eu_g",
      "type": "horizontal"
    },
    "i_p": {
      "start": "p_im",
      "end": "p_l",
      "type": "horizontal"
    },
    "i_e2": {
      "start": "e2_d",
      "end": "e2_e",
      "type": "horizontal"
    },
    "im_vert": {
      "start": "im_t",
      "end": "im_b",
      "type": "vertical"
    }
  },
  "regions": {
    "R_a": {
      "type": "single-phase",
      "phase_name": "\u03b1",
      "label": {
        "text": "\u03b1",
        "c": 4,
        "t": 600
      },
      "bounding_curves": [
        {
          "id": "S_a",
          "dir": 1
        },
        {
          "id": "sol_a",
          "dir": 1
        },
        {
          "id": "sol_a_bot",
          "dir": 1
        },
        {
          "id": "bot_a",
          "dir": -1
        },
        {
          "id": "e_L",
          "dir": 1
        }
      ]
    }
  }
}