{
  "metadata": {
    "id": "final_boss_144",
    "axes": {
      "c_max": 100,
      "t_max": 1200
    }
  },
  "nodes": {
    "tmA": {
      "c": 0,
      "t": 1090
    },
    "tmB": {
      "c": 100,
      "t": 1071
    },
    "e1_a": {
      "c": 12.449911554123599,
      "t": 928.0785190689744
    },
    "e1_l": {
      "c": 22.939784621996644,
      "t": 928.0785190689744
    },
    "e1_b": {
      "c": 33.7199800348479,
      "t": 928.0785190689744
    },
    "eu_b": {
      "c": 29.753769443648192,
      "t": 783.1748922083805
    },
    "eu_a": {
      "c": 6.652410933511151,
      "t": 783.1748922083805
    },
    "eu_g": {
      "c": 43.89911735171019,
      "t": 783.1748922083805
    },
    "im_t": {
      "c": 57.92124707123046,
      "t": 971.3654563069749
    },
    "im_b": {
      "c": 57.92124707123046,
      "t": 0
    },
    "p_im": {
      "c": 57.92124707123046,
      "t": 864.1806337207165
    },
    "p_l": {
      "c": 82.27920707088583,
      "t": 864.1806337207165
    },
    "p_d": {
      "c": 76.5606723619581,
      "t": 864.1806337207165
    },
    "e2_d": {
      "c": 78.55116020918703,
      "t": 566.8498738934856
    },
    "e2_l": {
      "c": 83.61394787958147,
      "t": 566.8498738934856
    },
    "e2_e": {
      "c": 95.20191296828561,
      "t": 566.8498738934856
    },
    "t_a": {
      "c": 3.413410975656072,
      "t": 0
    },
    "t_g_l": {
      "c": 41.80954302123197,
      "t": 0
    },
    "t_g_r": {
      "c": 54.69263844932893,
      "t": 0
    },
    "t_d": {
      "c": 72.53316843085506,
      "t": 0
    },
    "t_e": {
      "c": 99.39098563137131,
      "t": 0
    }
  },
  "curves": {
    "L_1": {
      "start": "tmA",
      "end": "e1_l",
      "type": "liquidus",
      "power": 0.8
    },
    "L_2": {
      "start": "e1_l",
      "end": "im_t",
      "type": "liquidus",
      "power": 1.2
    },
    "L_3": {
      "start": "im_t",
      "end": "p_l",
      "type": "liquidus",
      "power": 0.9
    },
    "L_4": {
      "start": "p_l",
      "end": "e2_l",
      "type": "liquidus",
      "power": 1.1
    },
    "L_5": {
      "start": "e2_l",
      "end": "tmB",
      "type": "liquidus",
      "power": 0.8
    },
    "S_a": {
      "start": "tmA",
      "end": "e1_a",
      "type": "solidus",
      "power": 1.2
    },
    "S_e": {
      "start": "tmB",
      "end": "e2_e",
      "type": "solidus",
      "power": 1.1
    },
    "sol_a": {
      "start": "e1_a",
      "end": "eu_a",
      "type": "solvus",
      "power": 2.0
    },
    "sol_a_bot": {
      "start": "eu_a",
      "end": "t_a",
      "type": "solvus",
      "power": 1.5
    },
    "sol_e": {
      "start": "e2_e",
      "end": "t_e",
      "type": "solvus",
      "power": 1.8
    },
    "i_e1": {
      "start": "e1_a",
      "end": "e1_b",
      "type": "horizontal"
    },
    "i_eu": {
      "start": "eu_a",
      "end": "eu_g",
      "type": "horizontal"
    },
    "i_p": {
      "start": "p_im",
      "end": "p_l",
      "type": "horizontal"
    },
    "i_e2": {
      "start": "e2_d",
      "end": "e2_e",
      "type": "horizontal"
    },
    "im_vert": {
      "start": "im_t",
      "end": "im_b",
      "type": "vertical"
    }
  },
  "regions": {
    "R_a": {
      "type": "single-phase",
      "phase_name": "\u03b1",
      "label": {
        "text": "\u03b1",
        "c": 4,
        "t": 600
      },
      "bounding_curves": [
        {
          "id": "S_a",
          "dir": 1
        },
        {
          "id": "sol_a",
          "dir": 1
        },
        {
          "id": "sol_a_bot",
          "dir": 1
        },
        {
          "id": "bot_a",
          "dir": -1
        },
        {
          "id": "e_L",
          "dir": 1
        }
      ]
    }
  }
}