{
  "metadata": {
    "id": "final_boss_211",
    "axes": {
      "c_max": 100,
      "t_max": 1200
    }
  },
  "nodes": {
    "tmA": {
      "c": 0,
      "t": 1097
    },
    "tmB": {
      "c": 100,
      "t": 1024
    },
    "e1_a": {
      "c": 19.094113699345645,
      "t": 850.0337555243144
    },
    "e1_l": {
      "c": 34.136731571783045,
      "t": 850.0337555243144
    },
    "e1_b": {
      "c": 46.011105452676375,
      "t": 850.0337555243144
    },
    "eu_b": {
      "c": 39.298663924630546,
      "t": 681.8016508608945
    },
    "eu_a": {
      "c": 9.890584867240037,
      "t": 681.8016508608945
    },
    "eu_g": {
      "c": 51.95562958294157,
      "t": 681.8016508608945
    },
    "im_t": {
      "c": 74.01863064894701,
      "t": 983.9908781585726
    },
    "im_b": {
      "c": 74.01863064894701,
      "t": 0
    },
    "p_im": {
      "c": 74.01863064894701,
      "t": 768.6608282751449
    },
    "p_l": {
      "c": 87.83776312347364,
      "t": 768.6608282751449
    },
    "p_d": {
      "c": 79.40109654723611,
      "t": 768.6608282751449
    },
    "e2_d": {
      "c": 82.33930717679877,
      "t": 442.4018011693708
    },
    "e2_l": {
      "c": 91.56127527157557,
      "t": 442.4018011693708
    },
    "e2_e": {
      "c": 95.63549317222234,
      "t": 442.4018011693708
    },
    "t_a": {
      "c": 5.621107858792957,
      "t": 0
    },
    "t_g_l": {
      "c": 49.132901320587656,
      "t": 0
    },
    "t_g_r": {
      "c": 68.10588776314057,
      "t": 0
    },
    "t_d": {
      "c": 79.67494779246134,
      "t": 0
    },
    "t_e": {
      "c": 99.81647036516097,
      "t": 0
    }
  },
  "curves": {
    "L_1": {
      "start": "tmA",
      "end": "e1_l",
      "type": "liquidus",
      "power": 0.8
    },
    "L_2": {
      "start": "e1_l",
      "end": "im_t",
      "type": "liquidus",
      "power": 1.2
    },
    "L_3": {
      "start": "im_t",
      "end": "p_l",
      "type": "liquidus",
      "power": 0.9
    },
    "L_4": {
      "start": "p_l",
      "end": "e2_l",
      "type": "liquidus",
      "power": 1.1
    },
    "L_5": {
      "start": "e2_l",
      "end": "tmB",
      "type": "liquidus",
      "power": 0.8
    },
    "S_a": {
      "start": "tmA",
      "end": "e1_a",
      "type": "solidus",
      "power": 1.2
    },
    "S_e": {
      "start": "tmB",
      "end": "e2_e",
      "type": "solidus",
      "power": 1.1
    },
    "sol_a": {
      "start": "e1_a",
      "end": "eu_a",
      "type": "solvus",
      "power": 2.0
    },
    "sol_a_bot": {
      "start": "eu_a",
      "end": "t_a",
      "type": "solvus",
      "power": 1.5
    },
    "sol_e": {
      "start": "e2_e",
      "end": "t_e",
      "type": "solvus",
      "power": 1.8
    },
    "i_e1": {
      "start": "e1_a",
      "end": "e1_b",
      "type": "horizontal"
    },
    "i_eu": {
      "start": "eu_a",
      "end": "eu_g",
      "type": "horizontal"
    },
    "i_p": {
      "start": "p_im",
      "end": "p_l",
      "type": "horizontal"
    },
    "i_e2": {
      "start": "e2_d",
      "end": "e2_e",
      "type": "horizontal"
    },
    "im_vert": {
      "start": "im_t",
      "end": "im_b",
      "type": "vertical"
    }
  },
  "regions": {
    "R_a": {
      "type": "single-phase",
      "phase_name": "\u03b1",
      "label": {
        "text": "\u03b1",
        "c": 4,
        "t": 600
      },
      "bounding_curves": [
        {
          "id": "S_a",
          "dir": 1
        },
        {
          "id": "sol_a",
          "dir": 1
        },
        {
          "id": "sol_a_bot",
          "dir": 1
        },
        {
          "id": "bot_a",
          "dir": -1
        },
        {
          "id": "e_L",
          "dir": 1
        }
      ]
    }
  }
}