{
  "metadata": {
    "id": "final_boss_238",
    "axes": {
      "c_max": 100,
      "t_max": 1200
    }
  },
  "nodes": {
    "tmA": {
      "c": 0,
      "t": 1053
    },
    "tmB": {
      "c": 100,
      "t": 1080
    },
    "e1_a": {
      "c": 17.40589418618446,
      "t": 868.2559541526164
    },
    "e1_l": {
      "c": 29.593869661293986,
      "t": 868.2559541526164
    },
    "e1_b": {
      "c": 43.61016792313325,
      "t": 868.2559541526164
    },
    "eu_b": {
      "c": 37.76165394904146,
      "t": 544.6464513927706
    },
    "eu_a": {
      "c": 15.01169352021486,
      "t": 544.6464513927706
    },
    "eu_g": {
      "c": 47.23075306351871,
      "t": 544.6464513927706
    },
    "im_t": {
      "c": 74.55220536225902,
      "t": 1063.2197102023429
    },
    "im_b": {
      "c": 74.55220536225902,
      "t": 0
    },
    "p_im": {
      "c": 74.55220536225902,
      "t": 768.0773124704052
    },
    "p_l": {
      "c": 85.8259442332348,
      "t": 768.0773124704052
    },
    "p_d": {
      "c": 81.42564015487103,
      "t": 768.0773124704052
    },
    "e2_d": {
      "c": 83.270013905451,
      "t": 414.6241080566171
    },
    "e2_l": {
      "c": 89.68081080334159,
      "t": 414.6241080566171
    },
    "e2_e": {
      "c": 95.78321971147666,
      "t": 414.6241080566171
    },
    "t_a": {
      "c": 11.001270888778896,
      "t": 0
    },
    "t_g_l": {
      "c": 46.93860697174628,
      "t": 0
    },
    "t_g_r": {
      "c": 73.43905351628491,
      "t": 0
    },
    "t_d": {
      "c": 82.74397129003535,
      "t": 0
    },
    "t_e": {
      "c": 96.88850504835136,
      "t": 0
    }
  },
  "curves": {
    "L_1": {
      "start": "tmA",
      "end": "e1_l",
      "type": "liquidus",
      "power": 0.8
    },
    "L_2": {
      "start": "e1_l",
      "end": "im_t",
      "type": "liquidus",
      "power": 1.2
    },
    "L_3": {
      "start": "im_t",
      "end": "p_l",
      "type": "liquidus",
      "power": 0.9
    },
    "L_4": {
      "start": "p_l",
      "end": "e2_l",
      "type": "liquidus",
      "power": 1.1
    },
    "L_5": {
      "start": "e2_l",
      "end": "tmB",
      "type": "liquidus",
      "power": 0.8
    },
    "S_a": {
      "start": "tmA",
      "end": "e1_a",
      "type": "solidus",
      "power": 1.2
    },
    "S_e": {
      "start": "tmB",
      "end": "e2_e",
      "type": "solidus",
      "power": 1.1
    },
    "sol_a": {
      "start": "e1_a",
      "end": "eu_a",
      "type": "solvus",
      "power": 2.0
    },
    "sol_a_bot": {
      "start": "eu_a",
      "end": "t_a",
      "type": "solvus",
      "power": 1.5
    },
    "sol_e": {
      "start": "e2_e",
      "end": "t_e",
      "type": "solvus",
      "power": 1.8
    },
    "i_e1": {
      "start": "e1_a",
      "end": "e1_b",
      "type": "horizontal"
    },
    "i_eu": {
      "start": "eu_a",
      "end": "eu_g",
      "type": "horizontal"
    },
    "i_p": {
      "start": "p_im",
      "end": "p_l",
      "type": "horizontal"
    },
    "i_e2": {
      "start": "e2_d",
      "end": "e2_e",
      "type": "horizontal"
    },
    "im_vert": {
      "start": "im_t",
      "end": "im_b",
      "type": "vertical"
    }
  },
  "regions": {
    "R_a": {
      "type": "single-phase",
      "phase_name": "\u03b1",
      "label": {
        "text": "\u03b1",
        "c": 4,
        "t": 600
      },
      "bounding_curves": [
        {
          "id": "S_a",
          "dir": 1
        },
        {
          "id": "sol_a",
          "dir": 1
        },
        {
          "id": "sol_a_bot",
          "dir": 1
        },
        {
          "id": "bot_a",
          "dir": -1
        },
        {
          "id": "e_L",
          "dir": 1
        }
      ]
    }
  }
}