{
  "metadata": {
    "id": "final_boss_101",
    "axes": {
      "c_max": 100,
      "t_max": 1200
    }
  },
  "nodes": {
    "tmA": {
      "c": 0,
      "t": 1121
    },
    "tmB": {
      "c": 100,
      "t": 1095
    },
    "e1_a": {
      "c": 9.877741973290664,
      "t": 810.7153661713999
    },
    "e1_l": {
      "c": 24.327047932475978,
      "t": 810.7153661713999
    },
    "e1_b": {
      "c": 32.64030782334223,
      "t": 810.7153661713999
    },
    "eu_b": {
      "c": 29.519678493280065,
      "t": 585.4172160111559
    },
    "eu_a": {
      "c": 6.060990547613589,
      "t": 585.4172160111559
    },
    "eu_g": {
      "c": 34.86861077482402,
      "t": 585.4172160111559
    },
    "im_t": {
      "c": 57.12191825881247,
      "t": 1084.1292659213289
    },
    "im_b": {
      "c": 57.12191825881247,
      "t": 0
    },
    "p_im": {
      "c": 57.12191825881247,
      "t": 814.4456939922638
    },
    "p_l": {
      "c": 86.33079834017128,
      "t": 814.4456939922638
    },
    "p_d": {
      "c": 79.1706525772319,
      "t": 814.4456939922638
    },
    "e2_d": {
      "c": 82.22201295517712,
      "t": 618.0497878384488
    },
    "e2_l": {
      "c": 88.3243430472559,
      "t": 618.0497878384488
    },
    "e2_e": {
      "c": 95.51933541871196,
      "t": 618.0497878384488
    },
    "t_a": {
      "c": 2.546179773378289,
      "t": 0
    },
    "t_g_l": {
      "c": 32.77543947268754,
      "t": 0
    },
    "t_g_r": {
      "c": 52.70030164325568,
      "t": 0
    },
    "t_d": {
      "c": 80.84300366409622,
      "t": 0
    },
    "t_e": {
      "c": 96.84258185395518,
      "t": 0
    }
  },
  "curves": {
    "L_1": {
      "start": "tmA",
      "end": "e1_l",
      "type": "liquidus",
      "power": 0.8
    },
    "L_2": {
      "start": "e1_l",
      "end": "im_t",
      "type": "liquidus",
      "power": 1.2
    },
    "L_3": {
      "start": "im_t",
      "end": "p_l",
      "type": "liquidus",
      "power": 0.9
    },
    "L_4": {
      "start": "p_l",
      "end": "e2_l",
      "type": "liquidus",
      "power": 1.1
    },
    "L_5": {
      "start": "e2_l",
      "end": "tmB",
      "type": "liquidus",
      "power": 0.8
    },
    "S_a": {
      "start": "tmA",
      "end": "e1_a",
      "type": "solidus",
      "power": 1.2
    },
    "S_e": {
      "start": "tmB",
      "end": "e2_e",
      "type": "solidus",
      "power": 1.1
    },
    "sol_a": {
      "start": "e1_a",
      "end": "eu_a",
      "type": "solvus",
      "power": 2.0
    },
    "sol_a_bot": {
      "start": "eu_a",
      "end": "t_a",
      "type": "solvus",
      "power": 1.5
    },
    "sol_e": {
      "start": "e2_e",
      "end": "t_e",
      "type": "solvus",
      "power": 1.8
    },
    "i_e1": {
      "start": "e1_a",
      "end": "e1_b",
      "type": "horizontal"
    },
    "i_eu": {
      "start": "eu_a",
      "end": "eu_g",
      "type": "horizontal"
    },
    "i_p": {
      "start": "p_im",
      "end": "p_l",
      "type": "horizontal"
    },
    "i_e2": {
      "start": "e2_d",
      "end": "e2_e",
      "type": "horizontal"
    },
    "im_vert": {
      "start": "im_t",
      "end": "im_b",
      "type": "vertical"
    }
  },
  "regions": {
    "R_a": {
      "type": "single-phase",
      "phase_name": "\u03b1",
      "label": {
        "text": "\u03b1",
        "c": 4,
        "t": 600
      },
      "bounding_curves": [
        {
          "id": "S_a",
          "dir": 1
        },
        {
          "id": "sol_a",
          "dir": 1
        },
        {
          "id": "sol_a_bot",
          "dir": 1
        },
        {
          "id": "bot_a",
          "dir": -1
        },
        {
          "id": "e_L",
          "dir": 1
        }
      ]
    }
  }
}