{
  "metadata": {
    "id": "final_boss_136",
    "axes": {
      "c_max": 100,
      "t_max": 1200
    }
  },
  "nodes": {
    "tmA": {
      "c": 0,
      "t": 1099
    },
    "tmB": {
      "c": 100,
      "t": 1141
    },
    "e1_a": {
      "c": 18.437621665486574,
      "t": 901.5408965543552
    },
    "e1_l": {
      "c": 33.6346889761151,
      "t": 901.5408965543552
    },
    "e1_b": {
      "c": 42.71834772954519,
      "t": 901.5408965543552
    },
    "eu_b": {
      "c": 39.89074733668361,
      "t": 561.9633196582722
    },
    "eu_a": {
      "c": 11.413973330425462,
      "t": 561.9633196582722
    },
    "eu_g": {
      "c": 46.37242065079859,
      "t": 561.9633196582722
    },
    "im_t": {
      "c": 67.54922868795842,
      "t": 1154.3078969650237
    },
    "im_b": {
      "c": 67.54922868795842,
      "t": 0
    },
    "p_im": {
      "c": 67.54922868795842,
      "t": 1083.6797716830674
    },
    "p_l": {
      "c": 81.15890830240845,
      "t": 1083.6797716830674
    },
    "p_d": {
      "c": 70.55341622203322,
      "t": 1083.6797716830674
    },
    "e2_d": {
      "c": 74.59772897244977,
      "t": 522.1041743278721
    },
    "e2_l": {
      "c": 85.2622788943427,
      "t": 522.1041743278721
    },
    "e2_e": {
      "c": 94.2051726805822,
      "t": 522.1041743278721
    },
    "t_a": {
      "c": 9.110972584053117,
      "t": 0
    },
    "t_g_l": {
      "c": 43.743332637173474,
      "t": 0
    },
    "t_g_r": {
      "c": 65.93226316673402,
      "t": 0
    },
    "t_d": {
      "c": 73.40302320184415,
      "t": 0
    },
    "t_e": {
      "c": 97.67140798444099,
      "t": 0
    }
  },
  "curves": {
    "L_1": {
      "start": "tmA",
      "end": "e1_l",
      "type": "liquidus",
      "power": 0.8
    },
    "L_2": {
      "start": "e1_l",
      "end": "im_t",
      "type": "liquidus",
      "power": 1.2
    },
    "L_3": {
      "start": "im_t",
      "end": "p_l",
      "type": "liquidus",
      "power": 0.9
    },
    "L_4": {
      "start": "p_l",
      "end": "e2_l",
      "type": "liquidus",
      "power": 1.1
    },
    "L_5": {
      "start": "e2_l",
      "end": "tmB",
      "type": "liquidus",
      "power": 0.8
    },
    "S_a": {
      "start": "tmA",
      "end": "e1_a",
      "type": "solidus",
      "power": 1.2
    },
    "S_e": {
      "start": "tmB",
      "end": "e2_e",
      "type": "solidus",
      "power": 1.1
    },
    "sol_a": {
      "start": "e1_a",
      "end": "eu_a",
      "type": "solvus",
      "power": 2.0
    },
    "sol_a_bot": {
      "start": "eu_a",
      "end": "t_a",
      "type": "solvus",
      "power": 1.5
    },
    "sol_e": {
      "start": "e2_e",
      "end": "t_e",
      "type": "solvus",
      "power": 1.8
    },
    "i_e1": {
      "start": "e1_a",
      "end": "e1_b",
      "type": "horizontal"
    },
    "i_eu": {
      "start": "eu_a",
      "end": "eu_g",
      "type": "horizontal"
    },
    "i_p": {
      "start": "p_im",
      "end": "p_l",
      "type": "horizontal"
    },
    "i_e2": {
      "start": "e2_d",
      "end": "e2_e",
      "type": "horizontal"
    },
    "im_vert": {
      "start": "im_t",
      "end": "im_b",
      "type": "vertical"
    }
  },
  "regions": {
    "R_a": {
      "type": "single-phase",
      "phase_name": "\u03b1",
      "label": {
        "text": "\u03b1",
        "c": 4,
        "t": 600
      },
      "bounding_curves": [
        {
          "id": "S_a",
          "dir": 1
        },
        {
          "id": "sol_a",
          "dir": 1
        },
        {
          "id": "sol_a_bot",
          "dir": 1
        },
        {
          "id": "bot_a",
          "dir": -1
        },
        {
          "id": "e_L",
          "dir": 1
        }
      ]
    }
  }
}