{
  "metadata": {
    "id": "final_boss_395",
    "axes": {
      "c_max": 100,
      "t_max": 1200
    }
  },
  "nodes": {
    "tmA": {
      "c": 0,
      "t": 1057
    },
    "tmB": {
      "c": 100,
      "t": 1092
    },
    "e1_a": {
      "c": 8.959956514277673,
      "t": 915.3083910290999
    },
    "e1_l": {
      "c": 18.45011707436665,
      "t": 915.3083910290999
    },
    "e1_b": {
      "c": 32.27448725635553,
      "t": 915.3083910290999
    },
    "eu_b": {
      "c": 27.90751814743884,
      "t": 785.7902138847182
    },
    "eu_a": {
      "c": 5.019391594346575,
      "t": 785.7902138847182
    },
    "eu_g": {
      "c": 36.26711929929261,
      "t": 785.7902138847182
    },
    "im_t": {
      "c": 68.24938064959197,
      "t": 1144.8873485809756
    },
    "im_b": {
      "c": 68.24938064959197,
      "t": 0
    },
    "p_im": {
      "c": 68.24938064959197,
      "t": 923.4369212038531
    },
    "p_l": {
      "c": 85.59544564151544,
      "t": 923.4369212038531
    },
    "p_d": {
      "c": 75.16842940409724,
      "t": 923.4369212038531
    },
    "e2_d": {
      "c": 79.56699756739816,
      "t": 801.3713663575413
    },
    "e2_l": {
      "c": 85.8634284392921,
      "t": 801.3713663575413
    },
    "e2_e": {
      "c": 94.18624497944587,
      "t": 801.3713663575413
    },
    "t_a": {
      "c": 2.78494637551473,
      "t": 0
    },
    "t_g_l": {
      "c": 35.626472714081956,
      "t": 0
    },
    "t_g_r": {
      "c": 65.18151398131585,
      "t": 0
    },
    "t_d": {
      "c": 75.40804554315643,
      "t": 0
    },
    "t_e": {
      "c": 98.98044106690553,
      "t": 0
    }
  },
  "curves": {
    "L_1": {
      "start": "tmA",
      "end": "e1_l",
      "type": "liquidus",
      "power": 0.8
    },
    "L_2": {
      "start": "e1_l",
      "end": "im_t",
      "type": "liquidus",
      "power": 1.2
    },
    "L_3": {
      "start": "im_t",
      "end": "p_l",
      "type": "liquidus",
      "power": 0.9
    },
    "L_4": {
      "start": "p_l",
      "end": "e2_l",
      "type": "liquidus",
      "power": 1.1
    },
    "L_5": {
      "start": "e2_l",
      "end": "tmB",
      "type": "liquidus",
      "power": 0.8
    },
    "S_a": {
      "start": "tmA",
      "end": "e1_a",
      "type": "solidus",
      "power": 1.2
    },
    "S_e": {
      "start": "tmB",
      "end": "e2_e",
      "type": "solidus",
      "power": 1.1
    },
    "sol_a": {
      "start": "e1_a",
      "end": "eu_a",
      "type": "solvus",
      "power": 2.0
    },
    "sol_a_bot": {
      "start": "eu_a",
      "end": "t_a",
      "type": "solvus",
      "power": 1.5
    },
    "sol_e": {
      "start": "e2_e",
      "end": "t_e",
      "type": "solvus",
      "power": 1.8
    },
    "i_e1": {
      "start": "e1_a",
      "end": "e1_b",
      "type": "horizontal"
    },
    "i_eu": {
      "start": "eu_a",
      "end": "eu_g",
      "type": "horizontal"
    },
    "i_p": {
      "start": "p_im",
      "end": "p_l",
      "type": "horizontal"
    },
    "i_e2": {
      "start": "e2_d",
      "end": "e2_e",
      "type": "horizontal"
    },
    "im_vert": {
      "start": "im_t",
      "end": "im_b",
      "type": "vertical"
    }
  },
  "regions": {
    "R_a": {
      "type": "single-phase",
      "phase_name": "\u03b1",
      "label": {
        "text": "\u03b1",
        "c": 4,
        "t": 600
      },
      "bounding_curves": [
        {
          "id": "S_a",
          "dir": 1
        },
        {
          "id": "sol_a",
          "dir": 1
        },
        {
          "id": "sol_a_bot",
          "dir": 1
        },
        {
          "id": "bot_a",
          "dir": -1
        },
        {
          "id": "e_L",
          "dir": 1
        }
      ]
    }
  }
}