{
  "metadata": {
    "id": "final_boss_366",
    "axes": {
      "c_max": 100,
      "t_max": 1200
    }
  },
  "nodes": {
    "tmA": {
      "c": 0,
      "t": 1066
    },
    "tmB": {
      "c": 100,
      "t": 1126
    },
    "e1_a": {
      "c": 15.286383996320158,
      "t": 932.0836479091704
    },
    "e1_l": {
      "c": 25.95801729714648,
      "t": 932.0836479091704
    },
    "e1_b": {
      "c": 39.52257937217263,
      "t": 932.0836479091704
    },
    "eu_b": {
      "c": 28.640617911309434,
      "t": 773.5929066031154
    },
    "eu_a": {
      "c": 5.615265766054372,
      "t": 773.5929066031154
    },
    "eu_g": {
      "c": 37.18032974357611,
      "t": 773.5929066031154
    },
    "im_t": {
      "c": 73.69064991941963,
      "t": 1019.2110539004173
    },
    "im_b": {
      "c": 73.69064991941963,
      "t": 0
    },
    "p_im": {
      "c": 73.69064991941963,
      "t": 781.7377705423779
    },
    "p_l": {
      "c": 86.68509067383658,
      "t": 781.7377705423779
    },
    "p_d": {
      "c": 82.18105081032357,
      "t": 781.7377705423779
    },
    "e2_d": {
      "c": 83.80463162660983,
      "t": 632.678117180533
    },
    "e2_l": {
      "c": 89.52478038057144,
      "t": 632.678117180533
    },
    "e2_e": {
      "c": 95.68744320906119,
      "t": 632.678117180533
    },
    "t_a": {
      "c": 0.25978099122040665,
      "t": 0
    },
    "t_g_l": {
      "c": 36.51019679782136,
      "t": 0
    },
    "t_g_r": {
      "c": 40.09295904671456,
      "t": 0
    },
    "t_d": {
      "c": 82.20184447436156,
      "t": 0
    },
    "t_e": {
      "c": 99.41866975930141,
      "t": 0
    }
  },
  "curves": {
    "L_1": {
      "start": "tmA",
      "end": "e1_l",
      "type": "liquidus",
      "power": 0.8
    },
    "L_2": {
      "start": "e1_l",
      "end": "im_t",
      "type": "liquidus",
      "power": 1.2
    },
    "L_3": {
      "start": "im_t",
      "end": "p_l",
      "type": "liquidus",
      "power": 0.9
    },
    "L_4": {
      "start": "p_l",
      "end": "e2_l",
      "type": "liquidus",
      "power": 1.1
    },
    "L_5": {
      "start": "e2_l",
      "end": "tmB",
      "type": "liquidus",
      "power": 0.8
    },
    "S_a": {
      "start": "tmA",
      "end": "e1_a",
      "type": "solidus",
      "power": 1.2
    },
    "S_e": {
      "start": "tmB",
      "end": "e2_e",
      "type": "solidus",
      "power": 1.1
    },
    "sol_a": {
      "start": "e1_a",
      "end": "eu_a",
      "type": "solvus",
      "power": 2.0
    },
    "sol_a_bot": {
      "start": "eu_a",
      "end": "t_a",
      "type": "solvus",
      "power": 1.5
    },
    "sol_e": {
      "start": "e2_e",
      "end": "t_e",
      "type": "solvus",
      "power": 1.8
    },
    "i_e1": {
      "start": "e1_a",
      "end": "e1_b",
      "type": "horizontal"
    },
    "i_eu": {
      "start": "eu_a",
      "end": "eu_g",
      "type": "horizontal"
    },
    "i_p": {
      "start": "p_im",
      "end": "p_l",
      "type": "horizontal"
    },
    "i_e2": {
      "start": "e2_d",
      "end": "e2_e",
      "type": "horizontal"
    },
    "im_vert": {
      "start": "im_t",
      "end": "im_b",
      "type": "vertical"
    }
  },
  "regions": {
    "R_a": {
      "type": "single-phase",
      "phase_name": "\u03b1",
      "label": {
        "text": "\u03b1",
        "c": 4,
        "t": 600
      },
      "bounding_curves": [
        {
          "id": "S_a",
          "dir": 1
        },
        {
          "id": "sol_a",
          "dir": 1
        },
        {
          "id": "sol_a_bot",
          "dir": 1
        },
        {
          "id": "bot_a",
          "dir": -1
        },
        {
          "id": "e_L",
          "dir": 1
        }
      ]
    }
  }
}