{
  "metadata": {
    "id": "final_boss_153",
    "axes": {
      "c_max": 100,
      "t_max": 1200
    }
  },
  "nodes": {
    "tmA": {
      "c": 0,
      "t": 1149
    },
    "tmB": {
      "c": 100,
      "t": 1063
    },
    "e1_a": {
      "c": 14.057788290595958,
      "t": 943.0418270360095
    },
    "e1_l": {
      "c": 31.99954039411496,
      "t": 943.0418270360095
    },
    "e1_b": {
      "c": 45.60437088774067,
      "t": 943.0418270360095
    },
    "eu_b": {
      "c": 41.48478090614761,
      "t": 782.763844403914
    },
    "eu_a": {
      "c": 9.20648768631607,
      "t": 782.763844403914
    },
    "eu_g": {
      "c": 55.40187868934436,
      "t": 782.763844403914
    },
    "im_t": {
      "c": 67.84645179626835,
      "t": 997.6006727526988
    },
    "im_b": {
      "c": 67.84645179626835,
      "t": 0
    },
    "p_im": {
      "c": 67.84645179626835,
      "t": 943.3124564257108
    },
    "p_l": {
      "c": 80.13953563941098,
      "t": 943.3124564257108
    },
    "p_d": {
      "c": 76.82502105338779,
      "t": 943.3124564257108
    },
    "e2_d": {
      "c": 76.30260291472311,
      "t": 587.0675740221952
    },
    "e2_l": {
      "c": 84.27885009098965,
      "t": 587.0675740221952
    },
    "e2_e": {
      "c": 88.69880151963663,
      "t": 587.0675740221952
    },
    "t_a": {
      "c": 2.3326185419167573,
      "t": 0
    },
    "t_g_l": {
      "c": 53.56004169360556,
      "t": 0
    },
    "t_g_r": {
      "c": 59.32143251959021,
      "t": 0
    },
    "t_d": {
      "c": 72.41321443344678,
      "t": 0
    },
    "t_e": {
      "c": 96.12092698130137,
      "t": 0
    }
  },
  "curves": {
    "L_1": {
      "start": "tmA",
      "end": "e1_l",
      "type": "liquidus",
      "power": 0.8
    },
    "L_2": {
      "start": "e1_l",
      "end": "im_t",
      "type": "liquidus",
      "power": 1.2
    },
    "L_3": {
      "start": "im_t",
      "end": "p_l",
      "type": "liquidus",
      "power": 0.9
    },
    "L_4": {
      "start": "p_l",
      "end": "e2_l",
      "type": "liquidus",
      "power": 1.1
    },
    "L_5": {
      "start": "e2_l",
      "end": "tmB",
      "type": "liquidus",
      "power": 0.8
    },
    "S_a": {
      "start": "tmA",
      "end": "e1_a",
      "type": "solidus",
      "power": 1.2
    },
    "S_e": {
      "start": "tmB",
      "end": "e2_e",
      "type": "solidus",
      "power": 1.1
    },
    "sol_a": {
      "start": "e1_a",
      "end": "eu_a",
      "type": "solvus",
      "power": 2.0
    },
    "sol_a_bot": {
      "start": "eu_a",
      "end": "t_a",
      "type": "solvus",
      "power": 1.5
    },
    "sol_e": {
      "start": "e2_e",
      "end": "t_e",
      "type": "solvus",
      "power": 1.8
    },
    "i_e1": {
      "start": "e1_a",
      "end": "e1_b",
      "type": "horizontal"
    },
    "i_eu": {
      "start": "eu_a",
      "end": "eu_g",
      "type": "horizontal"
    },
    "i_p": {
      "start": "p_im",
      "end": "p_l",
      "type": "horizontal"
    },
    "i_e2": {
      "start": "e2_d",
      "end": "e2_e",
      "type": "horizontal"
    },
    "im_vert": {
      "start": "im_t",
      "end": "im_b",
      "type": "vertical"
    }
  },
  "regions": {
    "R_a": {
      "type": "single-phase",
      "phase_name": "\u03b1",
      "label": {
        "text": "\u03b1",
        "c": 4,
        "t": 600
      },
      "bounding_curves": [
        {
          "id": "S_a",
          "dir": 1
        },
        {
          "id": "sol_a",
          "dir": 1
        },
        {
          "id": "sol_a_bot",
          "dir": 1
        },
        {
          "id": "bot_a",
          "dir": -1
        },
        {
          "id": "e_L",
          "dir": 1
        }
      ]
    }
  }
}