{
  "metadata": {
    "id": "final_boss_362",
    "axes": {
      "c_max": 100,
      "t_max": 1200
    }
  },
  "nodes": {
    "tmA": {
      "c": 0,
      "t": 1145
    },
    "tmB": {
      "c": 100,
      "t": 1118
    },
    "e1_a": {
      "c": 10.02539452671652,
      "t": 843.0834246882893
    },
    "e1_l": {
      "c": 22.603745150543958,
      "t": 843.0834246882893
    },
    "e1_b": {
      "c": 34.94350562546702,
      "t": 843.0834246882893
    },
    "eu_b": {
      "c": 27.39692086088622,
      "t": 716.7871844383055
    },
    "eu_a": {
      "c": 5.406359423074205,
      "t": 716.7871844383055
    },
    "eu_g": {
      "c": 37.436914412849795,
      "t": 716.7871844383055
    },
    "im_t": {
      "c": 64.20232295862927,
      "t": 970.5272882611418
    },
    "im_b": {
      "c": 64.20232295862927,
      "t": 0
    },
    "p_im": {
      "c": 64.20232295862927,
      "t": 818.954251790838
    },
    "p_l": {
      "c": 77.88809229126231,
      "t": 818.954251790838
    },
    "p_d": {
      "c": 71.05106224980494,
      "t": 818.954251790838
    },
    "e2_d": {
      "c": 73.19084139607895,
      "t": 635.5898578344966
    },
    "e2_l": {
      "c": 82.63911827411738,
      "t": 635.5898578344966
    },
    "e2_e": {
      "c": 89.6163004163722,
      "t": 635.5898578344966
    },
    "t_a": {
      "c": 1.6539355881740792,
      "t": 0
    },
    "t_g_l": {
      "c": 34.64788791824531,
      "t": 0
    },
    "t_g_r": {
      "c": 61.889292188781354,
      "t": 0
    },
    "t_d": {
      "c": 69.97487933505091,
      "t": 0
    },
    "t_e": {
      "c": 99.23932616729857,
      "t": 0
    }
  },
  "curves": {
    "L_1": {
      "start": "tmA",
      "end": "e1_l",
      "type": "liquidus",
      "power": 0.8
    },
    "L_2": {
      "start": "e1_l",
      "end": "im_t",
      "type": "liquidus",
      "power": 1.2
    },
    "L_3": {
      "start": "im_t",
      "end": "p_l",
      "type": "liquidus",
      "power": 0.9
    },
    "L_4": {
      "start": "p_l",
      "end": "e2_l",
      "type": "liquidus",
      "power": 1.1
    },
    "L_5": {
      "start": "e2_l",
      "end": "tmB",
      "type": "liquidus",
      "power": 0.8
    },
    "S_a": {
      "start": "tmA",
      "end": "e1_a",
      "type": "solidus",
      "power": 1.2
    },
    "S_e": {
      "start": "tmB",
      "end": "e2_e",
      "type": "solidus",
      "power": 1.1
    },
    "sol_a": {
      "start": "e1_a",
      "end": "eu_a",
      "type": "solvus",
      "power": 2.0
    },
    "sol_a_bot": {
      "start": "eu_a",
      "end": "t_a",
      "type": "solvus",
      "power": 1.5
    },
    "sol_e": {
      "start": "e2_e",
      "end": "t_e",
      "type": "solvus",
      "power": 1.8
    },
    "i_e1": {
      "start": "e1_a",
      "end": "e1_b",
      "type": "horizontal"
    },
    "i_eu": {
      "start": "eu_a",
      "end": "eu_g",
      "type": "horizontal"
    },
    "i_p": {
      "start": "p_im",
      "end": "p_l",
      "type": "horizontal"
    },
    "i_e2": {
      "start": "e2_d",
      "end": "e2_e",
      "type": "horizontal"
    },
    "im_vert": {
      "start": "im_t",
      "end": "im_b",
      "type": "vertical"
    }
  },
  "regions": {
    "R_a": {
      "type": "single-phase",
      "phase_name": "\u03b1",
      "label": {
        "text": "\u03b1",
        "c": 4,
        "t": 600
      },
      "bounding_curves": [
        {
          "id": "S_a",
          "dir": 1
        },
        {
          "id": "sol_a",
          "dir": 1
        },
        {
          "id": "sol_a_bot",
          "dir": 1
        },
        {
          "id": "bot_a",
          "dir": -1
        },
        {
          "id": "e_L",
          "dir": 1
        }
      ]
    }
  }
}