{
  "metadata": {
    "id": "final_boss_197",
    "axes": {
      "c_max": 100,
      "t_max": 1200
    }
  },
  "nodes": {
    "tmA": {
      "c": 0,
      "t": 1106
    },
    "tmB": {
      "c": 100,
      "t": 1117
    },
    "e1_a": {
      "c": 10.151866623862086,
      "t": 801.5167905982914
    },
    "e1_l": {
      "c": 26.756729915222955,
      "t": 801.5167905982914
    },
    "e1_b": {
      "c": 34.85762864955395,
      "t": 801.5167905982914
    },
    "eu_b": {
      "c": 30.525108327802943,
      "t": 659.4914262321622
    },
    "eu_a": {
      "c": 4.146471497696487,
      "t": 659.4914262321622
    },
    "eu_g": {
      "c": 41.55420763963353,
      "t": 659.4914262321622
    },
    "im_t": {
      "c": 56.7408151101033,
      "t": 1033.194188806397
    },
    "im_b": {
      "c": 56.7408151101033,
      "t": 0
    },
    "p_im": {
      "c": 56.7408151101033,
      "t": 950.6995387104339
    },
    "p_l": {
      "c": 73.55217715126213,
      "t": 950.6995387104339
    },
    "p_d": {
      "c": 61.23412100445121,
      "t": 950.6995387104339
    },
    "e2_d": {
      "c": 68.61708131192515,
      "t": 732.1564699403477
    },
    "e2_l": {
      "c": 78.2237521701595,
      "t": 732.1564699403477
    },
    "e2_e": {
      "c": 95.37686984294614,
      "t": 732.1564699403477
    },
    "t_a": {
      "c": 1.5432993998142555,
      "t": 0
    },
    "t_g_l": {
      "c": 38.77177030675744,
      "t": 0
    },
    "t_g_r": {
      "c": 49.51559468860632,
      "t": 0
    },
    "t_d": {
      "c": 64.27083534505425,
      "t": 0
    },
    "t_e": {
      "c": 98.59424585491273,
      "t": 0
    }
  },
  "curves": {
    "L_1": {
      "start": "tmA",
      "end": "e1_l",
      "type": "liquidus",
      "power": 0.8
    },
    "L_2": {
      "start": "e1_l",
      "end": "im_t",
      "type": "liquidus",
      "power": 1.2
    },
    "L_3": {
      "start": "im_t",
      "end": "p_l",
      "type": "liquidus",
      "power": 0.9
    },
    "L_4": {
      "start": "p_l",
      "end": "e2_l",
      "type": "liquidus",
      "power": 1.1
    },
    "L_5": {
      "start": "e2_l",
      "end": "tmB",
      "type": "liquidus",
      "power": 0.8
    },
    "S_a": {
      "start": "tmA",
      "end": "e1_a",
      "type": "solidus",
      "power": 1.2
    },
    "S_e": {
      "start": "tmB",
      "end": "e2_e",
      "type": "solidus",
      "power": 1.1
    },
    "sol_a": {
      "start": "e1_a",
      "end": "eu_a",
      "type": "solvus",
      "power": 2.0
    },
    "sol_a_bot": {
      "start": "eu_a",
      "end": "t_a",
      "type": "solvus",
      "power": 1.5
    },
    "sol_e": {
      "start": "e2_e",
      "end": "t_e",
      "type": "solvus",
      "power": 1.8
    },
    "i_e1": {
      "start": "e1_a",
      "end": "e1_b",
      "type": "horizontal"
    },
    "i_eu": {
      "start": "eu_a",
      "end": "eu_g",
      "type": "horizontal"
    },
    "i_p": {
      "start": "p_im",
      "end": "p_l",
      "type": "horizontal"
    },
    "i_e2": {
      "start": "e2_d",
      "end": "e2_e",
      "type": "horizontal"
    },
    "im_vert": {
      "start": "im_t",
      "end": "im_b",
      "type": "vertical"
    }
  },
  "regions": {
    "R_a": {
      "type": "single-phase",
      "phase_name": "\u03b1",
      "label": {
        "text": "\u03b1",
        "c": 4,
        "t": 600
      },
      "bounding_curves": [
        {
          "id": "S_a",
          "dir": 1
        },
        {
          "id": "sol_a",
          "dir": 1
        },
        {
          "id": "sol_a_bot",
          "dir": 1
        },
        {
          "id": "bot_a",
          "dir": -1
        },
        {
          "id": "e_L",
          "dir": 1
        }
      ]
    }
  }
}