{
  "metadata": {
    "id": "final_boss_236",
    "axes": {
      "c_max": 100,
      "t_max": 1200
    }
  },
  "nodes": {
    "tmA": {
      "c": 0,
      "t": 1136
    },
    "tmB": {
      "c": 100,
      "t": 1145
    },
    "e1_a": {
      "c": 16.436179087013773,
      "t": 945.1344394845963
    },
    "e1_l": {
      "c": 28.57330140196487,
      "t": 945.1344394845963
    },
    "e1_b": {
      "c": 40.603555105628125,
      "t": 945.1344394845963
    },
    "eu_b": {
      "c": 37.01512924794095,
      "t": 558.2612754257074
    },
    "eu_a": {
      "c": 6.422473450969884,
      "t": 558.2612754257074
    },
    "eu_g": {
      "c": 49.39907272456132,
      "t": 558.2612754257074
    },
    "im_t": {
      "c": 67.00212637719112,
      "t": 966.2890914694028
    },
    "im_b": {
      "c": 67.00212637719112,
      "t": 0
    },
    "p_im": {
      "c": 67.00212637719112,
      "t": 759.7698608056852
    },
    "p_l": {
      "c": 83.97077351726436,
      "t": 759.7698608056852
    },
    "p_d": {
      "c": 72.14070983937904,
      "t": 759.7698608056852
    },
    "e2_d": {
      "c": 77.55077483382807,
      "t": 702.6011226375781
    },
    "e2_l": {
      "c": 88.36696183310904,
      "t": 702.6011226375781
    },
    "e2_e": {
      "c": 95.20256835951002,
      "t": 702.6011226375781
    },
    "t_a": {
      "c": 1.4001467885289398,
      "t": 0
    },
    "t_g_l": {
      "c": 48.9353629689285,
      "t": 0
    },
    "t_g_r": {
      "c": 63.32792753201756,
      "t": 0
    },
    "t_d": {
      "c": 76.92777189388362,
      "t": 0
    },
    "t_e": {
      "c": 99.27614162379342,
      "t": 0
    }
  },
  "curves": {
    "L_1": {
      "start": "tmA",
      "end": "e1_l",
      "type": "liquidus",
      "power": 0.8
    },
    "L_2": {
      "start": "e1_l",
      "end": "im_t",
      "type": "liquidus",
      "power": 1.2
    },
    "L_3": {
      "start": "im_t",
      "end": "p_l",
      "type": "liquidus",
      "power": 0.9
    },
    "L_4": {
      "start": "p_l",
      "end": "e2_l",
      "type": "liquidus",
      "power": 1.1
    },
    "L_5": {
      "start": "e2_l",
      "end": "tmB",
      "type": "liquidus",
      "power": 0.8
    },
    "S_a": {
      "start": "tmA",
      "end": "e1_a",
      "type": "solidus",
      "power": 1.2
    },
    "S_e": {
      "start": "tmB",
      "end": "e2_e",
      "type": "solidus",
      "power": 1.1
    },
    "sol_a": {
      "start": "e1_a",
      "end": "eu_a",
      "type": "solvus",
      "power": 2.0
    },
    "sol_a_bot": {
      "start": "eu_a",
      "end": "t_a",
      "type": "solvus",
      "power": 1.5
    },
    "sol_e": {
      "start": "e2_e",
      "end": "t_e",
      "type": "solvus",
      "power": 1.8
    },
    "i_e1": {
      "start": "e1_a",
      "end": "e1_b",
      "type": "horizontal"
    },
    "i_eu": {
      "start": "eu_a",
      "end": "eu_g",
      "type": "horizontal"
    },
    "i_p": {
      "start": "p_im",
      "end": "p_l",
      "type": "horizontal"
    },
    "i_e2": {
      "start": "e2_d",
      "end": "e2_e",
      "type": "horizontal"
    },
    "im_vert": {
      "start": "im_t",
      "end": "im_b",
      "type": "vertical"
    }
  },
  "regions": {
    "R_a": {
      "type": "single-phase",
      "phase_name": "\u03b1",
      "label": {
        "text": "\u03b1",
        "c": 4,
        "t": 600
      },
      "bounding_curves": [
        {
          "id": "S_a",
          "dir": 1
        },
        {
          "id": "sol_a",
          "dir": 1
        },
        {
          "id": "sol_a_bot",
          "dir": 1
        },
        {
          "id": "bot_a",
          "dir": -1
        },
        {
          "id": "e_L",
          "dir": 1
        }
      ]
    }
  }
}