{
  "metadata": {
    "id": "final_boss_253",
    "axes": {
      "c_max": 100,
      "t_max": 1200
    }
  },
  "nodes": {
    "tmA": {
      "c": 0,
      "t": 1149
    },
    "tmB": {
      "c": 100,
      "t": 1140
    },
    "e1_a": {
      "c": 10.075098949434187,
      "t": 895.9447187620765
    },
    "e1_l": {
      "c": 22.57417609956294,
      "t": 895.9447187620765
    },
    "e1_b": {
      "c": 36.74582425302769,
      "t": 895.9447187620765
    },
    "eu_b": {
      "c": 34.28142715270999,
      "t": 725.9205061114601
    },
    "eu_a": {
      "c": 5.264842976794953,
      "t": 725.9205061114601
    },
    "eu_g": {
      "c": 45.67407876401953,
      "t": 725.9205061114601
    },
    "im_t": {
      "c": 66.31707059685564,
      "t": 970.1323839694438
    },
    "im_b": {
      "c": 66.31707059685564,
      "t": 0
    },
    "p_im": {
      "c": 66.31707059685564,
      "t": 907.3942342453523
    },
    "p_l": {
      "c": 83.65662076127296,
      "t": 907.3942342453523
    },
    "p_d": {
      "c": 70.05094945526861,
      "t": 907.3942342453523
    },
    "e2_d": {
      "c": 75.93901950820212,
      "t": 698.2451525554177
    },
    "e2_l": {
      "c": 87.82921344018777,
      "t": 698.2451525554177
    },
    "e2_e": {
      "c": 94.64172322118269,
      "t": 698.2451525554177
    },
    "t_a": {
      "c": 2.18731228093505,
      "t": 0
    },
    "t_g_l": {
      "c": 44.60049319256277,
      "t": 0
    },
    "t_g_r": {
      "c": 50.44556179150401,
      "t": 0
    },
    "t_d": {
      "c": 75.4146397570801,
      "t": 0
    },
    "t_e": {
      "c": 98.22997188205304,
      "t": 0
    }
  },
  "curves": {
    "L_1": {
      "start": "tmA",
      "end": "e1_l",
      "type": "liquidus",
      "power": 0.8
    },
    "L_2": {
      "start": "e1_l",
      "end": "im_t",
      "type": "liquidus",
      "power": 1.2
    },
    "L_3": {
      "start": "im_t",
      "end": "p_l",
      "type": "liquidus",
      "power": 0.9
    },
    "L_4": {
      "start": "p_l",
      "end": "e2_l",
      "type": "liquidus",
      "power": 1.1
    },
    "L_5": {
      "start": "e2_l",
      "end": "tmB",
      "type": "liquidus",
      "power": 0.8
    },
    "S_a": {
      "start": "tmA",
      "end": "e1_a",
      "type": "solidus",
      "power": 1.2
    },
    "S_e": {
      "start": "tmB",
      "end": "e2_e",
      "type": "solidus",
      "power": 1.1
    },
    "sol_a": {
      "start": "e1_a",
      "end": "eu_a",
      "type": "solvus",
      "power": 2.0
    },
    "sol_a_bot": {
      "start": "eu_a",
      "end": "t_a",
      "type": "solvus",
      "power": 1.5
    },
    "sol_e": {
      "start": "e2_e",
      "end": "t_e",
      "type": "solvus",
      "power": 1.8
    },
    "i_e1": {
      "start": "e1_a",
      "end": "e1_b",
      "type": "horizontal"
    },
    "i_eu": {
      "start": "eu_a",
      "end": "eu_g",
      "type": "horizontal"
    },
    "i_p": {
      "start": "p_im",
      "end": "p_l",
      "type": "horizontal"
    },
    "i_e2": {
      "start": "e2_d",
      "end": "e2_e",
      "type": "horizontal"
    },
    "im_vert": {
      "start": "im_t",
      "end": "im_b",
      "type": "vertical"
    }
  },
  "regions": {
    "R_a": {
      "type": "single-phase",
      "phase_name": "\u03b1",
      "label": {
        "text": "\u03b1",
        "c": 4,
        "t": 600
      },
      "bounding_curves": [
        {
          "id": "S_a",
          "dir": 1
        },
        {
          "id": "sol_a",
          "dir": 1
        },
        {
          "id": "sol_a_bot",
          "dir": 1
        },
        {
          "id": "bot_a",
          "dir": -1
        },
        {
          "id": "e_L",
          "dir": 1
        }
      ]
    }
  }
}