{
  "metadata": {
    "id": "final_boss_298",
    "axes": {
      "c_max": 100,
      "t_max": 1200
    }
  },
  "nodes": {
    "tmA": {
      "c": 0,
      "t": 1132
    },
    "tmB": {
      "c": 100,
      "t": 1030
    },
    "e1_a": {
      "c": 15.099141827672563,
      "t": 857.960792779906
    },
    "e1_l": {
      "c": 26.98539788120535,
      "t": 857.960792779906
    },
    "e1_b": {
      "c": 35.196333697039954,
      "t": 857.960792779906
    },
    "eu_b": {
      "c": 32.44381302063952,
      "t": 708.8473797950693
    },
    "eu_a": {
      "c": 9.335272370627212,
      "t": 708.8473797950693
    },
    "eu_g": {
      "c": 41.96399881013703,
      "t": 708.8473797950693
    },
    "im_t": {
      "c": 61.821819098715174,
      "t": 986.3169883913368
    },
    "im_b": {
      "c": 61.821819098715174,
      "t": 0
    },
    "p_im": {
      "c": 61.821819098715174,
      "t": 815.168766940582
    },
    "p_l": {
      "c": 73.30378740074607,
      "t": 815.168766940582
    },
    "p_d": {
      "c": 69.83383165080241,
      "t": 815.168766940582
    },
    "e2_d": {
      "c": 69.65599581085866,
      "t": 453.1197140410851
    },
    "e2_l": {
      "c": 76.25302014794872,
      "t": 453.1197140410851
    },
    "e2_e": {
      "c": 94.42042982007192,
      "t": 453.1197140410851
    },
    "t_a": {
      "c": 3.112877517446579,
      "t": 0
    },
    "t_g_l": {
      "c": 41.064824270310005,
      "t": 0
    },
    "t_g_r": {
      "c": 55.7486581441608,
      "t": 0
    },
    "t_d": {
      "c": 67.37253754539397,
      "t": 0
    },
    "t_e": {
      "c": 96.66216195115494,
      "t": 0
    }
  },
  "curves": {
    "L_1": {
      "start": "tmA",
      "end": "e1_l",
      "type": "liquidus",
      "power": 0.8
    },
    "L_2": {
      "start": "e1_l",
      "end": "im_t",
      "type": "liquidus",
      "power": 1.2
    },
    "L_3": {
      "start": "im_t",
      "end": "p_l",
      "type": "liquidus",
      "power": 0.9
    },
    "L_4": {
      "start": "p_l",
      "end": "e2_l",
      "type": "liquidus",
      "power": 1.1
    },
    "L_5": {
      "start": "e2_l",
      "end": "tmB",
      "type": "liquidus",
      "power": 0.8
    },
    "S_a": {
      "start": "tmA",
      "end": "e1_a",
      "type": "solidus",
      "power": 1.2
    },
    "S_e": {
      "start": "tmB",
      "end": "e2_e",
      "type": "solidus",
      "power": 1.1
    },
    "sol_a": {
      "start": "e1_a",
      "end": "eu_a",
      "type": "solvus",
      "power": 2.0
    },
    "sol_a_bot": {
      "start": "eu_a",
      "end": "t_a",
      "type": "solvus",
      "power": 1.5
    },
    "sol_e": {
      "start": "e2_e",
      "end": "t_e",
      "type": "solvus",
      "power": 1.8
    },
    "i_e1": {
      "start": "e1_a",
      "end": "e1_b",
      "type": "horizontal"
    },
    "i_eu": {
      "start": "eu_a",
      "end": "eu_g",
      "type": "horizontal"
    },
    "i_p": {
      "start": "p_im",
      "end": "p_l",
      "type": "horizontal"
    },
    "i_e2": {
      "start": "e2_d",
      "end": "e2_e",
      "type": "horizontal"
    },
    "im_vert": {
      "start": "im_t",
      "end": "im_b",
      "type": "vertical"
    }
  },
  "regions": {
    "R_a": {
      "type": "single-phase",
      "phase_name": "\u03b1",
      "label": {
        "text": "\u03b1",
        "c": 4,
        "t": 600
      },
      "bounding_curves": [
        {
          "id": "S_a",
          "dir": 1
        },
        {
          "id": "sol_a",
          "dir": 1
        },
        {
          "id": "sol_a_bot",
          "dir": 1
        },
        {
          "id": "bot_a",
          "dir": -1
        },
        {
          "id": "e_L",
          "dir": 1
        }
      ]
    }
  }
}