{
  "metadata": {
    "id": "final_boss_205",
    "axes": {
      "c_max": 100,
      "t_max": 1200
    }
  },
  "nodes": {
    "tmA": {
      "c": 0,
      "t": 1062
    },
    "tmB": {
      "c": 100,
      "t": 1143
    },
    "e1_a": {
      "c": 13.130954782787871,
      "t": 917.5650803382517
    },
    "e1_l": {
      "c": 25.49828461823572,
      "t": 917.5650803382517
    },
    "e1_b": {
      "c": 39.614815533470065,
      "t": 917.5650803382517
    },
    "eu_b": {
      "c": 37.27930800279039,
      "t": 501.38701482101914
    },
    "eu_a": {
      "c": 9.71010799159837,
      "t": 501.38701482101914
    },
    "eu_g": {
      "c": 52.189962282429626,
      "t": 501.38701482101914
    },
    "im_t": {
      "c": 71.27672941364276,
      "t": 974.8495574190417
    },
    "im_b": {
      "c": 71.27672941364276,
      "t": 0
    },
    "p_im": {
      "c": 71.27672941364276,
      "t": 811.1374213502252
    },
    "p_l": {
      "c": 84.77922770352801,
      "t": 811.1374213502252
    },
    "p_d": {
      "c": 76.55006337511763,
      "t": 811.1374213502252
    },
    "e2_d": {
      "c": 80.12027521900124,
      "t": 614.7710209347347
    },
    "e2_l": {
      "c": 85.12613818663617,
      "t": 614.7710209347347
    },
    "e2_e": {
      "c": 89.37579487691649,
      "t": 614.7710209347347
    },
    "t_a": {
      "c": 4.883182453803252,
      "t": 0
    },
    "t_g_l": {
      "c": 51.539573405613844,
      "t": 0
    },
    "t_g_r": {
      "c": 66.35354978775398,
      "t": 0
    },
    "t_d": {
      "c": 76.99164082911093,
      "t": 0
    },
    "t_e": {
      "c": 93.51159571216478,
      "t": 0
    }
  },
  "curves": {
    "L_1": {
      "start": "tmA",
      "end": "e1_l",
      "type": "liquidus",
      "power": 0.8
    },
    "L_2": {
      "start": "e1_l",
      "end": "im_t",
      "type": "liquidus",
      "power": 1.2
    },
    "L_3": {
      "start": "im_t",
      "end": "p_l",
      "type": "liquidus",
      "power": 0.9
    },
    "L_4": {
      "start": "p_l",
      "end": "e2_l",
      "type": "liquidus",
      "power": 1.1
    },
    "L_5": {
      "start": "e2_l",
      "end": "tmB",
      "type": "liquidus",
      "power": 0.8
    },
    "S_a": {
      "start": "tmA",
      "end": "e1_a",
      "type": "solidus",
      "power": 1.2
    },
    "S_e": {
      "start": "tmB",
      "end": "e2_e",
      "type": "solidus",
      "power": 1.1
    },
    "sol_a": {
      "start": "e1_a",
      "end": "eu_a",
      "type": "solvus",
      "power": 2.0
    },
    "sol_a_bot": {
      "start": "eu_a",
      "end": "t_a",
      "type": "solvus",
      "power": 1.5
    },
    "sol_e": {
      "start": "e2_e",
      "end": "t_e",
      "type": "solvus",
      "power": 1.8
    },
    "i_e1": {
      "start": "e1_a",
      "end": "e1_b",
      "type": "horizontal"
    },
    "i_eu": {
      "start": "eu_a",
      "end": "eu_g",
      "type": "horizontal"
    },
    "i_p": {
      "start": "p_im",
      "end": "p_l",
      "type": "horizontal"
    },
    "i_e2": {
      "start": "e2_d",
      "end": "e2_e",
      "type": "horizontal"
    },
    "im_vert": {
      "start": "im_t",
      "end": "im_b",
      "type": "vertical"
    }
  },
  "regions": {
    "R_a": {
      "type": "single-phase",
      "phase_name": "\u03b1",
      "label": {
        "text": "\u03b1",
        "c": 4,
        "t": 600
      },
      "bounding_curves": [
        {
          "id": "S_a",
          "dir": 1
        },
        {
          "id": "sol_a",
          "dir": 1
        },
        {
          "id": "sol_a_bot",
          "dir": 1
        },
        {
          "id": "bot_a",
          "dir": -1
        },
        {
          "id": "e_L",
          "dir": 1
        }
      ]
    }
  }
}