{
  "metadata": {
    "id": "final_boss_493",
    "axes": {
      "c_max": 100,
      "t_max": 1200
    }
  },
  "nodes": {
    "tmA": {
      "c": 0,
      "t": 1050
    },
    "tmB": {
      "c": 100,
      "t": 1122
    },
    "e1_a": {
      "c": 13.166844906091544,
      "t": 800.9640351924558
    },
    "e1_l": {
      "c": 26.520221964437724,
      "t": 800.9640351924558
    },
    "e1_b": {
      "c": 38.095565130078626,
      "t": 800.9640351924558
    },
    "eu_b": {
      "c": 35.29231063927489,
      "t": 528.9830758446618
    },
    "eu_a": {
      "c": 4.8457868179157035,
      "t": 528.9830758446618
    },
    "eu_g": {
      "c": 49.900393526504224,
      "t": 528.9830758446618
    },
    "im_t": {
      "c": 70.00844868762707,
      "t": 982.3288323642103
    },
    "im_b": {
      "c": 70.00844868762707,
      "t": 0
    },
    "p_im": {
      "c": 70.00844868762707,
      "t": 899.6020070771795
    },
    "p_l": {
      "c": 84.30107979934827,
      "t": 899.6020070771795
    },
    "p_d": {
      "c": 74.22574806928009,
      "t": 899.6020070771795
    },
    "e2_d": {
      "c": 78.74268153472705,
      "t": 606.1750252163101
    },
    "e2_l": {
      "c": 85.72482681140349,
      "t": 606.1750252163101
    },
    "e2_e": {
      "c": 90.41015561981605,
      "t": 606.1750252163101
    },
    "t_a": {
      "c": 0.6790384317799792,
      "t": 0
    },
    "t_g_l": {
      "c": 49.535991419770525,
      "t": 0
    },
    "t_g_r": {
      "c": 57.28673504266735,
      "t": 0
    },
    "t_d": {
      "c": 78.27205770823335,
      "t": 0
    },
    "t_e": {
      "c": 99.58316861168721,
      "t": 0
    }
  },
  "curves": {
    "L_1": {
      "start": "tmA",
      "end": "e1_l",
      "type": "liquidus",
      "power": 0.8
    },
    "L_2": {
      "start": "e1_l",
      "end": "im_t",
      "type": "liquidus",
      "power": 1.2
    },
    "L_3": {
      "start": "im_t",
      "end": "p_l",
      "type": "liquidus",
      "power": 0.9
    },
    "L_4": {
      "start": "p_l",
      "end": "e2_l",
      "type": "liquidus",
      "power": 1.1
    },
    "L_5": {
      "start": "e2_l",
      "end": "tmB",
      "type": "liquidus",
      "power": 0.8
    },
    "S_a": {
      "start": "tmA",
      "end": "e1_a",
      "type": "solidus",
      "power": 1.2
    },
    "S_e": {
      "start": "tmB",
      "end": "e2_e",
      "type": "solidus",
      "power": 1.1
    },
    "sol_a": {
      "start": "e1_a",
      "end": "eu_a",
      "type": "solvus",
      "power": 2.0
    },
    "sol_a_bot": {
      "start": "eu_a",
      "end": "t_a",
      "type": "solvus",
      "power": 1.5
    },
    "sol_e": {
      "start": "e2_e",
      "end": "t_e",
      "type": "solvus",
      "power": 1.8
    },
    "i_e1": {
      "start": "e1_a",
      "end": "e1_b",
      "type": "horizontal"
    },
    "i_eu": {
      "start": "eu_a",
      "end": "eu_g",
      "type": "horizontal"
    },
    "i_p": {
      "start": "p_im",
      "end": "p_l",
      "type": "horizontal"
    },
    "i_e2": {
      "start": "e2_d",
      "end": "e2_e",
      "type": "horizontal"
    },
    "im_vert": {
      "start": "im_t",
      "end": "im_b",
      "type": "vertical"
    }
  },
  "regions": {
    "R_a": {
      "type": "single-phase",
      "phase_name": "\u03b1",
      "label": {
        "text": "\u03b1",
        "c": 4,
        "t": 600
      },
      "bounding_curves": [
        {
          "id": "S_a",
          "dir": 1
        },
        {
          "id": "sol_a",
          "dir": 1
        },
        {
          "id": "sol_a_bot",
          "dir": 1
        },
        {
          "id": "bot_a",
          "dir": -1
        },
        {
          "id": "e_L",
          "dir": 1
        }
      ]
    }
  }
}