{
  "metadata": {
    "id": "final_boss_207",
    "axes": {
      "c_max": 100,
      "t_max": 1200
    }
  },
  "nodes": {
    "tmA": {
      "c": 0,
      "t": 1116
    },
    "tmB": {
      "c": 100,
      "t": 1144
    },
    "e1_a": {
      "c": 14.477725885761622,
      "t": 813.5618649287752
    },
    "e1_l": {
      "c": 27.324991955528848,
      "t": 813.5618649287752
    },
    "e1_b": {
      "c": 36.388990739023185,
      "t": 813.5618649287752
    },
    "eu_b": {
      "c": 29.779066678754813,
      "t": 569.0858626046559
    },
    "eu_a": {
      "c": 4.204577640180803,
      "t": 569.0858626046559
    },
    "eu_g": {
      "c": 37.47506083964581,
      "t": 569.0858626046559
    },
    "im_t": {
      "c": 49.62255465961458,
      "t": 1095.9368593404379
    },
    "im_b": {
      "c": 49.62255465961458,
      "t": 0
    },
    "p_im": {
      "c": 49.62255465961458,
      "t": 996.1942890139201
    },
    "p_l": {
      "c": 78.51750111094339,
      "t": 996.1942890139201
    },
    "p_d": {
      "c": 64.95644651867683,
      "t": 996.1942890139201
    },
    "e2_d": {
      "c": 72.19382813206316,
      "t": 885.8854728376004
    },
    "e2_l": {
      "c": 78.7122820048196,
      "t": 885.8854728376004
    },
    "e2_e": {
      "c": 84.37195257866928,
      "t": 885.8854728376004
    },
    "t_a": {
      "c": 0.7973489907173753,
      "t": 0
    },
    "t_g_l": {
      "c": 35.84471670589271,
      "t": 0
    },
    "t_g_r": {
      "c": 44.59611687785442,
      "t": 0
    },
    "t_d": {
      "c": 68.83418487585378,
      "t": 0
    },
    "t_e": {
      "c": 94.70427485050017,
      "t": 0
    }
  },
  "curves": {
    "L_1": {
      "start": "tmA",
      "end": "e1_l",
      "type": "liquidus",
      "power": 0.8
    },
    "L_2": {
      "start": "e1_l",
      "end": "im_t",
      "type": "liquidus",
      "power": 1.2
    },
    "L_3": {
      "start": "im_t",
      "end": "p_l",
      "type": "liquidus",
      "power": 0.9
    },
    "L_4": {
      "start": "p_l",
      "end": "e2_l",
      "type": "liquidus",
      "power": 1.1
    },
    "L_5": {
      "start": "e2_l",
      "end": "tmB",
      "type": "liquidus",
      "power": 0.8
    },
    "S_a": {
      "start": "tmA",
      "end": "e1_a",
      "type": "solidus",
      "power": 1.2
    },
    "S_e": {
      "start": "tmB",
      "end": "e2_e",
      "type": "solidus",
      "power": 1.1
    },
    "sol_a": {
      "start": "e1_a",
      "end": "eu_a",
      "type": "solvus",
      "power": 2.0
    },
    "sol_a_bot": {
      "start": "eu_a",
      "end": "t_a",
      "type": "solvus",
      "power": 1.5
    },
    "sol_e": {
      "start": "e2_e",
      "end": "t_e",
      "type": "solvus",
      "power": 1.8
    },
    "i_e1": {
      "start": "e1_a",
      "end": "e1_b",
      "type": "horizontal"
    },
    "i_eu": {
      "start": "eu_a",
      "end": "eu_g",
      "type": "horizontal"
    },
    "i_p": {
      "start": "p_im",
      "end": "p_l",
      "type": "horizontal"
    },
    "i_e2": {
      "start": "e2_d",
      "end": "e2_e",
      "type": "horizontal"
    },
    "im_vert": {
      "start": "im_t",
      "end": "im_b",
      "type": "vertical"
    }
  },
  "regions": {
    "R_a": {
      "type": "single-phase",
      "phase_name": "\u03b1",
      "label": {
        "text": "\u03b1",
        "c": 4,
        "t": 600
      },
      "bounding_curves": [
        {
          "id": "S_a",
          "dir": 1
        },
        {
          "id": "sol_a",
          "dir": 1
        },
        {
          "id": "sol_a_bot",
          "dir": 1
        },
        {
          "id": "bot_a",
          "dir": -1
        },
        {
          "id": "e_L",
          "dir": 1
        }
      ]
    }
  }
}