{
  "metadata": {
    "id": "final_boss_19",
    "axes": {
      "c_max": 100,
      "t_max": 1200
    }
  },
  "nodes": {
    "tmA": {
      "c": 0,
      "t": 1100
    },
    "tmB": {
      "c": 100,
      "t": 1120
    },
    "e1_a": {
      "c": 14.706801362851126,
      "t": 878.1452871178008
    },
    "e1_l": {
      "c": 31.84121373141206,
      "t": 878.1452871178008
    },
    "e1_b": {
      "c": 41.94368432582347,
      "t": 878.1452871178008
    },
    "eu_b": {
      "c": 38.87275286328971,
      "t": 619.3932880325042
    },
    "eu_a": {
      "c": 6.349811545397557,
      "t": 619.3932880325042
    },
    "eu_g": {
      "c": 47.195250052383166,
      "t": 619.3932880325042
    },
    "im_t": {
      "c": 72.45255520699003,
      "t": 983.3238343319634
    },
    "im_b": {
      "c": 72.45255520699003,
      "t": 0
    },
    "p_im": {
      "c": 72.45255520699003,
      "t": 929.0349736328662
    },
    "p_l": {
      "c": 84.68661647109245,
      "t": 929.0349736328662
    },
    "p_d": {
      "c": 78.75911011364437,
      "t": 929.0349736328662
    },
    "e2_d": {
      "c": 80.70556340472606,
      "t": 613.8387150593852
    },
    "e2_l": {
      "c": 88.61277798188803,
      "t": 613.8387150593852
    },
    "e2_e": {
      "c": 95.66908603774702,
      "t": 613.8387150593852
    },
    "t_a": {
      "c": 3.0969651266206166,
      "t": 0
    },
    "t_g_l": {
      "c": 44.53679822900395,
      "t": 0
    },
    "t_g_r": {
      "c": 62.1023889589642,
      "t": 0
    },
    "t_d": {
      "c": 80.06681603244904,
      "t": 0
    },
    "t_e": {
      "c": 99.8315998227658,
      "t": 0
    }
  },
  "curves": {
    "L_1": {
      "start": "tmA",
      "end": "e1_l",
      "type": "liquidus",
      "power": 0.8
    },
    "L_2": {
      "start": "e1_l",
      "end": "im_t",
      "type": "liquidus",
      "power": 1.2
    },
    "L_3": {
      "start": "im_t",
      "end": "p_l",
      "type": "liquidus",
      "power": 0.9
    },
    "L_4": {
      "start": "p_l",
      "end": "e2_l",
      "type": "liquidus",
      "power": 1.1
    },
    "L_5": {
      "start": "e2_l",
      "end": "tmB",
      "type": "liquidus",
      "power": 0.8
    },
    "S_a": {
      "start": "tmA",
      "end": "e1_a",
      "type": "solidus",
      "power": 1.2
    },
    "S_e": {
      "start": "tmB",
      "end": "e2_e",
      "type": "solidus",
      "power": 1.1
    },
    "sol_a": {
      "start": "e1_a",
      "end": "eu_a",
      "type": "solvus",
      "power": 2.0
    },
    "sol_a_bot": {
      "start": "eu_a",
      "end": "t_a",
      "type": "solvus",
      "power": 1.5
    },
    "sol_e": {
      "start": "e2_e",
      "end": "t_e",
      "type": "solvus",
      "power": 1.8
    },
    "i_e1": {
      "start": "e1_a",
      "end": "e1_b",
      "type": "horizontal"
    },
    "i_eu": {
      "start": "eu_a",
      "end": "eu_g",
      "type": "horizontal"
    },
    "i_p": {
      "start": "p_im",
      "end": "p_l",
      "type": "horizontal"
    },
    "i_e2": {
      "start": "e2_d",
      "end": "e2_e",
      "type": "horizontal"
    },
    "im_vert": {
      "start": "im_t",
      "end": "im_b",
      "type": "vertical"
    }
  },
  "regions": {
    "R_a": {
      "type": "single-phase",
      "phase_name": "\u03b1",
      "label": {
        "text": "\u03b1",
        "c": 4,
        "t": 600
      },
      "bounding_curves": [
        {
          "id": "S_a",
          "dir": 1
        },
        {
          "id": "sol_a",
          "dir": 1
        },
        {
          "id": "sol_a_bot",
          "dir": 1
        },
        {
          "id": "bot_a",
          "dir": -1
        },
        {
          "id": "e_L",
          "dir": 1
        }
      ]
    }
  }
}