{
  "metadata": {
    "id": "final_boss_26",
    "axes": {
      "c_max": 100,
      "t_max": 1200
    }
  },
  "nodes": {
    "tmA": {
      "c": 0,
      "t": 1078
    },
    "tmB": {
      "c": 100,
      "t": 1054
    },
    "e1_a": {
      "c": 8.92204678372873,
      "t": 826.7054690917226
    },
    "e1_l": {
      "c": 18.177832749378094,
      "t": 826.7054690917226
    },
    "e1_b": {
      "c": 31.62432836418768,
      "t": 826.7054690917226
    },
    "eu_b": {
      "c": 23.198883725268594,
      "t": 624.5640585873953
    },
    "eu_a": {
      "c": 6.577312726336693,
      "t": 624.5640585873953
    },
    "eu_g": {
      "c": 31.8889238235638,
      "t": 624.5640585873953
    },
    "im_t": {
      "c": 44.06200505765589,
      "t": 1166.9521868728211
    },
    "im_b": {
      "c": 44.06200505765589,
      "t": 0
    },
    "p_im": {
      "c": 44.06200505765589,
      "t": 808.4429096233066
    },
    "p_l": {
      "c": 62.675506901676115,
      "t": 808.4429096233066
    },
    "p_d": {
      "c": 55.03280345161782,
      "t": 808.4429096233066
    },
    "e2_d": {
      "c": 58.29477334065565,
      "t": 540.4995093158302
    },
    "e2_l": {
      "c": 65.8220921037354,
      "t": 540.4995093158302
    },
    "e2_e": {
      "c": 93.81783447901445,
      "t": 540.4995093158302
    },
    "t_a": {
      "c": 3.3335015827558165,
      "t": 0
    },
    "t_g_l": {
      "c": 29.933955796977777,
      "t": 0
    },
    "t_g_r": {
      "c": 38.97519541915552,
      "t": 0
    },
    "t_d": {
      "c": 53.505631778725586,
      "t": 0
    },
    "t_e": {
      "c": 98.88524529367882,
      "t": 0
    }
  },
  "curves": {
    "L_1": {
      "start": "tmA",
      "end": "e1_l",
      "type": "liquidus",
      "power": 0.8
    },
    "L_2": {
      "start": "e1_l",
      "end": "im_t",
      "type": "liquidus",
      "power": 1.2
    },
    "L_3": {
      "start": "im_t",
      "end": "p_l",
      "type": "liquidus",
      "power": 0.9
    },
    "L_4": {
      "start": "p_l",
      "end": "e2_l",
      "type": "liquidus",
      "power": 1.1
    },
    "L_5": {
      "start": "e2_l",
      "end": "tmB",
      "type": "liquidus",
      "power": 0.8
    },
    "S_a": {
      "start": "tmA",
      "end": "e1_a",
      "type": "solidus",
      "power": 1.2
    },
    "S_e": {
      "start": "tmB",
      "end": "e2_e",
      "type": "solidus",
      "power": 1.1
    },
    "sol_a": {
      "start": "e1_a",
      "end": "eu_a",
      "type": "solvus",
      "power": 2.0
    },
    "sol_a_bot": {
      "start": "eu_a",
      "end": "t_a",
      "type": "solvus",
      "power": 1.5
    },
    "sol_e": {
      "start": "e2_e",
      "end": "t_e",
      "type": "solvus",
      "power": 1.8
    },
    "i_e1": {
      "start": "e1_a",
      "end": "e1_b",
      "type": "horizontal"
    },
    "i_eu": {
      "start": "eu_a",
      "end": "eu_g",
      "type": "horizontal"
    },
    "i_p": {
      "start": "p_im",
      "end": "p_l",
      "type": "horizontal"
    },
    "i_e2": {
      "start": "e2_d",
      "end": "e2_e",
      "type": "horizontal"
    },
    "im_vert": {
      "start": "im_t",
      "end": "im_b",
      "type": "vertical"
    }
  },
  "regions": {
    "R_a": {
      "type": "single-phase",
      "phase_name": "\u03b1",
      "label": {
        "text": "\u03b1",
        "c": 4,
        "t": 600
      },
      "bounding_curves": [
        {
          "id": "S_a",
          "dir": 1
        },
        {
          "id": "sol_a",
          "dir": 1
        },
        {
          "id": "sol_a_bot",
          "dir": 1
        },
        {
          "id": "bot_a",
          "dir": -1
        },
        {
          "id": "e_L",
          "dir": 1
        }
      ]
    }
  }
}