{
  "metadata": {
    "id": "final_boss_39",
    "axes": {
      "c_max": 100,
      "t_max": 1200
    }
  },
  "nodes": {
    "tmA": {
      "c": 0,
      "t": 1125
    },
    "tmB": {
      "c": 100,
      "t": 1109
    },
    "e1_a": {
      "c": 8.279478144864285,
      "t": 847.9590595201835
    },
    "e1_l": {
      "c": 20.778468319045707,
      "t": 847.9590595201835
    },
    "e1_b": {
      "c": 31.559540749536687,
      "t": 847.9590595201835
    },
    "eu_b": {
      "c": 26.314993951291157,
      "t": 539.9743890118681
    },
    "eu_a": {
      "c": 5.944938201298596,
      "t": 539.9743890118681
    },
    "eu_g": {
      "c": 39.65168128076381,
      "t": 539.9743890118681
    },
    "im_t": {
      "c": 60.07520580516013,
      "t": 1055.5814625945836
    },
    "im_b": {
      "c": 60.07520580516013,
      "t": 0
    },
    "p_im": {
      "c": 60.07520580516013,
      "t": 806.5182482197575
    },
    "p_l": {
      "c": 87.09369640537462,
      "t": 806.5182482197575
    },
    "p_d": {
      "c": 71.14838700874104,
      "t": 806.5182482197575
    },
    "e2_d": {
      "c": 82.52084454807189,
      "t": 486.85776888029886
    },
    "e2_l": {
      "c": 89.0740366289693,
      "t": 486.85776888029886
    },
    "e2_e": {
      "c": 94.01333441415903,
      "t": 486.85776888029886
    },
    "t_a": {
      "c": 3.337887124850763,
      "t": 0
    },
    "t_g_l": {
      "c": 37.82771059198495,
      "t": 0
    },
    "t_g_r": {
      "c": 50.542549732598815,
      "t": 0
    },
    "t_d": {
      "c": 71.88758024397433,
      "t": 0
    },
    "t_e": {
      "c": 99.85293162284255,
      "t": 0
    }
  },
  "curves": {
    "L_1": {
      "start": "tmA",
      "end": "e1_l",
      "type": "liquidus",
      "power": 0.8
    },
    "L_2": {
      "start": "e1_l",
      "end": "im_t",
      "type": "liquidus",
      "power": 1.2
    },
    "L_3": {
      "start": "im_t",
      "end": "p_l",
      "type": "liquidus",
      "power": 0.9
    },
    "L_4": {
      "start": "p_l",
      "end": "e2_l",
      "type": "liquidus",
      "power": 1.1
    },
    "L_5": {
      "start": "e2_l",
      "end": "tmB",
      "type": "liquidus",
      "power": 0.8
    },
    "S_a": {
      "start": "tmA",
      "end": "e1_a",
      "type": "solidus",
      "power": 1.2
    },
    "S_e": {
      "start": "tmB",
      "end": "e2_e",
      "type": "solidus",
      "power": 1.1
    },
    "sol_a": {
      "start": "e1_a",
      "end": "eu_a",
      "type": "solvus",
      "power": 2.0
    },
    "sol_a_bot": {
      "start": "eu_a",
      "end": "t_a",
      "type": "solvus",
      "power": 1.5
    },
    "sol_e": {
      "start": "e2_e",
      "end": "t_e",
      "type": "solvus",
      "power": 1.8
    },
    "i_e1": {
      "start": "e1_a",
      "end": "e1_b",
      "type": "horizontal"
    },
    "i_eu": {
      "start": "eu_a",
      "end": "eu_g",
      "type": "horizontal"
    },
    "i_p": {
      "start": "p_im",
      "end": "p_l",
      "type": "horizontal"
    },
    "i_e2": {
      "start": "e2_d",
      "end": "e2_e",
      "type": "horizontal"
    },
    "im_vert": {
      "start": "im_t",
      "end": "im_b",
      "type": "vertical"
    }
  },
  "regions": {
    "R_a": {
      "type": "single-phase",
      "phase_name": "\u03b1",
      "label": {
        "text": "\u03b1",
        "c": 4,
        "t": 600
      },
      "bounding_curves": [
        {
          "id": "S_a",
          "dir": 1
        },
        {
          "id": "sol_a",
          "dir": 1
        },
        {
          "id": "sol_a_bot",
          "dir": 1
        },
        {
          "id": "bot_a",
          "dir": -1
        },
        {
          "id": "e_L",
          "dir": 1
        }
      ]
    }
  }
}