{
  "metadata": {
    "id": "final_boss_355",
    "axes": {
      "c_max": 100,
      "t_max": 1200
    }
  },
  "nodes": {
    "tmA": {
      "c": 0,
      "t": 1099
    },
    "tmB": {
      "c": 100,
      "t": 1118
    },
    "e1_a": {
      "c": 17.75962935148764,
      "t": 824.0499371100918
    },
    "e1_l": {
      "c": 35.856034333056215,
      "t": 824.0499371100918
    },
    "e1_b": {
      "c": 48.266786810429224,
      "t": 824.0499371100918
    },
    "eu_b": {
      "c": 45.98644238094531,
      "t": 715.1127128374127
    },
    "eu_a": {
      "c": 4.769801628497496,
      "t": 715.1127128374127
    },
    "eu_g": {
      "c": 54.33027255361974,
      "t": 715.1127128374127
    },
    "im_t": {
      "c": 69.09911096988516,
      "t": 1065.3241199435352
    },
    "im_b": {
      "c": 69.09911096988516,
      "t": 0
    },
    "p_im": {
      "c": 69.09911096988516,
      "t": 928.9108633682398
    },
    "p_l": {
      "c": 79.20497597748017,
      "t": 928.9108633682398
    },
    "p_d": {
      "c": 74.65874758242771,
      "t": 928.9108633682398
    },
    "e2_d": {
      "c": 75.460372564396,
      "t": 500.8224207640721
    },
    "e2_l": {
      "c": 82.99554694138975,
      "t": 500.8224207640721
    },
    "e2_e": {
      "c": 93.83518231050539,
      "t": 500.8224207640721
    },
    "t_a": {
      "c": 0.17052228572305186,
      "t": 0
    },
    "t_g_l": {
      "c": 54.19399767895034,
      "t": 0
    },
    "t_g_r": {
      "c": 63.123044498338096,
      "t": 0
    },
    "t_d": {
      "c": 75.03912082704596,
      "t": 0
    },
    "t_e": {
      "c": 99.65966230563699,
      "t": 0
    }
  },
  "curves": {
    "L_1": {
      "start": "tmA",
      "end": "e1_l",
      "type": "liquidus",
      "power": 0.8
    },
    "L_2": {
      "start": "e1_l",
      "end": "im_t",
      "type": "liquidus",
      "power": 1.2
    },
    "L_3": {
      "start": "im_t",
      "end": "p_l",
      "type": "liquidus",
      "power": 0.9
    },
    "L_4": {
      "start": "p_l",
      "end": "e2_l",
      "type": "liquidus",
      "power": 1.1
    },
    "L_5": {
      "start": "e2_l",
      "end": "tmB",
      "type": "liquidus",
      "power": 0.8
    },
    "S_a": {
      "start": "tmA",
      "end": "e1_a",
      "type": "solidus",
      "power": 1.2
    },
    "S_e": {
      "start": "tmB",
      "end": "e2_e",
      "type": "solidus",
      "power": 1.1
    },
    "sol_a": {
      "start": "e1_a",
      "end": "eu_a",
      "type": "solvus",
      "power": 2.0
    },
    "sol_a_bot": {
      "start": "eu_a",
      "end": "t_a",
      "type": "solvus",
      "power": 1.5
    },
    "sol_e": {
      "start": "e2_e",
      "end": "t_e",
      "type": "solvus",
      "power": 1.8
    },
    "i_e1": {
      "start": "e1_a",
      "end": "e1_b",
      "type": "horizontal"
    },
    "i_eu": {
      "start": "eu_a",
      "end": "eu_g",
      "type": "horizontal"
    },
    "i_p": {
      "start": "p_im",
      "end": "p_l",
      "type": "horizontal"
    },
    "i_e2": {
      "start": "e2_d",
      "end": "e2_e",
      "type": "horizontal"
    },
    "im_vert": {
      "start": "im_t",
      "end": "im_b",
      "type": "vertical"
    }
  },
  "regions": {
    "R_a": {
      "type": "single-phase",
      "phase_name": "\u03b1",
      "label": {
        "text": "\u03b1",
        "c": 4,
        "t": 600
      },
      "bounding_curves": [
        {
          "id": "S_a",
          "dir": 1
        },
        {
          "id": "sol_a",
          "dir": 1
        },
        {
          "id": "sol_a_bot",
          "dir": 1
        },
        {
          "id": "bot_a",
          "dir": -1
        },
        {
          "id": "e_L",
          "dir": 1
        }
      ]
    }
  }
}