{
  "metadata": {
    "id": "final_boss_139",
    "axes": {
      "c_max": 100,
      "t_max": 1200
    }
  },
  "nodes": {
    "tmA": {
      "c": 0,
      "t": 1073
    },
    "tmB": {
      "c": 100,
      "t": 1135
    },
    "e1_a": {
      "c": 13.727615266069867,
      "t": 941.0895366301238
    },
    "e1_l": {
      "c": 32.38596105825202,
      "t": 941.0895366301238
    },
    "e1_b": {
      "c": 41.84250496793313,
      "t": 941.0895366301238
    },
    "eu_b": {
      "c": 37.95814745292095,
      "t": 783.8407939148606
    },
    "eu_a": {
      "c": 8.929965233267419,
      "t": 783.8407939148606
    },
    "eu_g": {
      "c": 49.84398416876874,
      "t": 783.8407939148606
    },
    "im_t": {
      "c": 71.95185716550789,
      "t": 1165.710544918143
    },
    "im_b": {
      "c": 71.95185716550789,
      "t": 0
    },
    "p_im": {
      "c": 71.95185716550789,
      "t": 854.9953299172817
    },
    "p_l": {
      "c": 86.78482860258826,
      "t": 854.9953299172817
    },
    "p_d": {
      "c": 78.45544205595182,
      "t": 854.9953299172817
    },
    "e2_d": {
      "c": 82.25571449625296,
      "t": 514.4694494408111
    },
    "e2_l": {
      "c": 88.84587562537911,
      "t": 514.4694494408111
    },
    "e2_e": {
      "c": 95.90407728278082,
      "t": 514.4694494408111
    },
    "t_a": {
      "c": 3.9634869720160997,
      "t": 0
    },
    "t_g_l": {
      "c": 47.74486763983732,
      "t": 0
    },
    "t_g_r": {
      "c": 50.02446693926381,
      "t": 0
    },
    "t_d": {
      "c": 80.18624494325033,
      "t": 0
    },
    "t_e": {
      "c": 98.74339273784003,
      "t": 0
    }
  },
  "curves": {
    "L_1": {
      "start": "tmA",
      "end": "e1_l",
      "type": "liquidus",
      "power": 0.8
    },
    "L_2": {
      "start": "e1_l",
      "end": "im_t",
      "type": "liquidus",
      "power": 1.2
    },
    "L_3": {
      "start": "im_t",
      "end": "p_l",
      "type": "liquidus",
      "power": 0.9
    },
    "L_4": {
      "start": "p_l",
      "end": "e2_l",
      "type": "liquidus",
      "power": 1.1
    },
    "L_5": {
      "start": "e2_l",
      "end": "tmB",
      "type": "liquidus",
      "power": 0.8
    },
    "S_a": {
      "start": "tmA",
      "end": "e1_a",
      "type": "solidus",
      "power": 1.2
    },
    "S_e": {
      "start": "tmB",
      "end": "e2_e",
      "type": "solidus",
      "power": 1.1
    },
    "sol_a": {
      "start": "e1_a",
      "end": "eu_a",
      "type": "solvus",
      "power": 2.0
    },
    "sol_a_bot": {
      "start": "eu_a",
      "end": "t_a",
      "type": "solvus",
      "power": 1.5
    },
    "sol_e": {
      "start": "e2_e",
      "end": "t_e",
      "type": "solvus",
      "power": 1.8
    },
    "i_e1": {
      "start": "e1_a",
      "end": "e1_b",
      "type": "horizontal"
    },
    "i_eu": {
      "start": "eu_a",
      "end": "eu_g",
      "type": "horizontal"
    },
    "i_p": {
      "start": "p_im",
      "end": "p_l",
      "type": "horizontal"
    },
    "i_e2": {
      "start": "e2_d",
      "end": "e2_e",
      "type": "horizontal"
    },
    "im_vert": {
      "start": "im_t",
      "end": "im_b",
      "type": "vertical"
    }
  },
  "regions": {
    "R_a": {
      "type": "single-phase",
      "phase_name": "\u03b1",
      "label": {
        "text": "\u03b1",
        "c": 4,
        "t": 600
      },
      "bounding_curves": [
        {
          "id": "S_a",
          "dir": 1
        },
        {
          "id": "sol_a",
          "dir": 1
        },
        {
          "id": "sol_a_bot",
          "dir": 1
        },
        {
          "id": "bot_a",
          "dir": -1
        },
        {
          "id": "e_L",
          "dir": 1
        }
      ]
    }
  }
}