{
  "metadata": {
    "id": "final_boss_18",
    "axes": {
      "c_max": 100,
      "t_max": 1200
    }
  },
  "nodes": {
    "tmA": {
      "c": 0,
      "t": 1132
    },
    "tmB": {
      "c": 100,
      "t": 1141
    },
    "e1_a": {
      "c": 13.785842767990522,
      "t": 851.1569967699193
    },
    "e1_l": {
      "c": 28.35684610528492,
      "t": 851.1569967699193
    },
    "e1_b": {
      "c": 37.13842660123449,
      "t": 851.1569967699193
    },
    "eu_b": {
      "c": 31.25191246518561,
      "t": 547.3302139002091
    },
    "eu_a": {
      "c": 4.001967813726312,
      "t": 547.3302139002091
    },
    "eu_g": {
      "c": 36.67510422920043,
      "t": 547.3302139002091
    },
    "im_t": {
      "c": 67.42341121659913,
      "t": 992.4290056019496
    },
    "im_b": {
      "c": 67.42341121659913,
      "t": 0
    },
    "p_im": {
      "c": 67.42341121659913,
      "t": 794.8502566038152
    },
    "p_l": {
      "c": 77.9570494051527,
      "t": 794.8502566038152
    },
    "p_d": {
      "c": 71.43020637341056,
      "t": 794.8502566038152
    },
    "e2_d": {
      "c": 73.45432744923515,
      "t": 558.0992812775074
    },
    "e2_l": {
      "c": 81.57807292532932,
      "t": 558.0992812775074
    },
    "e2_e": {
      "c": 95.73810280344155,
      "t": 558.0992812775074
    },
    "t_a": {
      "c": 1.221646010556192,
      "t": 0
    },
    "t_g_l": {
      "c": 34.22605398413545,
      "t": 0
    },
    "t_g_r": {
      "c": 39.937740721306845,
      "t": 0
    },
    "t_d": {
      "c": 71.10463602244359,
      "t": 0
    },
    "t_e": {
      "c": 97.87421699874844,
      "t": 0
    }
  },
  "curves": {
    "L_1": {
      "start": "tmA",
      "end": "e1_l",
      "type": "liquidus",
      "power": 0.8
    },
    "L_2": {
      "start": "e1_l",
      "end": "im_t",
      "type": "liquidus",
      "power": 1.2
    },
    "L_3": {
      "start": "im_t",
      "end": "p_l",
      "type": "liquidus",
      "power": 0.9
    },
    "L_4": {
      "start": "p_l",
      "end": "e2_l",
      "type": "liquidus",
      "power": 1.1
    },
    "L_5": {
      "start": "e2_l",
      "end": "tmB",
      "type": "liquidus",
      "power": 0.8
    },
    "S_a": {
      "start": "tmA",
      "end": "e1_a",
      "type": "solidus",
      "power": 1.2
    },
    "S_e": {
      "start": "tmB",
      "end": "e2_e",
      "type": "solidus",
      "power": 1.1
    },
    "sol_a": {
      "start": "e1_a",
      "end": "eu_a",
      "type": "solvus",
      "power": 2.0
    },
    "sol_a_bot": {
      "start": "eu_a",
      "end": "t_a",
      "type": "solvus",
      "power": 1.5
    },
    "sol_e": {
      "start": "e2_e",
      "end": "t_e",
      "type": "solvus",
      "power": 1.8
    },
    "i_e1": {
      "start": "e1_a",
      "end": "e1_b",
      "type": "horizontal"
    },
    "i_eu": {
      "start": "eu_a",
      "end": "eu_g",
      "type": "horizontal"
    },
    "i_p": {
      "start": "p_im",
      "end": "p_l",
      "type": "horizontal"
    },
    "i_e2": {
      "start": "e2_d",
      "end": "e2_e",
      "type": "horizontal"
    },
    "im_vert": {
      "start": "im_t",
      "end": "im_b",
      "type": "vertical"
    }
  },
  "regions": {
    "R_a": {
      "type": "single-phase",
      "phase_name": "\u03b1",
      "label": {
        "text": "\u03b1",
        "c": 4,
        "t": 600
      },
      "bounding_curves": [
        {
          "id": "S_a",
          "dir": 1
        },
        {
          "id": "sol_a",
          "dir": 1
        },
        {
          "id": "sol_a_bot",
          "dir": 1
        },
        {
          "id": "bot_a",
          "dir": -1
        },
        {
          "id": "e_L",
          "dir": 1
        }
      ]
    }
  }
}