{
  "metadata": {
    "id": "final_boss_79",
    "axes": {
      "c_max": 100,
      "t_max": 1200
    }
  },
  "nodes": {
    "tmA": {
      "c": 0,
      "t": 1107
    },
    "tmB": {
      "c": 100,
      "t": 1008
    },
    "e1_a": {
      "c": 13.680389100995102,
      "t": 944.5145306911095
    },
    "e1_l": {
      "c": 24.889476585681038,
      "t": 944.5145306911095
    },
    "e1_b": {
      "c": 34.37232590962624,
      "t": 944.5145306911095
    },
    "eu_b": {
      "c": 27.64574787316635,
      "t": 734.5112890134055
    },
    "eu_a": {
      "c": 6.9298046648060305,
      "t": 734.5112890134055
    },
    "eu_g": {
      "c": 40.73812813805843,
      "t": 734.5112890134055
    },
    "im_t": {
      "c": 50.96805181795591,
      "t": 1030.7604080719277
    },
    "im_b": {
      "c": 50.96805181795591,
      "t": 0
    },
    "p_im": {
      "c": 50.96805181795591,
      "t": 844.0330660282608
    },
    "p_l": {
      "c": 86.4014918899853,
      "t": 844.0330660282608
    },
    "p_d": {
      "c": 70.50917367157913,
      "t": 844.0330660282608
    },
    "e2_d": {
      "c": 76.88618370637005,
      "t": 731.966648822824
    },
    "e2_l": {
      "c": 89.57293237974623,
      "t": 731.966648822824
    },
    "e2_e": {
      "c": 93.60212252369352,
      "t": 731.966648822824
    },
    "t_a": {
      "c": 2.347068006780182,
      "t": 0
    },
    "t_g_l": {
      "c": 40.18659592824187,
      "t": 0
    },
    "t_g_r": {
      "c": 41.878345009142,
      "t": 0
    },
    "t_d": {
      "c": 74.4878100725058,
      "t": 0
    },
    "t_e": {
      "c": 98.42358703545993,
      "t": 0
    }
  },
  "curves": {
    "L_1": {
      "start": "tmA",
      "end": "e1_l",
      "type": "liquidus",
      "power": 0.8
    },
    "L_2": {
      "start": "e1_l",
      "end": "im_t",
      "type": "liquidus",
      "power": 1.2
    },
    "L_3": {
      "start": "im_t",
      "end": "p_l",
      "type": "liquidus",
      "power": 0.9
    },
    "L_4": {
      "start": "p_l",
      "end": "e2_l",
      "type": "liquidus",
      "power": 1.1
    },
    "L_5": {
      "start": "e2_l",
      "end": "tmB",
      "type": "liquidus",
      "power": 0.8
    },
    "S_a": {
      "start": "tmA",
      "end": "e1_a",
      "type": "solidus",
      "power": 1.2
    },
    "S_e": {
      "start": "tmB",
      "end": "e2_e",
      "type": "solidus",
      "power": 1.1
    },
    "sol_a": {
      "start": "e1_a",
      "end": "eu_a",
      "type": "solvus",
      "power": 2.0
    },
    "sol_a_bot": {
      "start": "eu_a",
      "end": "t_a",
      "type": "solvus",
      "power": 1.5
    },
    "sol_e": {
      "start": "e2_e",
      "end": "t_e",
      "type": "solvus",
      "power": 1.8
    },
    "i_e1": {
      "start": "e1_a",
      "end": "e1_b",
      "type": "horizontal"
    },
    "i_eu": {
      "start": "eu_a",
      "end": "eu_g",
      "type": "horizontal"
    },
    "i_p": {
      "start": "p_im",
      "end": "p_l",
      "type": "horizontal"
    },
    "i_e2": {
      "start": "e2_d",
      "end": "e2_e",
      "type": "horizontal"
    },
    "im_vert": {
      "start": "im_t",
      "end": "im_b",
      "type": "vertical"
    }
  },
  "regions": {
    "R_a": {
      "type": "single-phase",
      "phase_name": "\u03b1",
      "label": {
        "text": "\u03b1",
        "c": 4,
        "t": 600
      },
      "bounding_curves": [
        {
          "id": "S_a",
          "dir": 1
        },
        {
          "id": "sol_a",
          "dir": 1
        },
        {
          "id": "sol_a_bot",
          "dir": 1
        },
        {
          "id": "bot_a",
          "dir": -1
        },
        {
          "id": "e_L",
          "dir": 1
        }
      ]
    }
  }
}