{
  "metadata": {
    "id": "final_boss_290",
    "axes": {
      "c_max": 100,
      "t_max": 1200
    }
  },
  "nodes": {
    "tmA": {
      "c": 0,
      "t": 1117
    },
    "tmB": {
      "c": 100,
      "t": 1092
    },
    "e1_a": {
      "c": 17.127532690689904,
      "t": 922.3399265234191
    },
    "e1_l": {
      "c": 35.80042673326251,
      "t": 922.3399265234191
    },
    "e1_b": {
      "c": 44.75441205645372,
      "t": 922.3399265234191
    },
    "eu_b": {
      "c": 41.99477788287179,
      "t": 585.1866537322053
    },
    "eu_a": {
      "c": 8.760901816555787,
      "t": 585.1866537322053
    },
    "eu_g": {
      "c": 56.78316321438991,
      "t": 585.1866537322053
    },
    "im_t": {
      "c": 72.72699152869554,
      "t": 961.2369637701865
    },
    "im_b": {
      "c": 72.72699152869554,
      "t": 0
    },
    "p_im": {
      "c": 72.72699152869554,
      "t": 819.6875792760854
    },
    "p_l": {
      "c": 86.09174128133897,
      "t": 819.6875792760854
    },
    "p_d": {
      "c": 79.72700227806443,
      "t": 819.6875792760854
    },
    "e2_d": {
      "c": 81.73122936589427,
      "t": 538.4798341262485
    },
    "e2_l": {
      "c": 90.44743058756586,
      "t": 538.4798341262485
    },
    "e2_e": {
      "c": 95.07208911001604,
      "t": 538.4798341262485
    },
    "t_a": {
      "c": 5.2257736581652505,
      "t": 0
    },
    "t_g_l": {
      "c": 54.0772364650744,
      "t": 0
    },
    "t_g_r": {
      "c": 68.06445624082298,
      "t": 0
    },
    "t_d": {
      "c": 78.30424481864793,
      "t": 0
    },
    "t_e": {
      "c": 98.80473374992589,
      "t": 0
    }
  },
  "curves": {
    "L_1": {
      "start": "tmA",
      "end": "e1_l",
      "type": "liquidus",
      "power": 0.8
    },
    "L_2": {
      "start": "e1_l",
      "end": "im_t",
      "type": "liquidus",
      "power": 1.2
    },
    "L_3": {
      "start": "im_t",
      "end": "p_l",
      "type": "liquidus",
      "power": 0.9
    },
    "L_4": {
      "start": "p_l",
      "end": "e2_l",
      "type": "liquidus",
      "power": 1.1
    },
    "L_5": {
      "start": "e2_l",
      "end": "tmB",
      "type": "liquidus",
      "power": 0.8
    },
    "S_a": {
      "start": "tmA",
      "end": "e1_a",
      "type": "solidus",
      "power": 1.2
    },
    "S_e": {
      "start": "tmB",
      "end": "e2_e",
      "type": "solidus",
      "power": 1.1
    },
    "sol_a": {
      "start": "e1_a",
      "end": "eu_a",
      "type": "solvus",
      "power": 2.0
    },
    "sol_a_bot": {
      "start": "eu_a",
      "end": "t_a",
      "type": "solvus",
      "power": 1.5
    },
    "sol_e": {
      "start": "e2_e",
      "end": "t_e",
      "type": "solvus",
      "power": 1.8
    },
    "i_e1": {
      "start": "e1_a",
      "end": "e1_b",
      "type": "horizontal"
    },
    "i_eu": {
      "start": "eu_a",
      "end": "eu_g",
      "type": "horizontal"
    },
    "i_p": {
      "start": "p_im",
      "end": "p_l",
      "type": "horizontal"
    },
    "i_e2": {
      "start": "e2_d",
      "end": "e2_e",
      "type": "horizontal"
    },
    "im_vert": {
      "start": "im_t",
      "end": "im_b",
      "type": "vertical"
    }
  },
  "regions": {
    "R_a": {
      "type": "single-phase",
      "phase_name": "\u03b1",
      "label": {
        "text": "\u03b1",
        "c": 4,
        "t": 600
      },
      "bounding_curves": [
        {
          "id": "S_a",
          "dir": 1
        },
        {
          "id": "sol_a",
          "dir": 1
        },
        {
          "id": "sol_a_bot",
          "dir": 1
        },
        {
          "id": "bot_a",
          "dir": -1
        },
        {
          "id": "e_L",
          "dir": 1
        }
      ]
    }
  }
}