{
  "metadata": {
    "id": "final_boss_317",
    "axes": {
      "c_max": 100,
      "t_max": 1200
    }
  },
  "nodes": {
    "tmA": {
      "c": 0,
      "t": 1102
    },
    "tmB": {
      "c": 100,
      "t": 1017
    },
    "e1_a": {
      "c": 18.023319485205146,
      "t": 913.3375620261533
    },
    "e1_l": {
      "c": 35.263507514330215,
      "t": 913.3375620261533
    },
    "e1_b": {
      "c": 49.692076254447244,
      "t": 913.3375620261533
    },
    "eu_b": {
      "c": 47.001223421404276,
      "t": 677.8183200666642
    },
    "eu_a": {
      "c": 11.365378334490767,
      "t": 677.8183200666642
    },
    "eu_g": {
      "c": 57.91049130827229,
      "t": 677.8183200666642
    },
    "im_t": {
      "c": 67.98340935177691,
      "t": 1012.4976679183816
    },
    "im_b": {
      "c": 67.98340935177691,
      "t": 0
    },
    "p_im": {
      "c": 67.98340935177691,
      "t": 771.6852337437584
    },
    "p_l": {
      "c": 79.4374124869281,
      "t": 771.6852337437584
    },
    "p_d": {
      "c": 75.86946793548961,
      "t": 771.6852337437584
    },
    "e2_d": {
      "c": 76.75474537277374,
      "t": 621.9712268016042
    },
    "e2_l": {
      "c": 83.25054806573321,
      "t": 621.9712268016042
    },
    "e2_e": {
      "c": 87.44809056556757,
      "t": 621.9712268016042
    },
    "t_a": {
      "c": 5.342467569643223,
      "t": 0
    },
    "t_g_l": {
      "c": 56.575054019018346,
      "t": 0
    },
    "t_g_r": {
      "c": 61.208846890016304,
      "t": 0
    },
    "t_d": {
      "c": 74.64292189080045,
      "t": 0
    },
    "t_e": {
      "c": 92.00227526760183,
      "t": 0
    }
  },
  "curves": {
    "L_1": {
      "start": "tmA",
      "end": "e1_l",
      "type": "liquidus",
      "power": 0.8
    },
    "L_2": {
      "start": "e1_l",
      "end": "im_t",
      "type": "liquidus",
      "power": 1.2
    },
    "L_3": {
      "start": "im_t",
      "end": "p_l",
      "type": "liquidus",
      "power": 0.9
    },
    "L_4": {
      "start": "p_l",
      "end": "e2_l",
      "type": "liquidus",
      "power": 1.1
    },
    "L_5": {
      "start": "e2_l",
      "end": "tmB",
      "type": "liquidus",
      "power": 0.8
    },
    "S_a": {
      "start": "tmA",
      "end": "e1_a",
      "type": "solidus",
      "power": 1.2
    },
    "S_e": {
      "start": "tmB",
      "end": "e2_e",
      "type": "solidus",
      "power": 1.1
    },
    "sol_a": {
      "start": "e1_a",
      "end": "eu_a",
      "type": "solvus",
      "power": 2.0
    },
    "sol_a_bot": {
      "start": "eu_a",
      "end": "t_a",
      "type": "solvus",
      "power": 1.5
    },
    "sol_e": {
      "start": "e2_e",
      "end": "t_e",
      "type": "solvus",
      "power": 1.8
    },
    "i_e1": {
      "start": "e1_a",
      "end": "e1_b",
      "type": "horizontal"
    },
    "i_eu": {
      "start": "eu_a",
      "end": "eu_g",
      "type": "horizontal"
    },
    "i_p": {
      "start": "p_im",
      "end": "p_l",
      "type": "horizontal"
    },
    "i_e2": {
      "start": "e2_d",
      "end": "e2_e",
      "type": "horizontal"
    },
    "im_vert": {
      "start": "im_t",
      "end": "im_b",
      "type": "vertical"
    }
  },
  "regions": {
    "R_a": {
      "type": "single-phase",
      "phase_name": "\u03b1",
      "label": {
        "text": "\u03b1",
        "c": 4,
        "t": 600
      },
      "bounding_curves": [
        {
          "id": "S_a",
          "dir": 1
        },
        {
          "id": "sol_a",
          "dir": 1
        },
        {
          "id": "sol_a_bot",
          "dir": 1
        },
        {
          "id": "bot_a",
          "dir": -1
        },
        {
          "id": "e_L",
          "dir": 1
        }
      ]
    }
  }
}