{
  "metadata": {
    "id": "final_boss_179",
    "axes": {
      "c_max": 100,
      "t_max": 1200
    }
  },
  "nodes": {
    "tmA": {
      "c": 0,
      "t": 1135
    },
    "tmB": {
      "c": 100,
      "t": 1049
    },
    "e1_a": {
      "c": 8.692560737392913,
      "t": 872.5473113475318
    },
    "e1_l": {
      "c": 27.697672784935044,
      "t": 872.5473113475318
    },
    "e1_b": {
      "c": 36.68007952273609,
      "t": 872.5473113475318
    },
    "eu_b": {
      "c": 32.13674773674022,
      "t": 768.6514002303716
    },
    "eu_a": {
      "c": 5.993225049920986,
      "t": 768.6514002303716
    },
    "eu_g": {
      "c": 38.50390925891473,
      "t": 768.6514002303716
    },
    "im_t": {
      "c": 53.584694032107606,
      "t": 1037.6556722306825
    },
    "im_b": {
      "c": 53.584694032107606,
      "t": 0
    },
    "p_im": {
      "c": 53.584694032107606,
      "t": 754.6699650184153
    },
    "p_l": {
      "c": 69.78002591517493,
      "t": 754.6699650184153
    },
    "p_d": {
      "c": 59.24728621009003,
      "t": 754.6699650184153
    },
    "e2_d": {
      "c": 63.28488001350966,
      "t": 533.979798125734
    },
    "e2_l": {
      "c": 68.96790675333143,
      "t": 533.979798125734
    },
    "e2_e": {
      "c": 77.84370558659027,
      "t": 533.979798125734
    },
    "t_a": {
      "c": 2.5991407437872174,
      "t": 0
    },
    "t_g_l": {
      "c": 37.032272171394155,
      "t": 0
    },
    "t_g_r": {
      "c": 51.210220422479686,
      "t": 0
    },
    "t_d": {
      "c": 62.62046904886588,
      "t": 0
    },
    "t_e": {
      "c": 83.18923842337252,
      "t": 0
    }
  },
  "curves": {
    "L_1": {
      "start": "tmA",
      "end": "e1_l",
      "type": "liquidus",
      "power": 0.8
    },
    "L_2": {
      "start": "e1_l",
      "end": "im_t",
      "type": "liquidus",
      "power": 1.2
    },
    "L_3": {
      "start": "im_t",
      "end": "p_l",
      "type": "liquidus",
      "power": 0.9
    },
    "L_4": {
      "start": "p_l",
      "end": "e2_l",
      "type": "liquidus",
      "power": 1.1
    },
    "L_5": {
      "start": "e2_l",
      "end": "tmB",
      "type": "liquidus",
      "power": 0.8
    },
    "S_a": {
      "start": "tmA",
      "end": "e1_a",
      "type": "solidus",
      "power": 1.2
    },
    "S_e": {
      "start": "tmB",
      "end": "e2_e",
      "type": "solidus",
      "power": 1.1
    },
    "sol_a": {
      "start": "e1_a",
      "end": "eu_a",
      "type": "solvus",
      "power": 2.0
    },
    "sol_a_bot": {
      "start": "eu_a",
      "end": "t_a",
      "type": "solvus",
      "power": 1.5
    },
    "sol_e": {
      "start": "e2_e",
      "end": "t_e",
      "type": "solvus",
      "power": 1.8
    },
    "i_e1": {
      "start": "e1_a",
      "end": "e1_b",
      "type": "horizontal"
    },
    "i_eu": {
      "start": "eu_a",
      "end": "eu_g",
      "type": "horizontal"
    },
    "i_p": {
      "start": "p_im",
      "end": "p_l",
      "type": "horizontal"
    },
    "i_e2": {
      "start": "e2_d",
      "end": "e2_e",
      "type": "horizontal"
    },
    "im_vert": {
      "start": "im_t",
      "end": "im_b",
      "type": "vertical"
    }
  },
  "regions": {
    "R_a": {
      "type": "single-phase",
      "phase_name": "\u03b1",
      "label": {
        "text": "\u03b1",
        "c": 4,
        "t": 600
      },
      "bounding_curves": [
        {
          "id": "S_a",
          "dir": 1
        },
        {
          "id": "sol_a",
          "dir": 1
        },
        {
          "id": "sol_a_bot",
          "dir": 1
        },
        {
          "id": "bot_a",
          "dir": -1
        },
        {
          "id": "e_L",
          "dir": 1
        }
      ]
    }
  }
}