{
  "metadata": {
    "id": "final_boss_72",
    "axes": {
      "c_max": 100,
      "t_max": 1200
    }
  },
  "nodes": {
    "tmA": {
      "c": 0,
      "t": 1084
    },
    "tmB": {
      "c": 100,
      "t": 1141
    },
    "e1_a": {
      "c": 9.500774481036053,
      "t": 839.7880616341315
    },
    "e1_l": {
      "c": 22.229599073363204,
      "t": 839.7880616341315
    },
    "e1_b": {
      "c": 31.77233891976657,
      "t": 839.7880616341315
    },
    "eu_b": {
      "c": 24.63170346938277,
      "t": 668.4317386004807
    },
    "eu_a": {
      "c": 5.64764696093743,
      "t": 668.4317386004807
    },
    "eu_g": {
      "c": 36.55238882115643,
      "t": 668.4317386004807
    },
    "im_t": {
      "c": 52.52865413458874,
      "t": 1153.7025801089458
    },
    "im_b": {
      "c": 52.52865413458874,
      "t": 0
    },
    "p_im": {
      "c": 52.52865413458874,
      "t": 902.1821772467698
    },
    "p_l": {
      "c": 71.3994943296201,
      "t": 902.1821772467698
    },
    "p_d": {
      "c": 60.041327750017714,
      "t": 902.1821772467698
    },
    "e2_d": {
      "c": 65.57465189832216,
      "t": 449.7671445892695
    },
    "e2_l": {
      "c": 70.9015400921219,
      "t": 449.7671445892695
    },
    "e2_e": {
      "c": 94.05948936737886,
      "t": 449.7671445892695
    },
    "t_a": {
      "c": 1.0536136692512799,
      "t": 0
    },
    "t_g_l": {
      "c": 35.168017902712506,
      "t": 0
    },
    "t_g_r": {
      "c": 48.42733009494901,
      "t": 0
    },
    "t_d": {
      "c": 62.88468611929449,
      "t": 0
    },
    "t_e": {
      "c": 97.08964887343554,
      "t": 0
    }
  },
  "curves": {
    "L_1": {
      "start": "tmA",
      "end": "e1_l",
      "type": "liquidus",
      "power": 0.8
    },
    "L_2": {
      "start": "e1_l",
      "end": "im_t",
      "type": "liquidus",
      "power": 1.2
    },
    "L_3": {
      "start": "im_t",
      "end": "p_l",
      "type": "liquidus",
      "power": 0.9
    },
    "L_4": {
      "start": "p_l",
      "end": "e2_l",
      "type": "liquidus",
      "power": 1.1
    },
    "L_5": {
      "start": "e2_l",
      "end": "tmB",
      "type": "liquidus",
      "power": 0.8
    },
    "S_a": {
      "start": "tmA",
      "end": "e1_a",
      "type": "solidus",
      "power": 1.2
    },
    "S_e": {
      "start": "tmB",
      "end": "e2_e",
      "type": "solidus",
      "power": 1.1
    },
    "sol_a": {
      "start": "e1_a",
      "end": "eu_a",
      "type": "solvus",
      "power": 2.0
    },
    "sol_a_bot": {
      "start": "eu_a",
      "end": "t_a",
      "type": "solvus",
      "power": 1.5
    },
    "sol_e": {
      "start": "e2_e",
      "end": "t_e",
      "type": "solvus",
      "power": 1.8
    },
    "i_e1": {
      "start": "e1_a",
      "end": "e1_b",
      "type": "horizontal"
    },
    "i_eu": {
      "start": "eu_a",
      "end": "eu_g",
      "type": "horizontal"
    },
    "i_p": {
      "start": "p_im",
      "end": "p_l",
      "type": "horizontal"
    },
    "i_e2": {
      "start": "e2_d",
      "end": "e2_e",
      "type": "horizontal"
    },
    "im_vert": {
      "start": "im_t",
      "end": "im_b",
      "type": "vertical"
    }
  },
  "regions": {
    "R_a": {
      "type": "single-phase",
      "phase_name": "\u03b1",
      "label": {
        "text": "\u03b1",
        "c": 4,
        "t": 600
      },
      "bounding_curves": [
        {
          "id": "S_a",
          "dir": 1
        },
        {
          "id": "sol_a",
          "dir": 1
        },
        {
          "id": "sol_a_bot",
          "dir": 1
        },
        {
          "id": "bot_a",
          "dir": -1
        },
        {
          "id": "e_L",
          "dir": 1
        }
      ]
    }
  }
}