{
  "metadata": {
    "id": "final_boss_127",
    "axes": {
      "c_max": 100,
      "t_max": 1200
    }
  },
  "nodes": {
    "tmA": {
      "c": 0,
      "t": 1097
    },
    "tmB": {
      "c": 100,
      "t": 1060
    },
    "e1_a": {
      "c": 17.969362553302552,
      "t": 887.233879556876
    },
    "e1_l": {
      "c": 29.188241707302456,
      "t": 887.233879556876
    },
    "e1_b": {
      "c": 40.224716158157904,
      "t": 887.233879556876
    },
    "eu_b": {
      "c": 35.4705144790186,
      "t": 602.2334267886048
    },
    "eu_a": {
      "c": 8.463181437272207,
      "t": 602.2334267886048
    },
    "eu_g": {
      "c": 46.86887687347598,
      "t": 602.2334267886048
    },
    "im_t": {
      "c": 71.46032423414098,
      "t": 1049.5724532839206
    },
    "im_b": {
      "c": 71.46032423414098,
      "t": 0
    },
    "p_im": {
      "c": 71.46032423414098,
      "t": 829.2789209029704
    },
    "p_l": {
      "c": 87.83175306986229,
      "t": 829.2789209029704
    },
    "p_d": {
      "c": 83.08051584357236,
      "t": 829.2789209029704
    },
    "e2_d": {
      "c": 84.2059506061792,
      "t": 734.5500864032311
    },
    "e2_l": {
      "c": 89.84608542531306,
      "t": 734.5500864032311
    },
    "e2_e": {
      "c": 95.24035450730096,
      "t": 734.5500864032311
    },
    "t_a": {
      "c": 0.5602304982078781,
      "t": 0
    },
    "t_g_l": {
      "c": 44.98364294691524,
      "t": 0
    },
    "t_g_r": {
      "c": 55.95477487264994,
      "t": 0
    },
    "t_d": {
      "c": 79.92470328160547,
      "t": 0
    },
    "t_e": {
      "c": 96.88285636317309,
      "t": 0
    }
  },
  "curves": {
    "L_1": {
      "start": "tmA",
      "end": "e1_l",
      "type": "liquidus",
      "power": 0.8
    },
    "L_2": {
      "start": "e1_l",
      "end": "im_t",
      "type": "liquidus",
      "power": 1.2
    },
    "L_3": {
      "start": "im_t",
      "end": "p_l",
      "type": "liquidus",
      "power": 0.9
    },
    "L_4": {
      "start": "p_l",
      "end": "e2_l",
      "type": "liquidus",
      "power": 1.1
    },
    "L_5": {
      "start": "e2_l",
      "end": "tmB",
      "type": "liquidus",
      "power": 0.8
    },
    "S_a": {
      "start": "tmA",
      "end": "e1_a",
      "type": "solidus",
      "power": 1.2
    },
    "S_e": {
      "start": "tmB",
      "end": "e2_e",
      "type": "solidus",
      "power": 1.1
    },
    "sol_a": {
      "start": "e1_a",
      "end": "eu_a",
      "type": "solvus",
      "power": 2.0
    },
    "sol_a_bot": {
      "start": "eu_a",
      "end": "t_a",
      "type": "solvus",
      "power": 1.5
    },
    "sol_e": {
      "start": "e2_e",
      "end": "t_e",
      "type": "solvus",
      "power": 1.8
    },
    "i_e1": {
      "start": "e1_a",
      "end": "e1_b",
      "type": "horizontal"
    },
    "i_eu": {
      "start": "eu_a",
      "end": "eu_g",
      "type": "horizontal"
    },
    "i_p": {
      "start": "p_im",
      "end": "p_l",
      "type": "horizontal"
    },
    "i_e2": {
      "start": "e2_d",
      "end": "e2_e",
      "type": "horizontal"
    },
    "im_vert": {
      "start": "im_t",
      "end": "im_b",
      "type": "vertical"
    }
  },
  "regions": {
    "R_a": {
      "type": "single-phase",
      "phase_name": "\u03b1",
      "label": {
        "text": "\u03b1",
        "c": 4,
        "t": 600
      },
      "bounding_curves": [
        {
          "id": "S_a",
          "dir": 1
        },
        {
          "id": "sol_a",
          "dir": 1
        },
        {
          "id": "sol_a_bot",
          "dir": 1
        },
        {
          "id": "bot_a",
          "dir": -1
        },
        {
          "id": "e_L",
          "dir": 1
        }
      ]
    }
  }
}