{
  "metadata": {
    "id": "final_boss_273",
    "axes": {
      "c_max": 100,
      "t_max": 1200
    }
  },
  "nodes": {
    "tmA": {
      "c": 0,
      "t": 1058
    },
    "tmB": {
      "c": 100,
      "t": 1018
    },
    "e1_a": {
      "c": 19.879504503042014,
      "t": 876.1336916851169
    },
    "e1_l": {
      "c": 28.029545857897233,
      "t": 876.1336916851169
    },
    "e1_b": {
      "c": 36.099628597304104,
      "t": 876.1336916851169
    },
    "eu_b": {
      "c": 33.9489117245518,
      "t": 567.1069844978051
    },
    "eu_a": {
      "c": 15.267334513409246,
      "t": 567.1069844978051
    },
    "eu_g": {
      "c": 40.21608861572035,
      "t": 567.1069844978051
    },
    "im_t": {
      "c": 74.11292025265247,
      "t": 1078.508588029075
    },
    "im_b": {
      "c": 74.11292025265247,
      "t": 0
    },
    "p_im": {
      "c": 74.11292025265247,
      "t": 961.3004293470584
    },
    "p_l": {
      "c": 86.82346477165021,
      "t": 961.3004293470584
    },
    "p_d": {
      "c": 81.94483457319734,
      "t": 961.3004293470584
    },
    "e2_d": {
      "c": 82.96795483175482,
      "t": 820.6753723927677
    },
    "e2_l": {
      "c": 88.21336589694582,
      "t": 820.6753723927677
    },
    "e2_e": {
      "c": 93.98324104458975,
      "t": 820.6753723927677
    },
    "t_a": {
      "c": 2.5656367514693286,
      "t": 0
    },
    "t_g_l": {
      "c": 39.358858128946565,
      "t": 0
    },
    "t_g_r": {
      "c": 47.62973819423665,
      "t": 0
    },
    "t_d": {
      "c": 78.565396554875,
      "t": 0
    },
    "t_e": {
      "c": 98.05419326910452,
      "t": 0
    }
  },
  "curves": {
    "L_1": {
      "start": "tmA",
      "end": "e1_l",
      "type": "liquidus",
      "power": 0.8
    },
    "L_2": {
      "start": "e1_l",
      "end": "im_t",
      "type": "liquidus",
      "power": 1.2
    },
    "L_3": {
      "start": "im_t",
      "end": "p_l",
      "type": "liquidus",
      "power": 0.9
    },
    "L_4": {
      "start": "p_l",
      "end": "e2_l",
      "type": "liquidus",
      "power": 1.1
    },
    "L_5": {
      "start": "e2_l",
      "end": "tmB",
      "type": "liquidus",
      "power": 0.8
    },
    "S_a": {
      "start": "tmA",
      "end": "e1_a",
      "type": "solidus",
      "power": 1.2
    },
    "S_e": {
      "start": "tmB",
      "end": "e2_e",
      "type": "solidus",
      "power": 1.1
    },
    "sol_a": {
      "start": "e1_a",
      "end": "eu_a",
      "type": "solvus",
      "power": 2.0
    },
    "sol_a_bot": {
      "start": "eu_a",
      "end": "t_a",
      "type": "solvus",
      "power": 1.5
    },
    "sol_e": {
      "start": "e2_e",
      "end": "t_e",
      "type": "solvus",
      "power": 1.8
    },
    "i_e1": {
      "start": "e1_a",
      "end": "e1_b",
      "type": "horizontal"
    },
    "i_eu": {
      "start": "eu_a",
      "end": "eu_g",
      "type": "horizontal"
    },
    "i_p": {
      "start": "p_im",
      "end": "p_l",
      "type": "horizontal"
    },
    "i_e2": {
      "start": "e2_d",
      "end": "e2_e",
      "type": "horizontal"
    },
    "im_vert": {
      "start": "im_t",
      "end": "im_b",
      "type": "vertical"
    }
  },
  "regions": {
    "R_a": {
      "type": "single-phase",
      "phase_name": "\u03b1",
      "label": {
        "text": "\u03b1",
        "c": 4,
        "t": 600
      },
      "bounding_curves": [
        {
          "id": "S_a",
          "dir": 1
        },
        {
          "id": "sol_a",
          "dir": 1
        },
        {
          "id": "sol_a_bot",
          "dir": 1
        },
        {
          "id": "bot_a",
          "dir": -1
        },
        {
          "id": "e_L",
          "dir": 1
        }
      ]
    }
  }
}