{
  "metadata": {
    "id": "final_boss_404",
    "axes": {
      "c_max": 100,
      "t_max": 1200
    }
  },
  "nodes": {
    "tmA": {
      "c": 0,
      "t": 1056
    },
    "tmB": {
      "c": 100,
      "t": 1099
    },
    "e1_a": {
      "c": 19.63896952005546,
      "t": 803.4040974824428
    },
    "e1_l": {
      "c": 28.17778671622566,
      "t": 803.4040974824428
    },
    "e1_b": {
      "c": 40.834871357523454,
      "t": 803.4040974824428
    },
    "eu_b": {
      "c": 38.102967999732215,
      "t": 612.9853476546772
    },
    "eu_a": {
      "c": 4.798792778587591,
      "t": 612.9853476546772
    },
    "eu_g": {
      "c": 48.4839285952461,
      "t": 612.9853476546772
    },
    "im_t": {
      "c": 68.1965996047916,
      "t": 1089.4028622910325
    },
    "im_b": {
      "c": 68.1965996047916,
      "t": 0
    },
    "p_im": {
      "c": 68.1965996047916,
      "t": 1028.7940563742363
    },
    "p_l": {
      "c": 87.77711997260164,
      "t": 1028.7940563742363
    },
    "p_d": {
      "c": 77.72963175317503,
      "t": 1028.7940563742363
    },
    "e2_d": {
      "c": 82.54014781055652,
      "t": 906.0340045816783
    },
    "e2_l": {
      "c": 87.98351786112441,
      "t": 906.0340045816783
    },
    "e2_e": {
      "c": 92.80112026628933,
      "t": 906.0340045816783
    },
    "t_a": {
      "c": 3.453519162956898,
      "t": 0
    },
    "t_g_l": {
      "c": 45.968582647678645,
      "t": 0
    },
    "t_g_r": {
      "c": 61.516700408179744,
      "t": 0
    },
    "t_d": {
      "c": 77.94229630170516,
      "t": 0
    },
    "t_e": {
      "c": 97.2740397684015,
      "t": 0
    }
  },
  "curves": {
    "L_1": {
      "start": "tmA",
      "end": "e1_l",
      "type": "liquidus",
      "power": 0.8
    },
    "L_2": {
      "start": "e1_l",
      "end": "im_t",
      "type": "liquidus",
      "power": 1.2
    },
    "L_3": {
      "start": "im_t",
      "end": "p_l",
      "type": "liquidus",
      "power": 0.9
    },
    "L_4": {
      "start": "p_l",
      "end": "e2_l",
      "type": "liquidus",
      "power": 1.1
    },
    "L_5": {
      "start": "e2_l",
      "end": "tmB",
      "type": "liquidus",
      "power": 0.8
    },
    "S_a": {
      "start": "tmA",
      "end": "e1_a",
      "type": "solidus",
      "power": 1.2
    },
    "S_e": {
      "start": "tmB",
      "end": "e2_e",
      "type": "solidus",
      "power": 1.1
    },
    "sol_a": {
      "start": "e1_a",
      "end": "eu_a",
      "type": "solvus",
      "power": 2.0
    },
    "sol_a_bot": {
      "start": "eu_a",
      "end": "t_a",
      "type": "solvus",
      "power": 1.5
    },
    "sol_e": {
      "start": "e2_e",
      "end": "t_e",
      "type": "solvus",
      "power": 1.8
    },
    "i_e1": {
      "start": "e1_a",
      "end": "e1_b",
      "type": "horizontal"
    },
    "i_eu": {
      "start": "eu_a",
      "end": "eu_g",
      "type": "horizontal"
    },
    "i_p": {
      "start": "p_im",
      "end": "p_l",
      "type": "horizontal"
    },
    "i_e2": {
      "start": "e2_d",
      "end": "e2_e",
      "type": "horizontal"
    },
    "im_vert": {
      "start": "im_t",
      "end": "im_b",
      "type": "vertical"
    }
  },
  "regions": {
    "R_a": {
      "type": "single-phase",
      "phase_name": "\u03b1",
      "label": {
        "text": "\u03b1",
        "c": 4,
        "t": 600
      },
      "bounding_curves": [
        {
          "id": "S_a",
          "dir": 1
        },
        {
          "id": "sol_a",
          "dir": 1
        },
        {
          "id": "sol_a_bot",
          "dir": 1
        },
        {
          "id": "bot_a",
          "dir": -1
        },
        {
          "id": "e_L",
          "dir": 1
        }
      ]
    }
  }
}