{
  "metadata": {
    "id": "final_boss_163",
    "axes": {
      "c_max": 100,
      "t_max": 1200
    }
  },
  "nodes": {
    "tmA": {
      "c": 0,
      "t": 1095
    },
    "tmB": {
      "c": 100,
      "t": 1119
    },
    "e1_a": {
      "c": 16.436144173254483,
      "t": 878.1519128384793
    },
    "e1_l": {
      "c": 29.624696063881508,
      "t": 878.1519128384793
    },
    "e1_b": {
      "c": 41.21076330644631,
      "t": 878.1519128384793
    },
    "eu_b": {
      "c": 36.34760699677167,
      "t": 512.2517293276194
    },
    "eu_a": {
      "c": 11.618793812919712,
      "t": 512.2517293276194
    },
    "eu_g": {
      "c": 45.49510381354925,
      "t": 512.2517293276194
    },
    "im_t": {
      "c": 59.06820142222725,
      "t": 1153.4124397834983
    },
    "im_b": {
      "c": 59.06820142222725,
      "t": 0
    },
    "p_im": {
      "c": 59.06820142222725,
      "t": 797.6024530878766
    },
    "p_l": {
      "c": 77.68624977986941,
      "t": 797.6024530878766
    },
    "p_d": {
      "c": 69.06781953852067,
      "t": 797.6024530878766
    },
    "e2_d": {
      "c": 71.70579848016125,
      "t": 477.5293402044242
    },
    "e2_l": {
      "c": 77.29230497672,
      "t": 477.5293402044242
    },
    "e2_e": {
      "c": 87.67824279128281,
      "t": 477.5293402044242
    },
    "t_a": {
      "c": 3.7145825345035877,
      "t": 0
    },
    "t_g_l": {
      "c": 42.69064266668979,
      "t": 0
    },
    "t_g_r": {
      "c": 47.41638854703698,
      "t": 0
    },
    "t_d": {
      "c": 69.91914039603876,
      "t": 0
    },
    "t_e": {
      "c": 91.79967050558898,
      "t": 0
    }
  },
  "curves": {
    "L_1": {
      "start": "tmA",
      "end": "e1_l",
      "type": "liquidus",
      "power": 0.8
    },
    "L_2": {
      "start": "e1_l",
      "end": "im_t",
      "type": "liquidus",
      "power": 1.2
    },
    "L_3": {
      "start": "im_t",
      "end": "p_l",
      "type": "liquidus",
      "power": 0.9
    },
    "L_4": {
      "start": "p_l",
      "end": "e2_l",
      "type": "liquidus",
      "power": 1.1
    },
    "L_5": {
      "start": "e2_l",
      "end": "tmB",
      "type": "liquidus",
      "power": 0.8
    },
    "S_a": {
      "start": "tmA",
      "end": "e1_a",
      "type": "solidus",
      "power": 1.2
    },
    "S_e": {
      "start": "tmB",
      "end": "e2_e",
      "type": "solidus",
      "power": 1.1
    },
    "sol_a": {
      "start": "e1_a",
      "end": "eu_a",
      "type": "solvus",
      "power": 2.0
    },
    "sol_a_bot": {
      "start": "eu_a",
      "end": "t_a",
      "type": "solvus",
      "power": 1.5
    },
    "sol_e": {
      "start": "e2_e",
      "end": "t_e",
      "type": "solvus",
      "power": 1.8
    },
    "i_e1": {
      "start": "e1_a",
      "end": "e1_b",
      "type": "horizontal"
    },
    "i_eu": {
      "start": "eu_a",
      "end": "eu_g",
      "type": "horizontal"
    },
    "i_p": {
      "start": "p_im",
      "end": "p_l",
      "type": "horizontal"
    },
    "i_e2": {
      "start": "e2_d",
      "end": "e2_e",
      "type": "horizontal"
    },
    "im_vert": {
      "start": "im_t",
      "end": "im_b",
      "type": "vertical"
    }
  },
  "regions": {
    "R_a": {
      "type": "single-phase",
      "phase_name": "\u03b1",
      "label": {
        "text": "\u03b1",
        "c": 4,
        "t": 600
      },
      "bounding_curves": [
        {
          "id": "S_a",
          "dir": 1
        },
        {
          "id": "sol_a",
          "dir": 1
        },
        {
          "id": "sol_a_bot",
          "dir": 1
        },
        {
          "id": "bot_a",
          "dir": -1
        },
        {
          "id": "e_L",
          "dir": 1
        }
      ]
    }
  }
}