{
  "metadata": {
    "id": "final_boss_379",
    "axes": {
      "c_max": 100,
      "t_max": 1200
    }
  },
  "nodes": {
    "tmA": {
      "c": 0,
      "t": 1110
    },
    "tmB": {
      "c": 100,
      "t": 1137
    },
    "e1_a": {
      "c": 12.894512713367494,
      "t": 814.2541154535127
    },
    "e1_l": {
      "c": 21.339793390014613,
      "t": 814.2541154535127
    },
    "e1_b": {
      "c": 36.15667107165501,
      "t": 814.2541154535127
    },
    "eu_b": {
      "c": 24.073604670483082,
      "t": 615.0407916505742
    },
    "eu_a": {
      "c": 4.043992751421743,
      "t": 615.0407916505742
    },
    "eu_g": {
      "c": 29.26935303867989,
      "t": 615.0407916505742
    },
    "im_t": {
      "c": 42.833225501940106,
      "t": 1056.340289141604
    },
    "im_b": {
      "c": 42.833225501940106,
      "t": 0
    },
    "p_im": {
      "c": 42.833225501940106,
      "t": 937.1347186729247
    },
    "p_l": {
      "c": 64.14921863543351,
      "t": 937.1347186729247
    },
    "p_d": {
      "c": 49.09777387613841,
      "t": 937.1347186729247
    },
    "e2_d": {
      "c": 56.45453419851025,
      "t": 827.7341784814055
    },
    "e2_l": {
      "c": 65.61530048299207,
      "t": 827.7341784814055
    },
    "e2_e": {
      "c": 88.49905780028976,
      "t": 827.7341784814055
    },
    "t_a": {
      "c": 3.1389983444155516,
      "t": 0
    },
    "t_g_l": {
      "c": 26.43448275901253,
      "t": 0
    },
    "t_g_r": {
      "c": 39.033239152277645,
      "t": 0
    },
    "t_d": {
      "c": 53.3432394707518,
      "t": 0
    },
    "t_e": {
      "c": 96.54178837295335,
      "t": 0
    }
  },
  "curves": {
    "L_1": {
      "start": "tmA",
      "end": "e1_l",
      "type": "liquidus",
      "power": 0.8
    },
    "L_2": {
      "start": "e1_l",
      "end": "im_t",
      "type": "liquidus",
      "power": 1.2
    },
    "L_3": {
      "start": "im_t",
      "end": "p_l",
      "type": "liquidus",
      "power": 0.9
    },
    "L_4": {
      "start": "p_l",
      "end": "e2_l",
      "type": "liquidus",
      "power": 1.1
    },
    "L_5": {
      "start": "e2_l",
      "end": "tmB",
      "type": "liquidus",
      "power": 0.8
    },
    "S_a": {
      "start": "tmA",
      "end": "e1_a",
      "type": "solidus",
      "power": 1.2
    },
    "S_e": {
      "start": "tmB",
      "end": "e2_e",
      "type": "solidus",
      "power": 1.1
    },
    "sol_a": {
      "start": "e1_a",
      "end": "eu_a",
      "type": "solvus",
      "power": 2.0
    },
    "sol_a_bot": {
      "start": "eu_a",
      "end": "t_a",
      "type": "solvus",
      "power": 1.5
    },
    "sol_e": {
      "start": "e2_e",
      "end": "t_e",
      "type": "solvus",
      "power": 1.8
    },
    "i_e1": {
      "start": "e1_a",
      "end": "e1_b",
      "type": "horizontal"
    },
    "i_eu": {
      "start": "eu_a",
      "end": "eu_g",
      "type": "horizontal"
    },
    "i_p": {
      "start": "p_im",
      "end": "p_l",
      "type": "horizontal"
    },
    "i_e2": {
      "start": "e2_d",
      "end": "e2_e",
      "type": "horizontal"
    },
    "im_vert": {
      "start": "im_t",
      "end": "im_b",
      "type": "vertical"
    }
  },
  "regions": {
    "R_a": {
      "type": "single-phase",
      "phase_name": "\u03b1",
      "label": {
        "text": "\u03b1",
        "c": 4,
        "t": 600
      },
      "bounding_curves": [
        {
          "id": "S_a",
          "dir": 1
        },
        {
          "id": "sol_a",
          "dir": 1
        },
        {
          "id": "sol_a_bot",
          "dir": 1
        },
        {
          "id": "bot_a",
          "dir": -1
        },
        {
          "id": "e_L",
          "dir": 1
        }
      ]
    }
  }
}