{
  "metadata": {
    "id": "final_boss_232",
    "axes": {
      "c_max": 100,
      "t_max": 1200
    }
  },
  "nodes": {
    "tmA": {
      "c": 0,
      "t": 1067
    },
    "tmB": {
      "c": 100,
      "t": 1114
    },
    "e1_a": {
      "c": 15.845601050990911,
      "t": 810.1666982432126
    },
    "e1_l": {
      "c": 28.014575497418654,
      "t": 810.1666982432126
    },
    "e1_b": {
      "c": 41.13369831717517,
      "t": 810.1666982432126
    },
    "eu_b": {
      "c": 34.31875589129347,
      "t": 635.0702698090078
    },
    "eu_a": {
      "c": 11.306573116578555,
      "t": 635.0702698090078
    },
    "eu_g": {
      "c": 48.83490904196154,
      "t": 635.0702698090078
    },
    "im_t": {
      "c": 61.10622964385248,
      "t": 976.8220619830281
    },
    "im_b": {
      "c": 61.10622964385248,
      "t": 0
    },
    "p_im": {
      "c": 61.10622964385248,
      "t": 784.2850279056308
    },
    "p_l": {
      "c": 71.14310109727987,
      "t": 784.2850279056308
    },
    "p_d": {
      "c": 65.5120563487335,
      "t": 784.2850279056308
    },
    "e2_d": {
      "c": 67.46294516572682,
      "t": 519.3913442175492
    },
    "e2_l": {
      "c": 74.40025927757827,
      "t": 519.3913442175492
    },
    "e2_e": {
      "c": 80.85138516418557,
      "t": 519.3913442175492
    },
    "t_a": {
      "c": 3.846644393755681,
      "t": 0
    },
    "t_g_l": {
      "c": 48.64123886705609,
      "t": 0
    },
    "t_g_r": {
      "c": 49.66084887525426,
      "t": 0
    },
    "t_d": {
      "c": 66.07763095745217,
      "t": 0
    },
    "t_e": {
      "c": 88.83674029467772,
      "t": 0
    }
  },
  "curves": {
    "L_1": {
      "start": "tmA",
      "end": "e1_l",
      "type": "liquidus",
      "power": 0.8
    },
    "L_2": {
      "start": "e1_l",
      "end": "im_t",
      "type": "liquidus",
      "power": 1.2
    },
    "L_3": {
      "start": "im_t",
      "end": "p_l",
      "type": "liquidus",
      "power": 0.9
    },
    "L_4": {
      "start": "p_l",
      "end": "e2_l",
      "type": "liquidus",
      "power": 1.1
    },
    "L_5": {
      "start": "e2_l",
      "end": "tmB",
      "type": "liquidus",
      "power": 0.8
    },
    "S_a": {
      "start": "tmA",
      "end": "e1_a",
      "type": "solidus",
      "power": 1.2
    },
    "S_e": {
      "start": "tmB",
      "end": "e2_e",
      "type": "solidus",
      "power": 1.1
    },
    "sol_a": {
      "start": "e1_a",
      "end": "eu_a",
      "type": "solvus",
      "power": 2.0
    },
    "sol_a_bot": {
      "start": "eu_a",
      "end": "t_a",
      "type": "solvus",
      "power": 1.5
    },
    "sol_e": {
      "start": "e2_e",
      "end": "t_e",
      "type": "solvus",
      "power": 1.8
    },
    "i_e1": {
      "start": "e1_a",
      "end": "e1_b",
      "type": "horizontal"
    },
    "i_eu": {
      "start": "eu_a",
      "end": "eu_g",
      "type": "horizontal"
    },
    "i_p": {
      "start": "p_im",
      "end": "p_l",
      "type": "horizontal"
    },
    "i_e2": {
      "start": "e2_d",
      "end": "e2_e",
      "type": "horizontal"
    },
    "im_vert": {
      "start": "im_t",
      "end": "im_b",
      "type": "vertical"
    }
  },
  "regions": {
    "R_a": {
      "type": "single-phase",
      "phase_name": "\u03b1",
      "label": {
        "text": "\u03b1",
        "c": 4,
        "t": 600
      },
      "bounding_curves": [
        {
          "id": "S_a",
          "dir": 1
        },
        {
          "id": "sol_a",
          "dir": 1
        },
        {
          "id": "sol_a_bot",
          "dir": 1
        },
        {
          "id": "bot_a",
          "dir": -1
        },
        {
          "id": "e_L",
          "dir": 1
        }
      ]
    }
  }
}