{
  "metadata": {
    "id": "final_boss_423",
    "axes": {
      "c_max": 100,
      "t_max": 1200
    }
  },
  "nodes": {
    "top_L": {
      "c": 0,
      "t": 1200,
      "bounds": {
        "lock_t": true,
        "lock_c": true
      }
    },
    "top_R": {
      "c": 100,
      "t": 1200,
      "bounds": {
        "lock_t": true,
        "lock_c": true
      }
    },
    "bot_L": {
      "c": 0,
      "t": 0,
      "bounds": {
        "lock_t": true,
        "lock_c": true
      }
    },
    "bot_R": {
      "c": 100,
      "t": 0,
      "bounds": {
        "lock_t": true,
        "lock_c": true
      }
    },
    "tmA": {
      "c": 0,
      "t": 1140.4463238925318,
      "bounds": {
        "lock_c": true,
        "t_min": 1000,
        "t_max": 1200
      }
    },
    "tmB": {
      "c": 100,
      "t": 1069.3184680018048,
      "bounds": {
        "lock_c": true,
        "t_min": 1000,
        "t_max": 1200
      }
    },
    "im1_t": {
      "c": 62.29349887498836,
      "t": 1176.023752885586,
      "bounds": {
        "lock_c": true,
        "t_min": 1000,
        "t_max": 1200
      }
    },
    "im1_b": {
      "c": 62.29349887498836,
      "t": 0,
      "bounds": {
        "lock_c": true,
        "lock_t": true
      }
    },
    "e1_a": {
      "c": 8.036495598745763,
      "t": 864.5586026571084,
      "bounds": {
        "lock_t": true,
        "c_min": 2,
        "c_max": 18
      }
    },
    "e1_l": {
      "c": 44.0510376039909,
      "t": 864.5586026571084,
      "bounds": {
        "lock_t": true,
        "c_min": 25,
        "c_max": 50
      }
    },
    "im1_e1": {
      "c": 62.29349887498836,
      "t": 864.5586026571084,
      "bounds": {
        "lock_c": true,
        "lock_t": true
      }
    },
    "po_nexus": {
      "c": 20.497005417185516,
      "t": 657.352622948266,
      "bounds": {
        "lock_c": true,
        "lock_t": true
      }
    },
    "im2_b": {
      "c": 20.497005417185516,
      "t": 0,
      "bounds": {
        "lock_c": true,
        "lock_t": true
      }
    },
    "p_im1": {
      "c": 62.29349887498836,
      "t": 949.0343342149984,
      "bounds": {
        "lock_c": true,
        "lock_t": true
      }
    },
    "p_g": {
      "c": 68.90561496036915,
      "t": 949.0343342149984,
      "bounds": {
        "lock_t": true,
        "c_min": 64.29349887498836,
        "c_max": 75.64831128898034
      }
    },
    "p_l": {
      "c": 77.64831128898034,
      "t": 949.0343342149984,
      "bounds": {
        "lock_t": true,
        "c_min": 70.90561496036915,
        "c_max": 90
      }
    },
    "e2_g": {
      "c": 75.26157783149903,
      "t": 746.7693760581553,
      "bounds": {
        "lock_t": true,
        "c_min": 70.90561496036915,
        "c_max": 79.95753452135583
      }
    },
    "e2_l": {
      "c": 81.95753452135583,
      "t": 746.7693760581553,
      "bounds": {
        "lock_t": true,
        "c_min": 77.26157783149903,
        "c_max": 85.67447642966164
      }
    },
    "e2_e": {
      "c": 87.67447642966164,
      "t": 746.7693760581553,
      "bounds": {
        "lock_t": true,
        "c_min": 83.95753452135583,
        "c_max": 98
      }
    },
    "im1_eu": {
      "c": 62.29349887498836,
      "t": 552.1257978073284,
      "bounds": {
        "lock_c": true,
        "lock_t": true
      }
    },
    "eu_nexus": {
      "c": 76.42115169793371,
      "t": 552.1257978073284,
      "bounds": {
        "lock_t": true,
        "c_min": 67.29349887498836,
        "c_max": 88.9656594282441
      }
    },
    "eu_e_iso": {
      "c": 93.9656594282441,
      "t": 552.1257978073284,
      "bounds": {
        "lock_t": true,
        "c_min": 78.42115169793371,
        "c_max": 99
      }
    },
    "t_a": {
      "c": 2.12650272037402,
      "t": 0,
      "bounds": {
        "lock_t": true,
        "c_min": 0.1,
        "c_max": 18.497005417185516
      }
    },
    "t_e": {
      "c": 99.44564868810158,
      "t": 0,
      "bounds": {
        "lock_t": true,
        "c_min": 94.06565942824409,
        "c_max": 99.9
      }
    }
  },
  "curves": {
    "L_1": {
      "start": "tmA",
      "end": "e1_l",
      "type": "liquidus"
    },
    "L_2": {
      "start": "e1_l",
      "end": "im1_t",
      "type": "liquidus"
    },
    "L_3": {
      "start": "im1_t",
      "end": "p_l",
      "type": "liquidus"
    },
    "L_4": {
      "start": "p_l",
      "end": "e2_l",
      "type": "liquidus"
    },
    "L_5": {
      "start": "e2_l",
      "end": "tmB",
      "type": "liquidus"
    },
    "S_a": {
      "start": "tmA",
      "end": "e1_a",
      "type": "solidus"
    },
    "S_g": {
      "start": "p_g",
      "end": "e2_g",
      "type": "solidus"
    },
    "S_e": {
      "start": "tmB",
      "end": "e2_e",
      "type": "solidus"
    },
    "sol_a_up": {
      "start": "e1_a",
      "end": "po_nexus",
      "type": "solvus"
    },
    "sol_a_bot": {
      "start": "po_nexus",
      "end": "t_a",
      "type": "solvus"
    },
    "sol_g_L": {
      "start": "p_g",
      "end": "eu_nexus",
      "type": "solvus"
    },
    "sol_g_R": {
      "start": "e2_g",
      "end": "eu_nexus",
      "type": "solvus"
    },
    "sol_e": {
      "start": "e2_e",
      "end": "t_e",
      "type": "solvus"
    },
    "IM1": {
      "start": "im1_t",
      "end": "im1_b",
      "type": "vertical"
    },
    "IM2": {
      "start": "po_nexus",
      "end": "im2_b",
      "type": "vertical"
    },
    "iso_e1": {
      "start": "e1_a",
      "end": "im1_e1",
      "type": "horizontal"
    },
    "iso_p": {
      "start": "p_im1",
      "end": "p_l",
      "type": "horizontal"
    },
    "iso_e2": {
      "start": "e2_g",
      "end": "e2_e",
      "type": "horizontal"
    },
    "iso_eu": {
      "start": "im1_eu",
      "end": "eu_e_iso",
      "type": "horizontal"
    },
    "edge_L_top": {
      "start": "top_L",
      "end": "tmA",
      "type": "edge"
    },
    "edge_L_bot": {
      "start": "tmA",
      "end": "bot_L",
      "type": "edge"
    },
    "edge_R_top": {
      "start": "top_R",
      "end": "tmB",
      "type": "edge"
    },
    "edge_R_bot": {
      "start": "tmB",
      "end": "bot_R",
      "type": "edge"
    },
    "edge_top": {
      "start": "top_L",
      "end": "top_R",
      "type": "edge"
    },
    "b_0_a": {
      "start": "bot_L",
      "end": "t_a",
      "type": "edge"
    },
    "b_a_im2": {
      "start": "t_a",
      "end": "im2_b",
      "type": "edge"
    },
    "b_im2_im1": {
      "start": "im2_b",
      "end": "im1_b",
      "type": "edge"
    },
    "b_im1_e": {
      "start": "im1_b",
      "end": "t_e",
      "type": "edge"
    },
    "b_e_100": {
      "start": "t_e",
      "end": "bot_R",
      "type": "edge"
    }
  },
  "regions": {
    "R_L": {
      "type": "single-phase",
      "phase_name": "L",
      "bounding_curves": [
        {
          "id": "L_1",
          "dir": 1
        },
        {
          "id": "L_2",
          "dir": 1
        },
        {
          "id": "L_3",
          "dir": 1
        },
        {
          "id": "L_4",
          "dir": 1
        },
        {
          "id": "L_5",
          "dir": 1
        },
        {
          "id": "edge_R_top",
          "dir": -1
        },
        {
          "id": "edge_top",
          "dir": -1
        },
        {
          "id": "edge_L_top",
          "dir": 1
        }
      ]
    },
    "R_a": {
      "type": "single-phase",
      "phase_name": "\u03b1",
      "bounding_curves": [
        {
          "id": "S_a",
          "dir": -1
        },
        {
          "id": "edge_L_bot",
          "dir": 1
        },
        {
          "id": "b_0_a",
          "dir": 1
        },
        {
          "id": "sol_a_bot",
          "dir": -1
        },
        {
          "id": "sol_a_up",
          "dir": -1
        }
      ]
    },
    "R_g": {
      "type": "single-phase",
      "phase_name": "\u03b3",
      "bounding_curves": [
        {
          "id": "sol_g_L",