{
  "metadata": {
    "id": "final_boss_170",
    "axes": {
      "c_max": 100,
      "t_max": 1200
    }
  },
  "nodes": {
    "tmA": {
      "c": 0,
      "t": 1092
    },
    "tmB": {
      "c": 100,
      "t": 1030
    },
    "e1_a": {
      "c": 14.4952811669973,
      "t": 916.7730584441263
    },
    "e1_l": {
      "c": 25.10962160152988,
      "t": 916.7730584441263
    },
    "e1_b": {
      "c": 35.61503935977833,
      "t": 916.7730584441263
    },
    "eu_b": {
      "c": 27.384294677387583,
      "t": 567.3874352378948
    },
    "eu_a": {
      "c": 6.847461587940647,
      "t": 567.3874352378948
    },
    "eu_g": {
      "c": 41.04249163028792,
      "t": 567.3874352378948
    },
    "im_t": {
      "c": 60.78020808744173,
      "t": 1072.0206750920847
    },
    "im_b": {
      "c": 60.78020808744173,
      "t": 0
    },
    "p_im": {
      "c": 60.78020808744173,
      "t": 939.177104019155
    },
    "p_l": {
      "c": 77.23057452932582,
      "t": 939.177104019155
    },
    "p_d": {
      "c": 72.27319744845097,
      "t": 939.177104019155
    },
    "e2_d": {
      "c": 73.82076768131735,
      "t": 605.4065345178525
    },
    "e2_l": {
      "c": 80.65993355845569,
      "t": 605.4065345178525
    },
    "e2_e": {
      "c": 86.73787574325517,
      "t": 605.4065345178525
    },
    "t_a": {
      "c": 4.9600676509161765,
      "t": 0
    },
    "t_g_l": {
      "c": 38.37816864018747,
      "t": 0
    },
    "t_g_r": {
      "c": 52.56703230771306,
      "t": 0
    },
    "t_d": {
      "c": 68.37411265432208,
      "t": 0
    },
    "t_e": {
      "c": 91.36786932816439,
      "t": 0
    }
  },
  "curves": {
    "L_1": {
      "start": "tmA",
      "end": "e1_l",
      "type": "liquidus",
      "power": 0.8
    },
    "L_2": {
      "start": "e1_l",
      "end": "im_t",
      "type": "liquidus",
      "power": 1.2
    },
    "L_3": {
      "start": "im_t",
      "end": "p_l",
      "type": "liquidus",
      "power": 0.9
    },
    "L_4": {
      "start": "p_l",
      "end": "e2_l",
      "type": "liquidus",
      "power": 1.1
    },
    "L_5": {
      "start": "e2_l",
      "end": "tmB",
      "type": "liquidus",
      "power": 0.8
    },
    "S_a": {
      "start": "tmA",
      "end": "e1_a",
      "type": "solidus",
      "power": 1.2
    },
    "S_e": {
      "start": "tmB",
      "end": "e2_e",
      "type": "solidus",
      "power": 1.1
    },
    "sol_a": {
      "start": "e1_a",
      "end": "eu_a",
      "type": "solvus",
      "power": 2.0
    },
    "sol_a_bot": {
      "start": "eu_a",
      "end": "t_a",
      "type": "solvus",
      "power": 1.5
    },
    "sol_e": {
      "start": "e2_e",
      "end": "t_e",
      "type": "solvus",
      "power": 1.8
    },
    "i_e1": {
      "start": "e1_a",
      "end": "e1_b",
      "type": "horizontal"
    },
    "i_eu": {
      "start": "eu_a",
      "end": "eu_g",
      "type": "horizontal"
    },
    "i_p": {
      "start": "p_im",
      "end": "p_l",
      "type": "horizontal"
    },
    "i_e2": {
      "start": "e2_d",
      "end": "e2_e",
      "type": "horizontal"
    },
    "im_vert": {
      "start": "im_t",
      "end": "im_b",
      "type": "vertical"
    }
  },
  "regions": {
    "R_a": {
      "type": "single-phase",
      "phase_name": "\u03b1",
      "label": {
        "text": "\u03b1",
        "c": 4,
        "t": 600
      },
      "bounding_curves": [
        {
          "id": "S_a",
          "dir": 1
        },
        {
          "id": "sol_a",
          "dir": 1
        },
        {
          "id": "sol_a_bot",
          "dir": 1
        },
        {
          "id": "bot_a",
          "dir": -1
        },
        {
          "id": "e_L",
          "dir": 1
        }
      ]
    }
  }
}