{
  "metadata": {
    "id": "final_boss_53",
    "axes": {
      "c_max": 100,
      "t_max": 1200
    }
  },
  "nodes": {
    "tmA": {
      "c": 0,
      "t": 1120
    },
    "tmB": {
      "c": 100,
      "t": 1137
    },
    "e1_a": {
      "c": 13.071879790876407,
      "t": 907.1337958841772
    },
    "e1_l": {
      "c": 28.43981938385462,
      "t": 907.1337958841772
    },
    "e1_b": {
      "c": 43.08252723252997,
      "t": 907.1337958841772
    },
    "eu_b": {
      "c": 40.952123543901045,
      "t": 747.1117497968529
    },
    "eu_a": {
      "c": 8.43216716078805,
      "t": 747.1117497968529
    },
    "eu_g": {
      "c": 46.0113367421481,
      "t": 747.1117497968529
    },
    "im_t": {
      "c": 59.23475428219569,
      "t": 1156.8186085580635
    },
    "im_b": {
      "c": 59.23475428219569,
      "t": 0
    },
    "p_im": {
      "c": 59.23475428219569,
      "t": 1023.9216184070999
    },
    "p_l": {
      "c": 87.89836594838286,
      "t": 1023.9216184070999
    },
    "p_d": {
      "c": 81.42019307740682,
      "t": 1023.9216184070999
    },
    "e2_d": {
      "c": 83.76102336921373,
      "t": 413.6521824843747
    },
    "e2_l": {
      "c": 90.60513701984365,
      "t": 413.6521824843747
    },
    "e2_e": {
      "c": 94.70773627065805,
      "t": 413.6521824843747
    },
    "t_a": {
      "c": 2.907709001704194,
      "t": 0
    },
    "t_g_l": {
      "c": 44.30866071979157,
      "t": 0
    },
    "t_g_r": {
      "c": 53.67556469185929,
      "t": 0
    },
    "t_d": {
      "c": 74.4945980149797,
      "t": 0
    },
    "t_e": {
      "c": 98.54902999310578,
      "t": 0
    }
  },
  "curves": {
    "L_1": {
      "start": "tmA",
      "end": "e1_l",
      "type": "liquidus",
      "power": 0.8
    },
    "L_2": {
      "start": "e1_l",
      "end": "im_t",
      "type": "liquidus",
      "power": 1.2
    },
    "L_3": {
      "start": "im_t",
      "end": "p_l",
      "type": "liquidus",
      "power": 0.9
    },
    "L_4": {
      "start": "p_l",
      "end": "e2_l",
      "type": "liquidus",
      "power": 1.1
    },
    "L_5": {
      "start": "e2_l",
      "end": "tmB",
      "type": "liquidus",
      "power": 0.8
    },
    "S_a": {
      "start": "tmA",
      "end": "e1_a",
      "type": "solidus",
      "power": 1.2
    },
    "S_e": {
      "start": "tmB",
      "end": "e2_e",
      "type": "solidus",
      "power": 1.1
    },
    "sol_a": {
      "start": "e1_a",
      "end": "eu_a",
      "type": "solvus",
      "power": 2.0
    },
    "sol_a_bot": {
      "start": "eu_a",
      "end": "t_a",
      "type": "solvus",
      "power": 1.5
    },
    "sol_e": {
      "start": "e2_e",
      "end": "t_e",
      "type": "solvus",
      "power": 1.8
    },
    "i_e1": {
      "start": "e1_a",
      "end": "e1_b",
      "type": "horizontal"
    },
    "i_eu": {
      "start": "eu_a",
      "end": "eu_g",
      "type": "horizontal"
    },
    "i_p": {
      "start": "p_im",
      "end": "p_l",
      "type": "horizontal"
    },
    "i_e2": {
      "start": "e2_d",
      "end": "e2_e",
      "type": "horizontal"
    },
    "im_vert": {
      "start": "im_t",
      "end": "im_b",
      "type": "vertical"
    }
  },
  "regions": {
    "R_a": {
      "type": "single-phase",
      "phase_name": "\u03b1",
      "label": {
        "text": "\u03b1",
        "c": 4,
        "t": 600
      },
      "bounding_curves": [
        {
          "id": "S_a",
          "dir": 1
        },
        {
          "id": "sol_a",
          "dir": 1
        },
        {
          "id": "sol_a_bot",
          "dir": 1
        },
        {
          "id": "bot_a",
          "dir": -1
        },
        {
          "id": "e_L",
          "dir": 1
        }
      ]
    }
  }
}