{
  "metadata": {
    "id": "final_boss_51",
    "axes": {
      "c_max": 100,
      "t_max": 1200
    }
  },
  "nodes": {
    "tmA": {
      "c": 0,
      "t": 1052
    },
    "tmB": {
      "c": 100,
      "t": 1119
    },
    "e1_a": {
      "c": 8.923395744385692,
      "t": 847.3255049920673
    },
    "e1_l": {
      "c": 24.1791497675002,
      "t": 847.3255049920673
    },
    "e1_b": {
      "c": 33.935177910023,
      "t": 847.3255049920673
    },
    "eu_b": {
      "c": 27.461522746290647,
      "t": 568.5522986871441
    },
    "eu_a": {
      "c": 5.718364807381849,
      "t": 568.5522986871441
    },
    "eu_g": {
      "c": 42.025305838077536,
      "t": 568.5522986871441
    },
    "im_t": {
      "c": 58.042627197663194,
      "t": 1059.6536576466613
    },
    "im_b": {
      "c": 58.042627197663194,
      "t": 0
    },
    "p_im": {
      "c": 58.042627197663194,
      "t": 886.185941326148
    },
    "p_l": {
      "c": 86.3840094766197,
      "t": 886.185941326148
    },
    "p_d": {
      "c": 62.6510369273671,
      "t": 886.185941326148
    },
    "e2_d": {
      "c": 65.84207624906627,
      "t": 802.4101874901519
    },
    "e2_l": {
      "c": 83.36414584034172,
      "t": 802.4101874901519
    },
    "e2_e": {
      "c": 90.91475372694791,
      "t": 802.4101874901519
    },
    "t_a": {
      "c": 0.9792711017145831,
      "t": 0
    },
    "t_g_l": {
      "c": 39.404300137025196,
      "t": 0
    },
    "t_g_r": {
      "c": 52.99927098726856,
      "t": 0
    },
    "t_d": {
      "c": 64.62256084908938,
      "t": 0
    },
    "t_e": {
      "c": 93.51005733692789,
      "t": 0
    }
  },
  "curves": {
    "L_1": {
      "start": "tmA",
      "end": "e1_l",
      "type": "liquidus",
      "power": 0.8
    },
    "L_2": {
      "start": "e1_l",
      "end": "im_t",
      "type": "liquidus",
      "power": 1.2
    },
    "L_3": {
      "start": "im_t",
      "end": "p_l",
      "type": "liquidus",
      "power": 0.9
    },
    "L_4": {
      "start": "p_l",
      "end": "e2_l",
      "type": "liquidus",
      "power": 1.1
    },
    "L_5": {
      "start": "e2_l",
      "end": "tmB",
      "type": "liquidus",
      "power": 0.8
    },
    "S_a": {
      "start": "tmA",
      "end": "e1_a",
      "type": "solidus",
      "power": 1.2
    },
    "S_e": {
      "start": "tmB",
      "end": "e2_e",
      "type": "solidus",
      "power": 1.1
    },
    "sol_a": {
      "start": "e1_a",
      "end": "eu_a",
      "type": "solvus",
      "power": 2.0
    },
    "sol_a_bot": {
      "start": "eu_a",
      "end": "t_a",
      "type": "solvus",
      "power": 1.5
    },
    "sol_e": {
      "start": "e2_e",
      "end": "t_e",
      "type": "solvus",
      "power": 1.8
    },
    "i_e1": {
      "start": "e1_a",
      "end": "e1_b",
      "type": "horizontal"
    },
    "i_eu": {
      "start": "eu_a",
      "end": "eu_g",
      "type": "horizontal"
    },
    "i_p": {
      "start": "p_im",
      "end": "p_l",
      "type": "horizontal"
    },
    "i_e2": {
      "start": "e2_d",
      "end": "e2_e",
      "type": "horizontal"
    },
    "im_vert": {
      "start": "im_t",
      "end": "im_b",
      "type": "vertical"
    }
  },
  "regions": {
    "R_a": {
      "type": "single-phase",
      "phase_name": "\u03b1",
      "label": {
        "text": "\u03b1",
        "c": 4,
        "t": 600
      },
      "bounding_curves": [
        {
          "id": "S_a",
          "dir": 1
        },
        {
          "id": "sol_a",
          "dir": 1
        },
        {
          "id": "sol_a_bot",
          "dir": 1
        },
        {
          "id": "bot_a",
          "dir": -1
        },
        {
          "id": "e_L",
          "dir": 1
        }
      ]
    }
  }
}