{
  "metadata": {
    "id": "final_boss_233",
    "axes": {
      "c_max": 100,
      "t_max": 1200
    }
  },
  "nodes": {
    "tmA": {
      "c": 0,
      "t": 1119
    },
    "tmB": {
      "c": 100,
      "t": 1067
    },
    "e1_a": {
      "c": 16.206272001306573,
      "t": 841.4711844681532
    },
    "e1_l": {
      "c": 35.13911707668799,
      "t": 841.4711844681532
    },
    "e1_b": {
      "c": 47.146308159926775,
      "t": 841.4711844681532
    },
    "eu_b": {
      "c": 37.805614245724016,
      "t": 733.8549731290711
    },
    "eu_a": {
      "c": 7.998130460881306,
      "t": 733.8549731290711
    },
    "eu_g": {
      "c": 45.98873879058719,
      "t": 733.8549731290711
    },
    "im_t": {
      "c": 62.460090505440235,
      "t": 1026.6367460228441
    },
    "im_b": {
      "c": 62.460090505440235,
      "t": 0
    },
    "p_im": {
      "c": 62.460090505440235,
      "t": 759.5731010509154
    },
    "p_l": {
      "c": 77.48850057683224,
      "t": 759.5731010509154
    },
    "p_d": {
      "c": 72.09343014233345,
      "t": 759.5731010509154
    },
    "e2_d": {
      "c": 73.64800134636458,
      "t": 630.4232006396944
    },
    "e2_l": {
      "c": 78.77166604551915,
      "t": 630.4232006396944
    },
    "e2_e": {
      "c": 93.64155661678284,
      "t": 630.4232006396944
    },
    "t_a": {
      "c": 0.5133597339117854,
      "t": 0
    },
    "t_g_l": {
      "c": 45.26020633572424,
      "t": 0
    },
    "t_g_r": {
      "c": 52.37299407962581,
      "t": 0
    },
    "t_d": {
      "c": 73.62888224658239,
      "t": 0
    },
    "t_e": {
      "c": 99.76182172510312,
      "t": 0
    }
  },
  "curves": {
    "L_1": {
      "start": "tmA",
      "end": "e1_l",
      "type": "liquidus",
      "power": 0.8
    },
    "L_2": {
      "start": "e1_l",
      "end": "im_t",
      "type": "liquidus",
      "power": 1.2
    },
    "L_3": {
      "start": "im_t",
      "end": "p_l",
      "type": "liquidus",
      "power": 0.9
    },
    "L_4": {
      "start": "p_l",
      "end": "e2_l",
      "type": "liquidus",
      "power": 1.1
    },
    "L_5": {
      "start": "e2_l",
      "end": "tmB",
      "type": "liquidus",
      "power": 0.8
    },
    "S_a": {
      "start": "tmA",
      "end": "e1_a",
      "type": "solidus",
      "power": 1.2
    },
    "S_e": {
      "start": "tmB",
      "end": "e2_e",
      "type": "solidus",
      "power": 1.1
    },
    "sol_a": {
      "start": "e1_a",
      "end": "eu_a",
      "type": "solvus",
      "power": 2.0
    },
    "sol_a_bot": {
      "start": "eu_a",
      "end": "t_a",
      "type": "solvus",
      "power": 1.5
    },
    "sol_e": {
      "start": "e2_e",
      "end": "t_e",
      "type": "solvus",
      "power": 1.8
    },
    "i_e1": {
      "start": "e1_a",
      "end": "e1_b",
      "type": "horizontal"
    },
    "i_eu": {
      "start": "eu_a",
      "end": "eu_g",
      "type": "horizontal"
    },
    "i_p": {
      "start": "p_im",
      "end": "p_l",
      "type": "horizontal"
    },
    "i_e2": {
      "start": "e2_d",
      "end": "e2_e",
      "type": "horizontal"
    },
    "im_vert": {
      "start": "im_t",
      "end": "im_b",
      "type": "vertical"
    }
  },
  "regions": {
    "R_a": {
      "type": "single-phase",
      "phase_name": "\u03b1",
      "label": {
        "text": "\u03b1",
        "c": 4,
        "t": 600
      },
      "bounding_curves": [
        {
          "id": "S_a",
          "dir": 1
        },
        {
          "id": "sol_a",
          "dir": 1
        },
        {
          "id": "sol_a_bot",
          "dir": 1
        },
        {
          "id": "bot_a",
          "dir": -1
        },
        {
          "id": "e_L",
          "dir": 1
        }
      ]
    }
  }
}