{
  "metadata": {
    "id": "final_boss_392",
    "axes": {
      "c_max": 100,
      "t_max": 1200
    }
  },
  "nodes": {
    "tmA": {
      "c": 0,
      "t": 1090
    },
    "tmB": {
      "c": 100,
      "t": 1097
    },
    "e1_a": {
      "c": 9.11598550628165,
      "t": 891.3942262168566
    },
    "e1_l": {
      "c": 20.388005959293345,
      "t": 891.3942262168566
    },
    "e1_b": {
      "c": 31.21923508039778,
      "t": 891.3942262168566
    },
    "eu_b": {
      "c": 26.226450833789595,
      "t": 753.5605883397961
    },
    "eu_a": {
      "c": 5.219698253721123,
      "t": 753.5605883397961
    },
    "eu_g": {
      "c": 35.79227815422926,
      "t": 753.5605883397961
    },
    "im_t": {
      "c": 60.55965380208055,
      "t": 1088.335709146717
    },
    "im_b": {
      "c": 60.55965380208055,
      "t": 0
    },
    "p_im": {
      "c": 60.55965380208055,
      "t": 845.4641756659021
    },
    "p_l": {
      "c": 73.86926099558606,
      "t": 845.4641756659021
    },
    "p_d": {
      "c": 67.33978864424306,
      "t": 845.4641756659021
    },
    "e2_d": {
      "c": 69.72961322011466,
      "t": 409.04985008548624
    },
    "e2_l": {
      "c": 78.35703273079835,
      "t": 409.04985008548624
    },
    "e2_e": {
      "c": 93.75001938420415,
      "t": 409.04985008548624
    },
    "t_a": {
      "c": 2.4642397663126903,
      "t": 0
    },
    "t_g_l": {
      "c": 34.17042416153316,
      "t": 0
    },
    "t_g_r": {
      "c": 52.3416098454402,
      "t": 0
    },
    "t_d": {
      "c": 65.83537226074883,
      "t": 0
    },
    "t_e": {
      "c": 97.84423792644662,
      "t": 0
    }
  },
  "curves": {
    "L_1": {
      "start": "tmA",
      "end": "e1_l",
      "type": "liquidus",
      "power": 0.8
    },
    "L_2": {
      "start": "e1_l",
      "end": "im_t",
      "type": "liquidus",
      "power": 1.2
    },
    "L_3": {
      "start": "im_t",
      "end": "p_l",
      "type": "liquidus",
      "power": 0.9
    },
    "L_4": {
      "start": "p_l",
      "end": "e2_l",
      "type": "liquidus",
      "power": 1.1
    },
    "L_5": {
      "start": "e2_l",
      "end": "tmB",
      "type": "liquidus",
      "power": 0.8
    },
    "S_a": {
      "start": "tmA",
      "end": "e1_a",
      "type": "solidus",
      "power": 1.2
    },
    "S_e": {
      "start": "tmB",
      "end": "e2_e",
      "type": "solidus",
      "power": 1.1
    },
    "sol_a": {
      "start": "e1_a",
      "end": "eu_a",
      "type": "solvus",
      "power": 2.0
    },
    "sol_a_bot": {
      "start": "eu_a",
      "end": "t_a",
      "type": "solvus",
      "power": 1.5
    },
    "sol_e": {
      "start": "e2_e",
      "end": "t_e",
      "type": "solvus",
      "power": 1.8
    },
    "i_e1": {
      "start": "e1_a",
      "end": "e1_b",
      "type": "horizontal"
    },
    "i_eu": {
      "start": "eu_a",
      "end": "eu_g",
      "type": "horizontal"
    },
    "i_p": {
      "start": "p_im",
      "end": "p_l",
      "type": "horizontal"
    },
    "i_e2": {
      "start": "e2_d",
      "end": "e2_e",
      "type": "horizontal"
    },
    "im_vert": {
      "start": "im_t",
      "end": "im_b",
      "type": "vertical"
    }
  },
  "regions": {
    "R_a": {
      "type": "single-phase",
      "phase_name": "\u03b1",
      "label": {
        "text": "\u03b1",
        "c": 4,
        "t": 600
      },
      "bounding_curves": [
        {
          "id": "S_a",
          "dir": 1
        },
        {
          "id": "sol_a",
          "dir": 1
        },
        {
          "id": "sol_a_bot",
          "dir": 1
        },
        {
          "id": "bot_a",
          "dir": -1
        },
        {
          "id": "e_L",
          "dir": 1
        }
      ]
    }
  }
}