{
  "metadata": {
    "id": "final_boss_134",
    "axes": {
      "c_max": 100,
      "t_max": 1200
    }
  },
  "nodes": {
    "tmA": {
      "c": 0,
      "t": 1092
    },
    "tmB": {
      "c": 100,
      "t": 1056
    },
    "e1_a": {
      "c": 11.600489905807288,
      "t": 826.3449136645866
    },
    "e1_l": {
      "c": 27.82574631393394,
      "t": 826.3449136645866
    },
    "e1_b": {
      "c": 38.89857066835003,
      "t": 826.3449136645866
    },
    "eu_b": {
      "c": 35.03201179197486,
      "t": 556.4624387633812
    },
    "eu_a": {
      "c": 5.622420699695144,
      "t": 556.4624387633812
    },
    "eu_g": {
      "c": 48.86081555639153,
      "t": 556.4624387633812
    },
    "im_t": {
      "c": 73.15397851404995,
      "t": 1153.5436899356318
    },
    "im_b": {
      "c": 73.15397851404995,
      "t": 0
    },
    "p_im": {
      "c": 73.15397851404995,
      "t": 1080.0205325371758
    },
    "p_l": {
      "c": 86.59832469245818,
      "t": 1080.0205325371758
    },
    "p_d": {
      "c": 76.38006667753989,
      "t": 1080.0205325371758
    },
    "e2_d": {
      "c": 79.23472314356226,
      "t": 920.1555395183047
    },
    "e2_l": {
      "c": 88.10196466261645,
      "t": 920.1555395183047
    },
    "e2_e": {
      "c": 93.74637378686714,
      "t": 920.1555395183047
    },
    "t_a": {
      "c": 4.325877694361326,
      "t": 0
    },
    "t_g_l": {
      "c": 48.17040407735093,
      "t": 0
    },
    "t_g_r": {
      "c": 55.474098957495166,
      "t": 0
    },
    "t_d": {
      "c": 78.52028485121862,
      "t": 0
    },
    "t_e": {
      "c": 98.28255090240417,
      "t": 0
    }
  },
  "curves": {
    "L_1": {
      "start": "tmA",
      "end": "e1_l",
      "type": "liquidus",
      "power": 0.8
    },
    "L_2": {
      "start": "e1_l",
      "end": "im_t",
      "type": "liquidus",
      "power": 1.2
    },
    "L_3": {
      "start": "im_t",
      "end": "p_l",
      "type": "liquidus",
      "power": 0.9
    },
    "L_4": {
      "start": "p_l",
      "end": "e2_l",
      "type": "liquidus",
      "power": 1.1
    },
    "L_5": {
      "start": "e2_l",
      "end": "tmB",
      "type": "liquidus",
      "power": 0.8
    },
    "S_a": {
      "start": "tmA",
      "end": "e1_a",
      "type": "solidus",
      "power": 1.2
    },
    "S_e": {
      "start": "tmB",
      "end": "e2_e",
      "type": "solidus",
      "power": 1.1
    },
    "sol_a": {
      "start": "e1_a",
      "end": "eu_a",
      "type": "solvus",
      "power": 2.0
    },
    "sol_a_bot": {
      "start": "eu_a",
      "end": "t_a",
      "type": "solvus",
      "power": 1.5
    },
    "sol_e": {
      "start": "e2_e",
      "end": "t_e",
      "type": "solvus",
      "power": 1.8
    },
    "i_e1": {
      "start": "e1_a",
      "end": "e1_b",
      "type": "horizontal"
    },
    "i_eu": {
      "start": "eu_a",
      "end": "eu_g",
      "type": "horizontal"
    },
    "i_p": {
      "start": "p_im",
      "end": "p_l",
      "type": "horizontal"
    },
    "i_e2": {
      "start": "e2_d",
      "end": "e2_e",
      "type": "horizontal"
    },
    "im_vert": {
      "start": "im_t",
      "end": "im_b",
      "type": "vertical"
    }
  },
  "regions": {
    "R_a": {
      "type": "single-phase",
      "phase_name": "\u03b1",
      "label": {
        "text": "\u03b1",
        "c": 4,
        "t": 600
      },
      "bounding_curves": [
        {
          "id": "S_a",
          "dir": 1
        },
        {
          "id": "sol_a",
          "dir": 1
        },
        {
          "id": "sol_a_bot",
          "dir": 1
        },
        {
          "id": "bot_a",
          "dir": -1
        },
        {
          "id": "e_L",
          "dir": 1
        }
      ]
    }
  }
}