{
  "metadata": {
    "id": "final_boss_184",
    "axes": {
      "c_max": 100,
      "t_max": 1200
    }
  },
  "nodes": {
    "tmA": {
      "c": 0,
      "t": 1122
    },
    "tmB": {
      "c": 100,
      "t": 1142
    },
    "e1_a": {
      "c": 12.791403407546525,
      "t": 827.635645121615
    },
    "e1_l": {
      "c": 28.895197655097174,
      "t": 827.635645121615
    },
    "e1_b": {
      "c": 42.82565567417357,
      "t": 827.635645121615
    },
    "eu_b": {
      "c": 31.929832847896492,
      "t": 543.676100846348
    },
    "eu_a": {
      "c": 5.032204567629517,
      "t": 543.676100846348
    },
    "eu_g": {
      "c": 42.61352258436302,
      "t": 543.676100846348
    },
    "im_t": {
      "c": 60.413851506209554,
      "t": 1010.5735318845576
    },
    "im_b": {
      "c": 60.413851506209554,
      "t": 0
    },
    "p_im": {
      "c": 60.413851506209554,
      "t": 766.4053220322472
    },
    "p_l": {
      "c": 78.04315200236661,
      "t": 766.4053220322472
    },
    "p_d": {
      "c": 71.96394105580188,
      "t": 766.4053220322472
    },
    "e2_d": {
      "c": 74.02378340529214,
      "t": 695.4116296965672
    },
    "e2_l": {
      "c": 79.13248272103903,
      "t": 695.4116296965672
    },
    "e2_e": {
      "c": 85.04173553720122,
      "t": 695.4116296965672
    },
    "t_a": {
      "c": 1.8022952144438984,
      "t": 0
    },
    "t_g_l": {
      "c": 39.735260705599025,
      "t": 0
    },
    "t_g_r": {
      "c": 59.13966162291076,
      "t": 0
    },
    "t_d": {
      "c": 72.66699859231898,
      "t": 0
    },
    "t_e": {
      "c": 98.14870522540049,
      "t": 0
    }
  },
  "curves": {
    "L_1": {
      "start": "tmA",
      "end": "e1_l",
      "type": "liquidus",
      "power": 0.8
    },
    "L_2": {
      "start": "e1_l",
      "end": "im_t",
      "type": "liquidus",
      "power": 1.2
    },
    "L_3": {
      "start": "im_t",
      "end": "p_l",
      "type": "liquidus",
      "power": 0.9
    },
    "L_4": {
      "start": "p_l",
      "end": "e2_l",
      "type": "liquidus",
      "power": 1.1
    },
    "L_5": {
      "start": "e2_l",
      "end": "tmB",
      "type": "liquidus",
      "power": 0.8
    },
    "S_a": {
      "start": "tmA",
      "end": "e1_a",
      "type": "solidus",
      "power": 1.2
    },
    "S_e": {
      "start": "tmB",
      "end": "e2_e",
      "type": "solidus",
      "power": 1.1
    },
    "sol_a": {
      "start": "e1_a",
      "end": "eu_a",
      "type": "solvus",
      "power": 2.0
    },
    "sol_a_bot": {
      "start": "eu_a",
      "end": "t_a",
      "type": "solvus",
      "power": 1.5
    },
    "sol_e": {
      "start": "e2_e",
      "end": "t_e",
      "type": "solvus",
      "power": 1.8
    },
    "i_e1": {
      "start": "e1_a",
      "end": "e1_b",
      "type": "horizontal"
    },
    "i_eu": {
      "start": "eu_a",
      "end": "eu_g",
      "type": "horizontal"
    },
    "i_p": {
      "start": "p_im",
      "end": "p_l",
      "type": "horizontal"
    },
    "i_e2": {
      "start": "e2_d",
      "end": "e2_e",
      "type": "horizontal"
    },
    "im_vert": {
      "start": "im_t",
      "end": "im_b",
      "type": "vertical"
    }
  },
  "regions": {
    "R_a": {
      "type": "single-phase",
      "phase_name": "\u03b1",
      "label": {
        "text": "\u03b1",
        "c": 4,
        "t": 600
      },
      "bounding_curves": [
        {
          "id": "S_a",
          "dir": 1
        },
        {
          "id": "sol_a",
          "dir": 1
        },
        {
          "id": "sol_a_bot",
          "dir": 1
        },
        {
          "id": "bot_a",
          "dir": -1
        },
        {
          "id": "e_L",
          "dir": 1
        }
      ]
    }
  }
}