{
  "metadata": {
    "id": "final_boss_237",
    "axes": {
      "c_max": 100,
      "t_max": 1200
    }
  },
  "nodes": {
    "tmA": {
      "c": 0,
      "t": 1127
    },
    "tmB": {
      "c": 100,
      "t": 1029
    },
    "e1_a": {
      "c": 15.573237761196912,
      "t": 889.3331560364722
    },
    "e1_l": {
      "c": 33.45333463760751,
      "t": 889.3331560364722
    },
    "e1_b": {
      "c": 42.22755303708652,
      "t": 889.3331560364722
    },
    "eu_b": {
      "c": 35.96340367379628,
      "t": 614.8374483268991
    },
    "eu_a": {
      "c": 7.502274770230846,
      "t": 614.8374483268991
    },
    "eu_g": {
      "c": 43.70195221069979,
      "t": 614.8374483268991
    },
    "im_t": {
      "c": 59.165815529140886,
      "t": 1125.9164314922382
    },
    "im_b": {
      "c": 59.165815529140886,
      "t": 0
    },
    "p_im": {
      "c": 59.165815529140886,
      "t": 885.4989703740162
    },
    "p_l": {
      "c": 82.74838624055798,
      "t": 885.4989703740162
    },
    "p_d": {
      "c": 73.37991286017382,
      "t": 885.4989703740162
    },
    "e2_d": {
      "c": 76.19329375711862,
      "t": 676.6752291640712
    },
    "e2_l": {
      "c": 86.14182252347221,
      "t": 676.6752291640712
    },
    "e2_e": {
      "c": 91.48207025696036,
      "t": 676.6752291640712
    },
    "t_a": {
      "c": 0.07709506864945052,
      "t": 0
    },
    "t_g_l": {
      "c": 43.69522825902137,
      "t": 0
    },
    "t_g_r": {
      "c": 57.28967016832527,
      "t": 0
    },
    "t_d": {
      "c": 71.60697082116256,
      "t": 0
    },
    "t_e": {
      "c": 94.72093706368217,
      "t": 0
    }
  },
  "curves": {
    "L_1": {
      "start": "tmA",
      "end": "e1_l",
      "type": "liquidus",
      "power": 0.8
    },
    "L_2": {
      "start": "e1_l",
      "end": "im_t",
      "type": "liquidus",
      "power": 1.2
    },
    "L_3": {
      "start": "im_t",
      "end": "p_l",
      "type": "liquidus",
      "power": 0.9
    },
    "L_4": {
      "start": "p_l",
      "end": "e2_l",
      "type": "liquidus",
      "power": 1.1
    },
    "L_5": {
      "start": "e2_l",
      "end": "tmB",
      "type": "liquidus",
      "power": 0.8
    },
    "S_a": {
      "start": "tmA",
      "end": "e1_a",
      "type": "solidus",
      "power": 1.2
    },
    "S_e": {
      "start": "tmB",
      "end": "e2_e",
      "type": "solidus",
      "power": 1.1
    },
    "sol_a": {
      "start": "e1_a",
      "end": "eu_a",
      "type": "solvus",
      "power": 2.0
    },
    "sol_a_bot": {
      "start": "eu_a",
      "end": "t_a",
      "type": "solvus",
      "power": 1.5
    },
    "sol_e": {
      "start": "e2_e",
      "end": "t_e",
      "type": "solvus",
      "power": 1.8
    },
    "i_e1": {
      "start": "e1_a",
      "end": "e1_b",
      "type": "horizontal"
    },
    "i_eu": {
      "start": "eu_a",
      "end": "eu_g",
      "type": "horizontal"
    },
    "i_p": {
      "start": "p_im",
      "end": "p_l",
      "type": "horizontal"
    },
    "i_e2": {
      "start": "e2_d",
      "end": "e2_e",
      "type": "horizontal"
    },
    "im_vert": {
      "start": "im_t",
      "end": "im_b",
      "type": "vertical"
    }
  },
  "regions": {
    "R_a": {
      "type": "single-phase",
      "phase_name": "\u03b1",
      "label": {
        "text": "\u03b1",
        "c": 4,
        "t": 600
      },
      "bounding_curves": [
        {
          "id": "S_a",
          "dir": 1
        },
        {
          "id": "sol_a",
          "dir": 1
        },
        {
          "id": "sol_a_bot",
          "dir": 1
        },
        {
          "id": "bot_a",
          "dir": -1
        },
        {
          "id": "e_L",
          "dir": 1
        }
      ]
    }
  }
}