{
  "metadata": {
    "id": "final_boss_74",
    "axes": {
      "c_max": 100,
      "t_max": 1200
    }
  },
  "nodes": {
    "top_L": {
      "c": 0,
      "t": 1200
    },
    "top_R": {
      "c": 100,
      "t": 1200
    },
    "bot_L": {
      "c": 0,
      "t": 0
    },
    "bot_R": {
      "c": 100,
      "t": 0
    },
    "tmA": {
      "c": 0,
      "t": 1082.623907256176
    },
    "tmB": {
      "c": 100,
      "t": 1002.0254544666778
    },
    "e1_a": {
      "c": 11.181143834934753,
      "t": 915.2051238406622
    },
    "e1_l": {
      "c": 22.444493722069154,
      "t": 915.2051238406622
    },
    "e1_b": {
      "c": 38.83048185223319,
      "t": 915.2051238406622
    },
    "b_top_r": {
      "c": 43.83048185223319,
      "t": 915.2051238406622
    },
    "eu_b": {
      "c": 36.30452774205935,
      "t": 727.2951208000319
    },
    "eu_a": {
      "c": 8.17569965909202,
      "t": 727.2951208000319
    },
    "eu_g": {
      "c": 47.831653058949506,
      "t": 727.2951208000319
    },
    "im_t": {
      "c": 66.41318174662341,
      "t": 994.5702907417904
    },
    "im_b": {
      "c": 66.41318174662341,
      "t": 0
    },
    "p_im": {
      "c": 66.41318174662341,
      "t": 859.8599930959842
    },
    "p_l": {
      "c": 80.14658088757784,
      "t": 859.8599930959842
    },
    "p_d": {
      "c": 75.24542572950551,
      "t": 859.8599930959842
    },
    "e2_d": {
      "c": 77.68123759798365,
      "t": 577.139299460832
    },
    "e2_l": {
      "c": 83.2960885376887,
      "t": 577.139299460832
    },
    "e2_e": {
      "c": 88.9452558586775,
      "t": 577.139299460832
    },
    "t_a": {
      "c": 0.11852637157286908,
      "t": 0
    },
    "t_g_l": {
      "c": 47.65245021642447,
      "t": 0
    },
    "t_g_r": {
      "c": 62.806108960385174,
      "t": 0
    },
    "t_d": {
      "c": 74.20677737874445,
      "t": 0
    },
    "t_e": {
      "c": 97.25227687967944,
      "t": 0
    }
  },
  "curves": {
    "edge_L_top": {
      "start": "tmA",
      "end": "top_L",
      "type": "edge"
    },
    "edge_L_bot": {
      "start": "bot_L",
      "end": "tmA",
      "type": "edge"
    },
    "edge_R_top": {
      "start": "tmB",
      "end": "top_R",
      "type": "edge"
    },
    "edge_R_bot": {
      "start": "bot_R",
      "end": "tmB",
      "type": "edge"
    },
    "edge_top": {
      "start": "top_L",
      "end": "top_R",
      "type": "edge"
    },
    "b_0_a": {
      "start": "bot_L",
      "end": "t_a",
      "type": "edge"
    },
    "b_a_g": {
      "start": "t_a",
      "end": "t_g_l",
      "type": "edge"
    },
    "b_g": {
      "start": "t_g_l",
      "end": "t_g_r",
      "type": "edge"
    },
    "b_g_im": {
      "start": "t_g_r",
      "end": "im_b",
      "type": "edge"
    },
    "b_im_d": {
      "start": "im_b",
      "end": "t_d",
      "type": "edge"
    },
    "b_d_e": {
      "start": "t_d",
      "end": "t_e",
      "type": "edge"
    },
    "b_e_100": {
      "start": "t_e",
      "end": "bot_R",
      "type": "edge"
    },
    "L_1": {
      "start": "tmA",
      "end": "e1_l",
      "type": "liquidus",
      "power": 0.8
    },
    "L_2": {
      "start": "e1_l",
      "end": "im_t",
      "type": "liquidus",
      "power": 1.2
    },
    "L_3": {
      "start": "im_t",
      "end": "p_l",
      "type": "liquidus",
      "power": 0.9
    },
    "L_4": {
      "start": "p_l",
      "end": "e2_l",
      "type": "liquidus",
      "power": 1.1
    },
    "L_5": {
      "start": "e2_l",
      "end": "tmB",
      "type": "liquidus",
      "power": 0.8
    },
    "S_a": {
      "start": "tmA",
      "end": "e1_a",
      "type": "solidus",
      "power": 1.1
    },
    "S_b": {
      "start": "e1_b",
      "end": "im_t",
      "type": "solidus",
      "power": 0.9
    },
    "S_d": {
      "start": "p_d",
      "end": "e2_d",
      "type": "solidus",
      "power": 1.0
    },
    "S_e": {
      "start": "tmB",
      "end": "e2_e",
      "type": "solidus",
      "power": 1.1
    },
    "H_E1_L": {
      "start": "e1_a",
      "end": "e1_l",
      "type": "horizontal"
    },
    "H_E1_R": {
      "start": "e1_l",
      "end": "e1_b",
      "type": "horizontal"
    },
    "H_EU_L": {
      "start": "eu_a",
      "end": "eu_b",
      "type": "horizontal"
    },
    "H_EU_R": {
      "start": "eu_b",
      "end": "eu_g",
      "type": "horizontal"
    },
    "H_P_L": {
      "start": "p_im",
      "end": "p_d",
      "type": "horizontal"
    },
    "H_P_R": {
      "start": "p_d",
      "end": "p_l",
      "type": "horizontal"
    },
    "H_E2_L": {
      "start": "e2_d",
      "end": "e2_l",
      "type": "horizontal"
    },
    "H_E2_R": {
      "start": "e2_l",
      "end": "e2_e",
      "type": "horizontal"
    },
    "sol_a_up": {
      "start": "e1_a",
      "end": "eu_a",
      "type": "solvus",
      "power": 1.5
    },
    "sol_a_bot": {
      "start": "eu_a",
      "end": "t_a",
      "type": "solvus",
      "power": 1.2
    },
    "sol_b_L": {
      "start": "e1_b",
      "end": "eu_b",
      "type": "solvus",
      "power": 1.0
    },
    "sol_b_R": {
      "start": "b_top_r",
      "end": "eu_b",
      "type": "solvus",
      "power": 1.0
    },
    "sol_b_top": {
      "start": "e1_b",
      "end": "b_top_r",
      "type": "horizontal"
    },
    "sol_g_L": {
      "start": "eu_g",
      "end": "t_g_l",
      "type": "solvus",
      "power": 1.3
    },
    "sol_g_R": {
      "start": "eu_g",
      "end": "t_g_r",
      "type": "solvus",
      "power": 1.3
    },
    "sol_d_up": {
      "start": "p_d",
      "end": "e2_d",
      "type": "solvus",
      "power": 1.0
    },
    "sol_d_bot": {
      "start": "e2_d",
      "end": "t_d",
      "type": "solvus",
      "power": 1.5
    },
    "sol_e": {
      "start": "e2_e",
      "end": "t_e",
      "type": "solvus",
      "power": 1.6
    },
    "IM_vert_up": {
      "start": "p_im",
      "end": "im_t",
      "type": "vertical"
    },
    "IM_vert_bot": {
      "start": "im_b",
      "end": "p_im",
      "type": "vertical"
    }
  },
  "regions": {
    "R_L": {
      "type": "single-phase",
      "phase_name": "L",
      "bounding_curves": [
        {
          "id": "L_1",
          "dir": 1
        },
        {
          "id": "L_2",
          "dir": 1
        },
        {
          "id": "L_3",
          "dir": 1
        },
        {
          "id": "L_4",
          "dir": 1
        },
        {
          "id": "L_5",
          "dir": 1
        },
        {
          "id": "edge_R_top",
          "dir": 1
        },
        {
          "id": "edge_top",
          "dir": -1
        },
        {
          "id": "edge_L_top",
          "dir": -1
        }
      ]
    },
    "R_a": {
      "type": "single-phase",
      "phase_name": "\u03b1",
      "bounding_curves": [
        {
          "id": "S_a",
          "dir": -1
        },
        {
          "id": "edge_L_bot",
          "dir": -1
        },
        {
          "id": "b_0_a",
          "dir": 1
        },
        {
          "id": "sol_a_bot",
          "dir": -1
        },
        {
          "id": "sol_a_up",
          "dir": -1
        }
      ]
    },
    "R_b": {
      "type": "single-phase",
      "phase_name": "\u03b2",
      "bounding_curves": [
        {
          "id": "sol_b_top",
          "dir": 1
        },
        {
          "id": "sol_b_R",
          "dir": 1
        },
        {
          "id": "sol_b_L",
          "dir": -1
        }
      ]
    },
    "R_g": {
      "type": "single-phase",
      "phase_name": "\u03b3",
      "bounding_curves": [
        {
          "id": "sol_g_L",
          "dir": 1
        },
        {
          "id": "b_g",
          "dir": 1
        },
        {
          "id": "sol_g_R",
          "dir": -1
        }
      ]
    },
    "R_d": {
      "type": "single-phase",
      "phase_name": "\u03b4",
      "bounding_curves": [
        {
          "id": "S_d",