{
  "metadata": {
    "id": "final_boss_480",
    "axes": {
      "c_max": 100,
      "t_max": 1200
    }
  },
  "nodes": {
    "tmA": {
      "c": 0,
      "t": 1135
    },
    "tmB": {
      "c": 100,
      "t": 1065
    },
    "e1_a": {
      "c": 14.149156887855126,
      "t": 892.9901138768324
    },
    "e1_l": {
      "c": 32.38413837551586,
      "t": 892.9901138768324
    },
    "e1_b": {
      "c": 40.69635578665642,
      "t": 892.9901138768324
    },
    "eu_b": {
      "c": 35.67966153664677,
      "t": 723.2380717764029
    },
    "eu_a": {
      "c": 5.835850817966767,
      "t": 723.2380717764029
    },
    "eu_g": {
      "c": 46.387060003951234,
      "t": 723.2380717764029
    },
    "im_t": {
      "c": 58.07151268255871,
      "t": 1060.9418583563947
    },
    "im_b": {
      "c": 58.07151268255871,
      "t": 0
    },
    "p_im": {
      "c": 58.07151268255871,
      "t": 836.9782857716564
    },
    "p_l": {
      "c": 78.82049736874437,
      "t": 836.9782857716564
    },
    "p_d": {
      "c": 65.25236307691256,
      "t": 836.9782857716564
    },
    "e2_d": {
      "c": 71.86660169935122,
      "t": 696.8839418204029
    },
    "e2_l": {
      "c": 80.57574663317226,
      "t": 696.8839418204029
    },
    "e2_e": {
      "c": 92.39274244482964,
      "t": 696.8839418204029
    },
    "t_a": {
      "c": 2.8312774252777566,
      "t": 0
    },
    "t_g_l": {
      "c": 44.85073925386634,
      "t": 0
    },
    "t_g_r": {
      "c": 54.25523327500998,
      "t": 0
    },
    "t_d": {
      "c": 66.37939558583501,
      "t": 0
    },
    "t_e": {
      "c": 95.89884177763629,
      "t": 0
    }
  },
  "curves": {
    "L_1": {
      "start": "tmA",
      "end": "e1_l",
      "type": "liquidus",
      "power": 0.8
    },
    "L_2": {
      "start": "e1_l",
      "end": "im_t",
      "type": "liquidus",
      "power": 1.2
    },
    "L_3": {
      "start": "im_t",
      "end": "p_l",
      "type": "liquidus",
      "power": 0.9
    },
    "L_4": {
      "start": "p_l",
      "end": "e2_l",
      "type": "liquidus",
      "power": 1.1
    },
    "L_5": {
      "start": "e2_l",
      "end": "tmB",
      "type": "liquidus",
      "power": 0.8
    },
    "S_a": {
      "start": "tmA",
      "end": "e1_a",
      "type": "solidus",
      "power": 1.2
    },
    "S_e": {
      "start": "tmB",
      "end": "e2_e",
      "type": "solidus",
      "power": 1.1
    },
    "sol_a": {
      "start": "e1_a",
      "end": "eu_a",
      "type": "solvus",
      "power": 2.0
    },
    "sol_a_bot": {
      "start": "eu_a",
      "end": "t_a",
      "type": "solvus",
      "power": 1.5
    },
    "sol_e": {
      "start": "e2_e",
      "end": "t_e",
      "type": "solvus",
      "power": 1.8
    },
    "i_e1": {
      "start": "e1_a",
      "end": "e1_b",
      "type": "horizontal"
    },
    "i_eu": {
      "start": "eu_a",
      "end": "eu_g",
      "type": "horizontal"
    },
    "i_p": {
      "start": "p_im",
      "end": "p_l",
      "type": "horizontal"
    },
    "i_e2": {
      "start": "e2_d",
      "end": "e2_e",
      "type": "horizontal"
    },
    "im_vert": {
      "start": "im_t",
      "end": "im_b",
      "type": "vertical"
    }
  },
  "regions": {
    "R_a": {
      "type": "single-phase",
      "phase_name": "\u03b1",
      "label": {
        "text": "\u03b1",
        "c": 4,
        "t": 600
      },
      "bounding_curves": [
        {
          "id": "S_a",
          "dir": 1
        },
        {
          "id": "sol_a",
          "dir": 1
        },
        {
          "id": "sol_a_bot",
          "dir": 1
        },
        {
          "id": "bot_a",
          "dir": -1
        },
        {
          "id": "e_L",
          "dir": 1
        }
      ]
    }
  }
}