{
  "metadata": {
    "id": "final_boss_165",
    "axes": {
      "c_max": 100,
      "t_max": 1200
    }
  },
  "nodes": {
    "tmA": {
      "c": 0,
      "t": 1078
    },
    "tmB": {
      "c": 100,
      "t": 1025
    },
    "e1_a": {
      "c": 13.43513174310105,
      "t": 912.4248415629216
    },
    "e1_l": {
      "c": 22.406490076696667,
      "t": 912.4248415629216
    },
    "e1_b": {
      "c": 30.754871862108306,
      "t": 912.4248415629216
    },
    "eu_b": {
      "c": 24.77977366791384,
      "t": 671.295805372642
    },
    "eu_a": {
      "c": 10.919765664224528,
      "t": 671.295805372642
    },
    "eu_g": {
      "c": 30.48818075468554,
      "t": 671.295805372642
    },
    "im_t": {
      "c": 55.44408374985071,
      "t": 1149.1710072332405
    },
    "im_b": {
      "c": 55.44408374985071,
      "t": 0
    },
    "p_im": {
      "c": 55.44408374985071,
      "t": 939.9458782557891
    },
    "p_l": {
      "c": 83.61307277676946,
      "t": 939.9458782557891
    },
    "p_d": {
      "c": 74.68172928334778,
      "t": 939.9458782557891
    },
    "e2_d": {
      "c": 77.2869563805364,
      "t": 563.8498258822809
    },
    "e2_l": {
      "c": 86.027284806875,
      "t": 563.8498258822809
    },
    "e2_e": {
      "c": 94.46094795489789,
      "t": 563.8498258822809
    },
    "t_a": {
      "c": 8.332006344000481,
      "t": 0
    },
    "t_g_l": {
      "c": 29.57058660051412,
      "t": 0
    },
    "t_g_r": {
      "c": 39.231199585197196,
      "t": 0
    },
    "t_d": {
      "c": 72.73142762980504,
      "t": 0
    },
    "t_e": {
      "c": 98.87320172986755,
      "t": 0
    }
  },
  "curves": {
    "L_1": {
      "start": "tmA",
      "end": "e1_l",
      "type": "liquidus",
      "power": 0.8
    },
    "L_2": {
      "start": "e1_l",
      "end": "im_t",
      "type": "liquidus",
      "power": 1.2
    },
    "L_3": {
      "start": "im_t",
      "end": "p_l",
      "type": "liquidus",
      "power": 0.9
    },
    "L_4": {
      "start": "p_l",
      "end": "e2_l",
      "type": "liquidus",
      "power": 1.1
    },
    "L_5": {
      "start": "e2_l",
      "end": "tmB",
      "type": "liquidus",
      "power": 0.8
    },
    "S_a": {
      "start": "tmA",
      "end": "e1_a",
      "type": "solidus",
      "power": 1.2
    },
    "S_e": {
      "start": "tmB",
      "end": "e2_e",
      "type": "solidus",
      "power": 1.1
    },
    "sol_a": {
      "start": "e1_a",
      "end": "eu_a",
      "type": "solvus",
      "power": 2.0
    },
    "sol_a_bot": {
      "start": "eu_a",
      "end": "t_a",
      "type": "solvus",
      "power": 1.5
    },
    "sol_e": {
      "start": "e2_e",
      "end": "t_e",
      "type": "solvus",
      "power": 1.8
    },
    "i_e1": {
      "start": "e1_a",
      "end": "e1_b",
      "type": "horizontal"
    },
    "i_eu": {
      "start": "eu_a",
      "end": "eu_g",
      "type": "horizontal"
    },
    "i_p": {
      "start": "p_im",
      "end": "p_l",
      "type": "horizontal"
    },
    "i_e2": {
      "start": "e2_d",
      "end": "e2_e",
      "type": "horizontal"
    },
    "im_vert": {
      "start": "im_t",
      "end": "im_b",
      "type": "vertical"
    }
  },
  "regions": {
    "R_a": {
      "type": "single-phase",
      "phase_name": "\u03b1",
      "label": {
        "text": "\u03b1",
        "c": 4,
        "t": 600
      },
      "bounding_curves": [
        {
          "id": "S_a",
          "dir": 1
        },
        {
          "id": "sol_a",
          "dir": 1
        },
        {
          "id": "sol_a_bot",
          "dir": 1
        },
        {
          "id": "bot_a",
          "dir": -1
        },
        {
          "id": "e_L",
          "dir": 1
        }
      ]
    }
  }
}