{
  "metadata": {
    "id": "final_boss_361",
    "axes": {
      "c_max": 100,
      "t_max": 1200
    }
  },
  "nodes": {
    "tmA": {
      "c": 0,
      "t": 1073
    },
    "tmB": {
      "c": 100,
      "t": 1065
    },
    "e1_a": {
      "c": 15.553525811579386,
      "t": 948.8211182699849
    },
    "e1_l": {
      "c": 26.972856955942746,
      "t": 948.8211182699849
    },
    "e1_b": {
      "c": 36.84410175135921,
      "t": 948.8211182699849
    },
    "eu_b": {
      "c": 34.44496561948069,
      "t": 577.3527684902036
    },
    "eu_a": {
      "c": 4.074705378863236,
      "t": 577.3527684902036
    },
    "eu_g": {
      "c": 40.93234521803568,
      "t": 577.3527684902036
    },
    "im_t": {
      "c": 53.912395238933236,
      "t": 1121.1353235058777
    },
    "im_b": {
      "c": 53.912395238933236,
      "t": 0
    },
    "p_im": {
      "c": 53.912395238933236,
      "t": 835.638435792374
    },
    "p_l": {
      "c": 69.03052441214928,
      "t": 835.638435792374
    },
    "p_d": {
      "c": 64.4500279871054,
      "t": 835.638435792374
    },
    "e2_d": {
      "c": 66.1430542204932,
      "t": 686.8375973031876
    },
    "e2_l": {
      "c": 73.14092480167513,
      "t": 686.8375973031876
    },
    "e2_e": {
      "c": 78.9729515230736,
      "t": 686.8375973031876
    },
    "t_a": {
      "c": 0.5041952391589978,
      "t": 0
    },
    "t_g_l": {
      "c": 40.642128465929794,
      "t": 0
    },
    "t_g_r": {
      "c": 47.838909094658916,
      "t": 0
    },
    "t_d": {
      "c": 64.62716934467176,
      "t": 0
    },
    "t_e": {
      "c": 86.99050066055968,
      "t": 0
    }
  },
  "curves": {
    "L_1": {
      "start": "tmA",
      "end": "e1_l",
      "type": "liquidus",
      "power": 0.8
    },
    "L_2": {
      "start": "e1_l",
      "end": "im_t",
      "type": "liquidus",
      "power": 1.2
    },
    "L_3": {
      "start": "im_t",
      "end": "p_l",
      "type": "liquidus",
      "power": 0.9
    },
    "L_4": {
      "start": "p_l",
      "end": "e2_l",
      "type": "liquidus",
      "power": 1.1
    },
    "L_5": {
      "start": "e2_l",
      "end": "tmB",
      "type": "liquidus",
      "power": 0.8
    },
    "S_a": {
      "start": "tmA",
      "end": "e1_a",
      "type": "solidus",
      "power": 1.2
    },
    "S_e": {
      "start": "tmB",
      "end": "e2_e",
      "type": "solidus",
      "power": 1.1
    },
    "sol_a": {
      "start": "e1_a",
      "end": "eu_a",
      "type": "solvus",
      "power": 2.0
    },
    "sol_a_bot": {
      "start": "eu_a",
      "end": "t_a",
      "type": "solvus",
      "power": 1.5
    },
    "sol_e": {
      "start": "e2_e",
      "end": "t_e",
      "type": "solvus",
      "power": 1.8
    },
    "i_e1": {
      "start": "e1_a",
      "end": "e1_b",
      "type": "horizontal"
    },
    "i_eu": {
      "start": "eu_a",
      "end": "eu_g",
      "type": "horizontal"
    },
    "i_p": {
      "start": "p_im",
      "end": "p_l",
      "type": "horizontal"
    },
    "i_e2": {
      "start": "e2_d",
      "end": "e2_e",
      "type": "horizontal"
    },
    "im_vert": {
      "start": "im_t",
      "end": "im_b",
      "type": "vertical"
    }
  },
  "regions": {
    "R_a": {
      "type": "single-phase",
      "phase_name": "\u03b1",
      "label": {
        "text": "\u03b1",
        "c": 4,
        "t": 600
      },
      "bounding_curves": [
        {
          "id": "S_a",
          "dir": 1
        },
        {
          "id": "sol_a",
          "dir": 1
        },
        {
          "id": "sol_a_bot",
          "dir": 1
        },
        {
          "id": "bot_a",
          "dir": -1
        },
        {
          "id": "e_L",
          "dir": 1
        }
      ]
    }
  }
}