{
  "metadata": {
    "id": "final_boss_446",
    "axes": {
      "c_max": 100,
      "t_max": 1200
    }
  },
  "nodes": {
    "tmA": {
      "c": 0,
      "t": 1149
    },
    "tmB": {
      "c": 100,
      "t": 1135
    },
    "e1_a": {
      "c": 13.796832153026532,
      "t": 805.2575788677791
    },
    "e1_l": {
      "c": 26.671553219498385,
      "t": 805.2575788677791
    },
    "e1_b": {
      "c": 35.76867658278848,
      "t": 805.2575788677791
    },
    "eu_b": {
      "c": 33.10000930114846,
      "t": 626.7648267580515
    },
    "eu_a": {
      "c": 6.960347890704485,
      "t": 626.7648267580515
    },
    "eu_g": {
      "c": 39.90744536487171,
      "t": 626.7648267580515
    },
    "im_t": {
      "c": 67.87141745230107,
      "t": 1009.9567949238211
    },
    "im_b": {
      "c": 67.87141745230107,
      "t": 0
    },
    "p_im": {
      "c": 67.87141745230107,
      "t": 830.3456884614457
    },
    "p_l": {
      "c": 84.68909793678475,
      "t": 830.3456884614457
    },
    "p_d": {
      "c": 74.7617709015929,
      "t": 830.3456884614457
    },
    "e2_d": {
      "c": 78.91128621750453,
      "t": 552.6380862620464
    },
    "e2_l": {
      "c": 84.29987925274536,
      "t": 552.6380862620464
    },
    "e2_e": {
      "c": 89.11767291563386,
      "t": 552.6380862620464
    },
    "t_a": {
      "c": 4.032350712229952,
      "t": 0
    },
    "t_g_l": {
      "c": 38.96341904093808,
      "t": 0
    },
    "t_g_r": {
      "c": 50.15001818865963,
      "t": 0
    },
    "t_d": {
      "c": 73.89477106499093,
      "t": 0
    },
    "t_e": {
      "c": 97.79090185667381,
      "t": 0
    }
  },
  "curves": {
    "L_1": {
      "start": "tmA",
      "end": "e1_l",
      "type": "liquidus",
      "power": 0.8
    },
    "L_2": {
      "start": "e1_l",
      "end": "im_t",
      "type": "liquidus",
      "power": 1.2
    },
    "L_3": {
      "start": "im_t",
      "end": "p_l",
      "type": "liquidus",
      "power": 0.9
    },
    "L_4": {
      "start": "p_l",
      "end": "e2_l",
      "type": "liquidus",
      "power": 1.1
    },
    "L_5": {
      "start": "e2_l",
      "end": "tmB",
      "type": "liquidus",
      "power": 0.8
    },
    "S_a": {
      "start": "tmA",
      "end": "e1_a",
      "type": "solidus",
      "power": 1.2
    },
    "S_e": {
      "start": "tmB",
      "end": "e2_e",
      "type": "solidus",
      "power": 1.1
    },
    "sol_a": {
      "start": "e1_a",
      "end": "eu_a",
      "type": "solvus",
      "power": 2.0
    },
    "sol_a_bot": {
      "start": "eu_a",
      "end": "t_a",
      "type": "solvus",
      "power": 1.5
    },
    "sol_e": {
      "start": "e2_e",
      "end": "t_e",
      "type": "solvus",
      "power": 1.8
    },
    "i_e1": {
      "start": "e1_a",
      "end": "e1_b",
      "type": "horizontal"
    },
    "i_eu": {
      "start": "eu_a",
      "end": "eu_g",
      "type": "horizontal"
    },
    "i_p": {
      "start": "p_im",
      "end": "p_l",
      "type": "horizontal"
    },
    "i_e2": {
      "start": "e2_d",
      "end": "e2_e",
      "type": "horizontal"
    },
    "im_vert": {
      "start": "im_t",
      "end": "im_b",
      "type": "vertical"
    }
  },
  "regions": {
    "R_a": {
      "type": "single-phase",
      "phase_name": "\u03b1",
      "label": {
        "text": "\u03b1",
        "c": 4,
        "t": 600
      },
      "bounding_curves": [
        {
          "id": "S_a",
          "dir": 1
        },
        {
          "id": "sol_a",
          "dir": 1
        },
        {
          "id": "sol_a_bot",
          "dir": 1
        },
        {
          "id": "bot_a",
          "dir": -1
        },
        {
          "id": "e_L",
          "dir": 1
        }
      ]
    }
  }
}