{
  "metadata": {
    "id": "final_boss_343",
    "axes": {
      "c_max": 100,
      "t_max": 1200
    }
  },
  "nodes": {
    "tmA": {
      "c": 0,
      "t": 1125
    },
    "tmB": {
      "c": 100,
      "t": 1004
    },
    "e1_a": {
      "c": 16.705675197085604,
      "t": 912.0069961241369
    },
    "e1_l": {
      "c": 36.29956421972306,
      "t": 912.0069961241369
    },
    "e1_b": {
      "c": 50.91758865341839,
      "t": 912.0069961241369
    },
    "eu_b": {
      "c": 45.029479543138436,
      "t": 585.896204333567
    },
    "eu_a": {
      "c": 12.855971309962438,
      "t": 585.896204333567
    },
    "eu_g": {
      "c": 51.5429428243373,
      "t": 585.896204333567
    },
    "im_t": {
      "c": 65.40629138923521,
      "t": 1124.244439527213
    },
    "im_b": {
      "c": 65.40629138923521,
      "t": 0
    },
    "p_im": {
      "c": 65.40629138923521,
      "t": 791.5823994916858
    },
    "p_l": {
      "c": 87.78742199933673,
      "t": 791.5823994916858
    },
    "p_d": {
      "c": 81.5782032638454,
      "t": 791.5823994916858
    },
    "e2_d": {
      "c": 83.60079292610916,
      "t": 663.2841610069013
    },
    "e2_l": {
      "c": 89.21261990130529,
      "t": 663.2841610069013
    },
    "e2_e": {
      "c": 95.85842424263224,
      "t": 663.2841610069013
    },
    "t_a": {
      "c": 2.6122922333075564,
      "t": 0
    },
    "t_g_l": {
      "c": 49.781320456247784,
      "t": 0
    },
    "t_g_r": {
      "c": 56.93028069351124,
      "t": 0
    },
    "t_d": {
      "c": 82.25172644612644,
      "t": 0
    },
    "t_e": {
      "c": 97.47334063625398,
      "t": 0
    }
  },
  "curves": {
    "L_1": {
      "start": "tmA",
      "end": "e1_l",
      "type": "liquidus",
      "power": 0.8
    },
    "L_2": {
      "start": "e1_l",
      "end": "im_t",
      "type": "liquidus",
      "power": 1.2
    },
    "L_3": {
      "start": "im_t",
      "end": "p_l",
      "type": "liquidus",
      "power": 0.9
    },
    "L_4": {
      "start": "p_l",
      "end": "e2_l",
      "type": "liquidus",
      "power": 1.1
    },
    "L_5": {
      "start": "e2_l",
      "end": "tmB",
      "type": "liquidus",
      "power": 0.8
    },
    "S_a": {
      "start": "tmA",
      "end": "e1_a",
      "type": "solidus",
      "power": 1.2
    },
    "S_e": {
      "start": "tmB",
      "end": "e2_e",
      "type": "solidus",
      "power": 1.1
    },
    "sol_a": {
      "start": "e1_a",
      "end": "eu_a",
      "type": "solvus",
      "power": 2.0
    },
    "sol_a_bot": {
      "start": "eu_a",
      "end": "t_a",
      "type": "solvus",
      "power": 1.5
    },
    "sol_e": {
      "start": "e2_e",
      "end": "t_e",
      "type": "solvus",
      "power": 1.8
    },
    "i_e1": {
      "start": "e1_a",
      "end": "e1_b",
      "type": "horizontal"
    },
    "i_eu": {
      "start": "eu_a",
      "end": "eu_g",
      "type": "horizontal"
    },
    "i_p": {
      "start": "p_im",
      "end": "p_l",
      "type": "horizontal"
    },
    "i_e2": {
      "start": "e2_d",
      "end": "e2_e",
      "type": "horizontal"
    },
    "im_vert": {
      "start": "im_t",
      "end": "im_b",
      "type": "vertical"
    }
  },
  "regions": {
    "R_a": {
      "type": "single-phase",
      "phase_name": "\u03b1",
      "label": {
        "text": "\u03b1",
        "c": 4,
        "t": 600
      },
      "bounding_curves": [
        {
          "id": "S_a",
          "dir": 1
        },
        {
          "id": "sol_a",
          "dir": 1
        },
        {
          "id": "sol_a_bot",
          "dir": 1
        },
        {
          "id": "bot_a",
          "dir": -1
        },
        {
          "id": "e_L",
          "dir": 1
        }
      ]
    }
  }
}