{
  "metadata": {
    "id": "final_boss_461",
    "axes": {
      "c_max": 100,
      "t_max": 1200
    }
  },
  "nodes": {
    "tmA": {
      "c": 0,
      "t": 1073
    },
    "tmB": {
      "c": 100,
      "t": 1015
    },
    "e1_a": {
      "c": 16.221203936687026,
      "t": 847.1430887371863
    },
    "e1_l": {
      "c": 33.83863163002836,
      "t": 847.1430887371863
    },
    "e1_b": {
      "c": 42.06241304993487,
      "t": 847.1430887371863
    },
    "eu_b": {
      "c": 39.46966906083581,
      "t": 578.9009535032715
    },
    "eu_a": {
      "c": 10.745966523918312,
      "t": 578.9009535032715
    },
    "eu_g": {
      "c": 50.8739606944561,
      "t": 578.9009535032715
    },
    "im_t": {
      "c": 63.219076757672795,
      "t": 1100.521573136748
    },
    "im_b": {
      "c": 63.219076757672795,
      "t": 0
    },
    "p_im": {
      "c": 63.219076757672795,
      "t": 823.7369945705117
    },
    "p_l": {
      "c": 87.00532883534696,
      "t": 823.7369945705117
    },
    "p_d": {
      "c": 68.32606646562712,
      "t": 823.7369945705117
    },
    "e2_d": {
      "c": 75.4710271763419,
      "t": 567.748861904081
    },
    "e2_l": {
      "c": 88.22977804271918,
      "t": 567.748861904081
    },
    "e2_e": {
      "c": 94.27595733631168,
      "t": 567.748861904081
    },
    "t_a": {
      "c": 5.555429479613466,
      "t": 0
    },
    "t_g_l": {
      "c": 49.902577858702585,
      "t": 0
    },
    "t_g_r": {
      "c": 55.68783873710639,
      "t": 0
    },
    "t_d": {
      "c": 75.33778646985628,
      "t": 0
    },
    "t_e": {
      "c": 99.89989128999427,
      "t": 0
    }
  },
  "curves": {
    "L_1": {
      "start": "tmA",
      "end": "e1_l",
      "type": "liquidus",
      "power": 0.8
    },
    "L_2": {
      "start": "e1_l",
      "end": "im_t",
      "type": "liquidus",
      "power": 1.2
    },
    "L_3": {
      "start": "im_t",
      "end": "p_l",
      "type": "liquidus",
      "power": 0.9
    },
    "L_4": {
      "start": "p_l",
      "end": "e2_l",
      "type": "liquidus",
      "power": 1.1
    },
    "L_5": {
      "start": "e2_l",
      "end": "tmB",
      "type": "liquidus",
      "power": 0.8
    },
    "S_a": {
      "start": "tmA",
      "end": "e1_a",
      "type": "solidus",
      "power": 1.2
    },
    "S_e": {
      "start": "tmB",
      "end": "e2_e",
      "type": "solidus",
      "power": 1.1
    },
    "sol_a": {
      "start": "e1_a",
      "end": "eu_a",
      "type": "solvus",
      "power": 2.0
    },
    "sol_a_bot": {
      "start": "eu_a",
      "end": "t_a",
      "type": "solvus",
      "power": 1.5
    },
    "sol_e": {
      "start": "e2_e",
      "end": "t_e",
      "type": "solvus",
      "power": 1.8
    },
    "i_e1": {
      "start": "e1_a",
      "end": "e1_b",
      "type": "horizontal"
    },
    "i_eu": {
      "start": "eu_a",
      "end": "eu_g",
      "type": "horizontal"
    },
    "i_p": {
      "start": "p_im",
      "end": "p_l",
      "type": "horizontal"
    },
    "i_e2": {
      "start": "e2_d",
      "end": "e2_e",
      "type": "horizontal"
    },
    "im_vert": {
      "start": "im_t",
      "end": "im_b",
      "type": "vertical"
    }
  },
  "regions": {
    "R_a": {
      "type": "single-phase",
      "phase_name": "\u03b1",
      "label": {
        "text": "\u03b1",
        "c": 4,
        "t": 600
      },
      "bounding_curves": [
        {
          "id": "S_a",
          "dir": 1
        },
        {
          "id": "sol_a",
          "dir": 1
        },
        {
          "id": "sol_a_bot",
          "dir": 1
        },
        {
          "id": "bot_a",
          "dir": -1
        },
        {
          "id": "e_L",
          "dir": 1
        }
      ]
    }
  }
}