{
  "metadata": {
    "id": "final_boss_146",
    "axes": {
      "c_max": 100,
      "t_max": 1200
    }
  },
  "nodes": {
    "tmA": {
      "c": 0,
      "t": 1144
    },
    "tmB": {
      "c": 100,
      "t": 1118
    },
    "e1_a": {
      "c": 14.90453212898964,
      "t": 827.9849606434774
    },
    "e1_l": {
      "c": 24.189678310506547,
      "t": 827.9849606434774
    },
    "e1_b": {
      "c": 33.51111480690922,
      "t": 827.9849606434774
    },
    "eu_b": {
      "c": 29.387652634086223,
      "t": 520.0191173619987
    },
    "eu_a": {
      "c": 5.822030874994813,
      "t": 520.0191173619987
    },
    "eu_g": {
      "c": 44.22339163710651,
      "t": 520.0191173619987
    },
    "im_t": {
      "c": 59.41547838675488,
      "t": 989.9692344925052
    },
    "im_b": {
      "c": 59.41547838675488,
      "t": 0
    },
    "p_im": {
      "c": 59.41547838675488,
      "t": 788.7049457357035
    },
    "p_l": {
      "c": 71.59731603354064,
      "t": 788.7049457357035
    },
    "p_d": {
      "c": 67.53624729034746,
      "t": 788.7049457357035
    },
    "e2_d": {
      "c": 69.27915452194809,
      "t": 476.5404916412565
    },
    "e2_l": {
      "c": 75.02387450219405,
      "t": 476.5404916412565
    },
    "e2_e": {
      "c": 90.96539102377714,
      "t": 476.5404916412565
    },
    "t_a": {
      "c": 2.191996049195237,
      "t": 0
    },
    "t_g_l": {
      "c": 41.329154065737974,
      "t": 0
    },
    "t_g_r": {
      "c": 50.22651723057901,
      "t": 0
    },
    "t_d": {
      "c": 67.02413974527157,
      "t": 0
    },
    "t_e": {
      "c": 95.68224423923212,
      "t": 0
    }
  },
  "curves": {
    "L_1": {
      "start": "tmA",
      "end": "e1_l",
      "type": "liquidus",
      "power": 0.8
    },
    "L_2": {
      "start": "e1_l",
      "end": "im_t",
      "type": "liquidus",
      "power": 1.2
    },
    "L_3": {
      "start": "im_t",
      "end": "p_l",
      "type": "liquidus",
      "power": 0.9
    },
    "L_4": {
      "start": "p_l",
      "end": "e2_l",
      "type": "liquidus",
      "power": 1.1
    },
    "L_5": {
      "start": "e2_l",
      "end": "tmB",
      "type": "liquidus",
      "power": 0.8
    },
    "S_a": {
      "start": "tmA",
      "end": "e1_a",
      "type": "solidus",
      "power": 1.2
    },
    "S_e": {
      "start": "tmB",
      "end": "e2_e",
      "type": "solidus",
      "power": 1.1
    },
    "sol_a": {
      "start": "e1_a",
      "end": "eu_a",
      "type": "solvus",
      "power": 2.0
    },
    "sol_a_bot": {
      "start": "eu_a",
      "end": "t_a",
      "type": "solvus",
      "power": 1.5
    },
    "sol_e": {
      "start": "e2_e",
      "end": "t_e",
      "type": "solvus",
      "power": 1.8
    },
    "i_e1": {
      "start": "e1_a",
      "end": "e1_b",
      "type": "horizontal"
    },
    "i_eu": {
      "start": "eu_a",
      "end": "eu_g",
      "type": "horizontal"
    },
    "i_p": {
      "start": "p_im",
      "end": "p_l",
      "type": "horizontal"
    },
    "i_e2": {
      "start": "e2_d",
      "end": "e2_e",
      "type": "horizontal"
    },
    "im_vert": {
      "start": "im_t",
      "end": "im_b",
      "type": "vertical"
    }
  },
  "regions": {
    "R_a": {
      "type": "single-phase",
      "phase_name": "\u03b1",
      "label": {
        "text": "\u03b1",
        "c": 4,
        "t": 600
      },
      "bounding_curves": [
        {
          "id": "S_a",
          "dir": 1
        },
        {
          "id": "sol_a",
          "dir": 1
        },
        {
          "id": "sol_a_bot",
          "dir": 1
        },
        {
          "id": "bot_a",
          "dir": -1
        },
        {
          "id": "e_L",
          "dir": 1
        }
      ]
    }
  }
}