{
  "metadata": {
    "id": "final_boss_120",
    "axes": {
      "c_max": 100,
      "t_max": 1200
    }
  },
  "nodes": {
    "tmA": {
      "c": 0,
      "t": 1118
    },
    "tmB": {
      "c": 100,
      "t": 1037
    },
    "e1_a": {
      "c": 10.182237192561136,
      "t": 863.8348654193403
    },
    "e1_l": {
      "c": 23.541683990221618,
      "t": 863.8348654193403
    },
    "e1_b": {
      "c": 32.53354478257278,
      "t": 863.8348654193403
    },
    "eu_b": {
      "c": 28.24515431305536,
      "t": 565.1866317280359
    },
    "eu_a": {
      "c": 5.043476440074048,
      "t": 565.1866317280359
    },
    "eu_g": {
      "c": 34.35614679946321,
      "t": 565.1866317280359
    },
    "im_t": {
      "c": 63.84154601469592,
      "t": 1146.3647041945183
    },
    "im_b": {
      "c": 63.84154601469592,
      "t": 0
    },
    "p_im": {
      "c": 63.84154601469592,
      "t": 848.6942791912257
    },
    "p_l": {
      "c": 74.88158863242666,
      "t": 848.6942791912257
    },
    "p_d": {
      "c": 67.32547315648236,
      "t": 848.6942791912257
    },
    "e2_d": {
      "c": 69.98758783766803,
      "t": 660.6678684779511
    },
    "e2_l": {
      "c": 75.751658605649,
      "t": 660.6678684779511
    },
    "e2_e": {
      "c": 82.93767795326607,
      "t": 660.6678684779511
    },
    "t_a": {
      "c": 3.7772953013359007,
      "t": 0
    },
    "t_g_l": {
      "c": 34.05653475364232,
      "t": 0
    },
    "t_g_r": {
      "c": 45.46042902971576,
      "t": 0
    },
    "t_d": {
      "c": 69.84332461538733,
      "t": 0
    },
    "t_e": {
      "c": 87.36351982610347,
      "t": 0
    }
  },
  "curves": {
    "L_1": {
      "start": "tmA",
      "end": "e1_l",
      "type": "liquidus",
      "power": 0.8
    },
    "L_2": {
      "start": "e1_l",
      "end": "im_t",
      "type": "liquidus",
      "power": 1.2
    },
    "L_3": {
      "start": "im_t",
      "end": "p_l",
      "type": "liquidus",
      "power": 0.9
    },
    "L_4": {
      "start": "p_l",
      "end": "e2_l",
      "type": "liquidus",
      "power": 1.1
    },
    "L_5": {
      "start": "e2_l",
      "end": "tmB",
      "type": "liquidus",
      "power": 0.8
    },
    "S_a": {
      "start": "tmA",
      "end": "e1_a",
      "type": "solidus",
      "power": 1.2
    },
    "S_e": {
      "start": "tmB",
      "end": "e2_e",
      "type": "solidus",
      "power": 1.1
    },
    "sol_a": {
      "start": "e1_a",
      "end": "eu_a",
      "type": "solvus",
      "power": 2.0
    },
    "sol_a_bot": {
      "start": "eu_a",
      "end": "t_a",
      "type": "solvus",
      "power": 1.5
    },
    "sol_e": {
      "start": "e2_e",
      "end": "t_e",
      "type": "solvus",
      "power": 1.8
    },
    "i_e1": {
      "start": "e1_a",
      "end": "e1_b",
      "type": "horizontal"
    },
    "i_eu": {
      "start": "eu_a",
      "end": "eu_g",
      "type": "horizontal"
    },
    "i_p": {
      "start": "p_im",
      "end": "p_l",
      "type": "horizontal"
    },
    "i_e2": {
      "start": "e2_d",
      "end": "e2_e",
      "type": "horizontal"
    },
    "im_vert": {
      "start": "im_t",
      "end": "im_b",
      "type": "vertical"
    }
  },
  "regions": {
    "R_a": {
      "type": "single-phase",
      "phase_name": "\u03b1",
      "label": {
        "text": "\u03b1",
        "c": 4,
        "t": 600
      },
      "bounding_curves": [
        {
          "id": "S_a",
          "dir": 1
        },
        {
          "id": "sol_a",
          "dir": 1
        },
        {
          "id": "sol_a_bot",
          "dir": 1
        },
        {
          "id": "bot_a",
          "dir": -1
        },
        {
          "id": "e_L",
          "dir": 1
        }
      ]
    }
  }
}