{
  "metadata": {
    "id": "final_boss_241",
    "axes": {
      "c_max": 100,
      "t_max": 1200
    },
    "intermetallics": [
      "A4B",
      "AB4"
    ]
  },
  "nodes": {
    "top_L": {
      "c": 0,
      "t": 1200,
      "bounds": {
        "lock_t": true,
        "lock_c": true
      }
    },
    "top_R": {
      "c": 100,
      "t": 1200,
      "bounds": {
        "lock_t": true,
        "lock_c": true
      }
    },
    "bot_L": {
      "c": 0,
      "t": 0,
      "bounds": {
        "lock_t": true,
        "lock_c": true
      }
    },
    "bot_R": {
      "c": 100,
      "t": 0,
      "bounds": {
        "lock_t": true,
        "lock_c": true
      }
    },
    "tmA": {
      "c": 0,
      "t": 1077.8434066876475,
      "bounds": {
        "lock_c": true
      }
    },
    "tmB": {
      "c": 100,
      "t": 1070.3734064872758,
      "bounds": {
        "lock_c": true
      }
    },
    "im1_t": {
      "c": 80.0,
      "t": 1160.802424977823,
      "bounds": {
        "lock_c": true
      }
    },
    "im1_b": {
      "c": 80.0,
      "t": 0,
      "bounds": {
        "lock_c": true,
        "lock_t": true
      }
    },
    "im2_b": {
      "c": 20.0,
      "t": 0,
      "bounds": {
        "lock_c": true,
        "lock_t": true
      }
    },
    "im1_p": {
      "c": 80.0,
      "t": 969.3061805248351,
      "bounds": {
        "lock_c": true,
        "lock_t": true
      }
    },
    "p_g": {
      "c": 67.02831276496623,
      "t": 969.3061805248351,
      "is_nexus": true,
      "bounds": {
        "lock_t": true
      }
    },
    "p_l": {
      "c": 65.87784084519623,
      "t": 969.3061805248351,
      "bounds": {
        "lock_t": true
      }
    },
    "e1_a": {
      "c": 13.97904142840131,
      "t": 882.4121586835416,
      "bounds": {
        "lock_t": true
      }
    },
    "e1_l": {
      "c": 31.501662870426436,
      "t": 882.4121586835416,
      "is_nexus": true,
      "bounds": {
        "lock_t": true
      }
    },
    "im1_e1": {
      "c": 80.0,
      "t": 882.4121586835416,
      "bounds": {
        "lock_c": true,
        "lock_t": true
      }
    },
    "e2_g": {
      "c": 64.1747402347936,
      "t": 777.1691584323554,
      "bounds": {
        "lock_t": true
      }
    },
    "e2_l": {
      "c": 78.48659394363382,
      "t": 777.1691584323554,
      "is_nexus": true,
      "bounds": {
        "lock_t": true
      }
    },
    "e2_e": {
      "c": 92.87265127645816,
      "t": 777.1691584323554,
      "bounds": {
        "lock_t": true
      }
    },
    "t_a": {
      "c": 3.00985019942413,
      "t": 0,
      "bounds": {
        "lock_t": true
      }
    },
    "t_e": {
      "c": 98.45473649221688,
      "t": 0,
      "bounds": {
        "lock_t": true
      }
    },
    "po_a": {
      "c": 11.49071017750639,
      "t": 682.239356077871,
      "bounds": {
        "lock_t": true
      }
    },
    "im2_po": {
      "c": 20.0,
      "t": 682.239356077871,
      "is_nexus": true,
      "bounds": {
        "lock_c": true,
        "lock_t": true
      }
    },
    "im1_po": {
      "c": 80.0,
      "t": 682.239356077871,
      "bounds": {
        "lock_c": true,
        "lock_t": true
      }
    },
    "im1_eu": {
      "c": 80.0,
      "t": 545.9825178359779,
      "bounds": {
        "lock_c": true,
        "lock_t": true
      }
    },
    "eu_g": {
      "c": 71.20666137038906,
      "t": 545.9825178359779,
      "is_nexus": true,
      "bounds": {
        "lock_t": true
      }
    },
    "eu_e": {
      "c": 94.53316947195252,
      "t": 545.9825178359779,
      "bounds": {
        "lock_t": true
      }
    }
  },
  "curves": {
    "L_1": {
      "start": "tmA",
      "end": "e1_l",
      "type": "liquidus"
    },
    "L_2": {
      "start": "e1_l",
      "end": "im1_t",
      "type": "liquidus"
    },
    "L_3": {
      "start": "im1_t",
      "end": "p_l",
      "type": "liquidus"
    },
    "L_4": {
      "start": "p_l",
      "end": "e2_l",
      "type": "liquidus"
    },
    "L_5": {
      "start": "e2_l",
      "end": "tmB",
      "type": "liquidus"
    },
    "S_a": {
      "start": "tmA",
      "end": "e1_a",
      "type": "solidus"
    },
    "S_g": {
      "start": "p_g",
      "end": "e2_g",
      "type": "solidus"
    },
    "S_e": {
      "start": "tmB",
      "end": "e2_e",
      "type": "solidus"
    },
    "H_E1_L": {
      "start": "e1_a",
      "end": "e1_l",
      "type": "horizontal"
    },
    "H_E1_R": {
      "start": "e1_l",
      "end": "im1_e1",
      "type": "horizontal"
    },
    "H_P_L": {
      "start": "im1_p",
      "end": "p_g",
      "type": "horizontal"
    },
    "H_P_R": {
      "start": "p_g",
      "end": "p_l",
      "type": "horizontal"
    },
    "H_E2_L": {
      "start": "e2_g",
      "end": "e2_l",
      "type": "horizontal"
    },
    "H_E2_R": {
      "start": "e2_l",
      "end": "e2_e",
      "type": "horizontal"
    },
    "H_PO_L": {
      "start": "po_a",
      "end": "im2_po",
      "type": "horizontal"
    },
    "H_PO_R": {
      "start": "im2_po",
      "end": "im1_po",
      "type": "horizontal"
    },
    "H_EU_L": {
      "start": "im1_eu",
      "end": "eu_g",
      "type": "horizontal"
    },
    "H_EU_R": {
      "start": "eu_g",
      "end": "eu_e",
      "type": "horizontal"
    },
    "sol_a": {
      "start": "e1_a",
      "end": "t_a",
      "type": "solvus"
    },
    "sol_g_L": {
      "start": "p_g",
      "end": "eu_g",
      "type": "solvus"
    },
    "sol_g_R": {
      "start": "e2_g",
      "end": "eu_g",
      "type": "solvus"
    },
    "sol_e": {
      "start": "e2_e",
      "end": "t_e",
      "type": "solvus"
    },
    "IM1_v1": {
      "start": "im1_t",
      "end": "im1_p",
      "type": "vertical"
    },
    "IM1_v2": {
      "start": "im1_p",
      "end": "im1_e1",
      "type": "vertical"
    },
    "IM1_v3": {
      "start": "im1_e1",
      "end": "im1_po",
      "type": "vertical"
    },
    "IM1_v4": {
      "start": "im1_po",
      "end": "im1_eu",
      "type": "vertical"
    },
    "IM1_v5": {
      "start": "im1_eu",
      "end": "im1_b",
      "type": "vertical"
    },
    "IM2_v1": {
      "start": "im2_po",
      "end": "im2_b",
      "type": "vertical"
    },
    "edge_L_top": {
      "start": "top_L",
      "end": "tmA",
      "type": "edge"
    },
    "edge_L_bot": {
      "start": "tmA",
      "end": "bot_L",
      "type": "edge"
    },
    "edge_R_top": {
      "start": "top_R",
      "end": "tmB",
      "type": "edge"
    },
    "edge_R_bot": {
      "start": "tmB",
      "end": "bot_R",
      "type": "edge"
    },
    "edge_top": {
      "start": "top_L",
      "end": "top_R",
      "type": "edge"
    },
    "b_0_a": {
      "start": "bot_L",
      "end": "t_a",
      "type": "edge"
    },
    "b_a_im2": {
      "start": "t_a",
      "end": "im2_b",
      "type": "edge"
    },
    "b_im2_im1": {
      "start": "im2_b",
      "end": "im1_b",
      "type": "edge"
    },
    "b_im1_e": {
      "start": "im1_b",
      "end": "t_e",
      "type": "edge"
    },
    "b_e_100": {
      "start": "t_e",
      "end": "bot_R",
      "type": "edge"
    }
  },
  "regions": {
    "R_L": {
      "type": "single-phase",
      "phase_name": "L",
      "bounding_curves": [
        {
          "id": "L_1",
          "dir": 1
        },
        {
          "id": "L_2",
          "dir": 1
        },
        {
          "id": "L_3",
          "dir": 1
        },
        {
          "id": "L_4",
          "dir": 1
        },
        {
          "id": "L_5",
          "dir": 1
        },
        {
          "id": "edge_R_top",
          "dir": -1
        },
        {
          "id": "edge_top",
          "dir": -1
        },
        {
          "id": "edge_L_top",
          "dir": 1
        }
      ]
    },
    "R_a": {
      "type": "single-phase",
      "phase_name": "\u03b1",
      "bounding_curves": [
        {
          "id": "S_a",
          "dir": 1
        },
        {
          "id": "sol_a",