{
  "metadata": {
    "id": "final_boss_91",
    "axes": {
      "c_max": 100,
      "t_max": 1200
    }
  },
  "nodes": {
    "tmA": {
      "c": 0,
      "t": 1143
    },
    "tmB": {
      "c": 100,
      "t": 1018
    },
    "e1_a": {
      "c": 19.064677574371004,
      "t": 934.2451978647802
    },
    "e1_l": {
      "c": 30.35023113405289,
      "t": 934.2451978647802
    },
    "e1_b": {
      "c": 42.81453008969567,
      "t": 934.2451978647802
    },
    "eu_b": {
      "c": 40.29600624344356,
      "t": 657.8752344187831
    },
    "eu_a": {
      "c": 16.25750033771181,
      "t": 657.8752344187831
    },
    "eu_g": {
      "c": 54.22909100635326,
      "t": 657.8752344187831
    },
    "im_t": {
      "c": 74.30159016575371,
      "t": 984.7440794076339
    },
    "im_b": {
      "c": 74.30159016575371,
      "t": 0
    },
    "p_im": {
      "c": 74.30159016575371,
      "t": 874.03611128666
    },
    "p_l": {
      "c": 87.45641332736596,
      "t": 874.03611128666
    },
    "p_d": {
      "c": 78.70536139470188,
      "t": 874.03611128666
    },
    "e2_d": {
      "c": 81.61768467562047,
      "t": 449.53922069971856
    },
    "e2_l": {
      "c": 87.47479149423418,
      "t": 449.53922069971856
    },
    "e2_e": {
      "c": 92.37402332725863,
      "t": 449.53922069971856
    },
    "t_a": {
      "c": 2.675429817862105,
      "t": 0
    },
    "t_g_l": {
      "c": 52.72495637654248,
      "t": 0
    },
    "t_g_r": {
      "c": 58.58834289234672,
      "t": 0
    },
    "t_d": {
      "c": 79.59016474439751,
      "t": 0
    },
    "t_e": {
      "c": 95.55432699361025,
      "t": 0
    }
  },
  "curves": {
    "L_1": {
      "start": "tmA",
      "end": "e1_l",
      "type": "liquidus",
      "power": 0.8
    },
    "L_2": {
      "start": "e1_l",
      "end": "im_t",
      "type": "liquidus",
      "power": 1.2
    },
    "L_3": {
      "start": "im_t",
      "end": "p_l",
      "type": "liquidus",
      "power": 0.9
    },
    "L_4": {
      "start": "p_l",
      "end": "e2_l",
      "type": "liquidus",
      "power": 1.1
    },
    "L_5": {
      "start": "e2_l",
      "end": "tmB",
      "type": "liquidus",
      "power": 0.8
    },
    "S_a": {
      "start": "tmA",
      "end": "e1_a",
      "type": "solidus",
      "power": 1.2
    },
    "S_e": {
      "start": "tmB",
      "end": "e2_e",
      "type": "solidus",
      "power": 1.1
    },
    "sol_a": {
      "start": "e1_a",
      "end": "eu_a",
      "type": "solvus",
      "power": 2.0
    },
    "sol_a_bot": {
      "start": "eu_a",
      "end": "t_a",
      "type": "solvus",
      "power": 1.5
    },
    "sol_e": {
      "start": "e2_e",
      "end": "t_e",
      "type": "solvus",
      "power": 1.8
    },
    "i_e1": {
      "start": "e1_a",
      "end": "e1_b",
      "type": "horizontal"
    },
    "i_eu": {
      "start": "eu_a",
      "end": "eu_g",
      "type": "horizontal"
    },
    "i_p": {
      "start": "p_im",
      "end": "p_l",
      "type": "horizontal"
    },
    "i_e2": {
      "start": "e2_d",
      "end": "e2_e",
      "type": "horizontal"
    },
    "im_vert": {
      "start": "im_t",
      "end": "im_b",
      "type": "vertical"
    }
  },
  "regions": {
    "R_a": {
      "type": "single-phase",
      "phase_name": "\u03b1",
      "label": {
        "text": "\u03b1",
        "c": 4,
        "t": 600
      },
      "bounding_curves": [
        {
          "id": "S_a",
          "dir": 1
        },
        {
          "id": "sol_a",
          "dir": 1
        },
        {
          "id": "sol_a_bot",
          "dir": 1
        },
        {
          "id": "bot_a",
          "dir": -1
        },
        {
          "id": "e_L",
          "dir": 1
        }
      ]
    }
  }
}