{
  "metadata": {
    "id": "final_boss_34",
    "axes": {
      "c_max": 100,
      "t_max": 1200
    }
  },
  "nodes": {
    "tmA": {
      "c": 0,
      "t": 1068
    },
    "tmB": {
      "c": 100,
      "t": 1041
    },
    "e1_a": {
      "c": 18.881837199077616,
      "t": 939.5043487633538
    },
    "e1_l": {
      "c": 30.331123717623967,
      "t": 939.5043487633538
    },
    "e1_b": {
      "c": 39.022668818176825,
      "t": 939.5043487633538
    },
    "eu_b": {
      "c": 35.31007738026658,
      "t": 606.2251727259577
    },
    "eu_a": {
      "c": 8.075108491469901,
      "t": 606.2251727259577
    },
    "eu_g": {
      "c": 44.965958933144066,
      "t": 606.2251727259577
    },
    "im_t": {
      "c": 71.70330411590774,
      "t": 1138.9745536468981
    },
    "im_b": {
      "c": 71.70330411590774,
      "t": 0
    },
    "p_im": {
      "c": 71.70330411590774,
      "t": 784.5564797965166
    },
    "p_l": {
      "c": 87.91477770848627,
      "t": 784.5564797965166
    },
    "p_d": {
      "c": 79.48001479066477,
      "t": 784.5564797965166
    },
    "e2_d": {
      "c": 82.69062915333181,
      "t": 409.47125044912394
    },
    "e2_l": {
      "c": 88.0121302028707,
      "t": 409.47125044912394
    },
    "e2_e": {
      "c": 94.10665235533914,
      "t": 409.47125044912394
    },
    "t_a": {
      "c": 3.750118898028559,
      "t": 0
    },
    "t_g_l": {
      "c": 42.74935923046065,
      "t": 0
    },
    "t_g_r": {
      "c": 63.37912909789696,
      "t": 0
    },
    "t_d": {
      "c": 80.92142366659677,
      "t": 0
    },
    "t_e": {
      "c": 97.44895672888944,
      "t": 0
    }
  },
  "curves": {
    "L_1": {
      "start": "tmA",
      "end": "e1_l",
      "type": "liquidus",
      "power": 0.8
    },
    "L_2": {
      "start": "e1_l",
      "end": "im_t",
      "type": "liquidus",
      "power": 1.2
    },
    "L_3": {
      "start": "im_t",
      "end": "p_l",
      "type": "liquidus",
      "power": 0.9
    },
    "L_4": {
      "start": "p_l",
      "end": "e2_l",
      "type": "liquidus",
      "power": 1.1
    },
    "L_5": {
      "start": "e2_l",
      "end": "tmB",
      "type": "liquidus",
      "power": 0.8
    },
    "S_a": {
      "start": "tmA",
      "end": "e1_a",
      "type": "solidus",
      "power": 1.2
    },
    "S_e": {
      "start": "tmB",
      "end": "e2_e",
      "type": "solidus",
      "power": 1.1
    },
    "sol_a": {
      "start": "e1_a",
      "end": "eu_a",
      "type": "solvus",
      "power": 2.0
    },
    "sol_a_bot": {
      "start": "eu_a",
      "end": "t_a",
      "type": "solvus",
      "power": 1.5
    },
    "sol_e": {
      "start": "e2_e",
      "end": "t_e",
      "type": "solvus",
      "power": 1.8
    },
    "i_e1": {
      "start": "e1_a",
      "end": "e1_b",
      "type": "horizontal"
    },
    "i_eu": {
      "start": "eu_a",
      "end": "eu_g",
      "type": "horizontal"
    },
    "i_p": {
      "start": "p_im",
      "end": "p_l",
      "type": "horizontal"
    },
    "i_e2": {
      "start": "e2_d",
      "end": "e2_e",
      "type": "horizontal"
    },
    "im_vert": {
      "start": "im_t",
      "end": "im_b",
      "type": "vertical"
    }
  },
  "regions": {
    "R_a": {
      "type": "single-phase",
      "phase_name": "\u03b1",
      "label": {
        "text": "\u03b1",
        "c": 4,
        "t": 600
      },
      "bounding_curves": [
        {
          "id": "S_a",
          "dir": 1
        },
        {
          "id": "sol_a",
          "dir": 1
        },
        {
          "id": "sol_a_bot",
          "dir": 1
        },
        {
          "id": "bot_a",
          "dir": -1
        },
        {
          "id": "e_L",
          "dir": 1
        }
      ]
    }
  }
}