{
  "metadata": {
    "id": "final_boss_35",
    "axes": {
      "c_max": 100,
      "t_max": 1200
    }
  },
  "nodes": {
    "tmA": {
      "c": 0,
      "t": 1114
    },
    "tmB": {
      "c": 100,
      "t": 1002
    },
    "e1_a": {
      "c": 14.548519987882315,
      "t": 918.0475312844267
    },
    "e1_l": {
      "c": 25.420313970168767,
      "t": 918.0475312844267
    },
    "e1_b": {
      "c": 36.00203378231034,
      "t": 918.0475312844267
    },
    "eu_b": {
      "c": 33.624149546806485,
      "t": 584.7298846483897
    },
    "eu_a": {
      "c": 5.9336154379308,
      "t": 584.7298846483897
    },
    "eu_g": {
      "c": 42.80009434453935,
      "t": 584.7298846483897
    },
    "im_t": {
      "c": 68.76459103115313,
      "t": 998.0128499231406
    },
    "im_b": {
      "c": 68.76459103115313,
      "t": 0
    },
    "p_im": {
      "c": 68.76459103115313,
      "t": 777.6069782194418
    },
    "p_l": {
      "c": 79.78113370996152,
      "t": 777.6069782194418
    },
    "p_d": {
      "c": 72.85453515370588,
      "t": 777.6069782194418
    },
    "e2_d": {
      "c": 75.76285725995216,
      "t": 673.0151436680933
    },
    "e2_l": {
      "c": 80.97086708141167,
      "t": 673.0151436680933
    },
    "e2_e": {
      "c": 95.38668971926258,
      "t": 673.0151436680933
    },
    "t_a": {
      "c": 0.671038373349395,
      "t": 0
    },
    "t_g_l": {
      "c": 40.089621449861966,
      "t": 0
    },
    "t_g_r": {
      "c": 47.94363454744481,
      "t": 0
    },
    "t_d": {
      "c": 73.55962812074753,
      "t": 0
    },
    "t_e": {
      "c": 96.7385189384773,
      "t": 0
    }
  },
  "curves": {
    "L_1": {
      "start": "tmA",
      "end": "e1_l",
      "type": "liquidus",
      "power": 0.8
    },
    "L_2": {
      "start": "e1_l",
      "end": "im_t",
      "type": "liquidus",
      "power": 1.2
    },
    "L_3": {
      "start": "im_t",
      "end": "p_l",
      "type": "liquidus",
      "power": 0.9
    },
    "L_4": {
      "start": "p_l",
      "end": "e2_l",
      "type": "liquidus",
      "power": 1.1
    },
    "L_5": {
      "start": "e2_l",
      "end": "tmB",
      "type": "liquidus",
      "power": 0.8
    },
    "S_a": {
      "start": "tmA",
      "end": "e1_a",
      "type": "solidus",
      "power": 1.2
    },
    "S_e": {
      "start": "tmB",
      "end": "e2_e",
      "type": "solidus",
      "power": 1.1
    },
    "sol_a": {
      "start": "e1_a",
      "end": "eu_a",
      "type": "solvus",
      "power": 2.0
    },
    "sol_a_bot": {
      "start": "eu_a",
      "end": "t_a",
      "type": "solvus",
      "power": 1.5
    },
    "sol_e": {
      "start": "e2_e",
      "end": "t_e",
      "type": "solvus",
      "power": 1.8
    },
    "i_e1": {
      "start": "e1_a",
      "end": "e1_b",
      "type": "horizontal"
    },
    "i_eu": {
      "start": "eu_a",
      "end": "eu_g",
      "type": "horizontal"
    },
    "i_p": {
      "start": "p_im",
      "end": "p_l",
      "type": "horizontal"
    },
    "i_e2": {
      "start": "e2_d",
      "end": "e2_e",
      "type": "horizontal"
    },
    "im_vert": {
      "start": "im_t",
      "end": "im_b",
      "type": "vertical"
    }
  },
  "regions": {
    "R_a": {
      "type": "single-phase",
      "phase_name": "\u03b1",
      "label": {
        "text": "\u03b1",
        "c": 4,
        "t": 600
      },
      "bounding_curves": [
        {
          "id": "S_a",
          "dir": 1
        },
        {
          "id": "sol_a",
          "dir": 1
        },
        {
          "id": "sol_a_bot",
          "dir": 1
        },
        {
          "id": "bot_a",
          "dir": -1
        },
        {
          "id": "e_L",
          "dir": 1
        }
      ]
    }
  }
}