{
  "metadata": {
    "id": "final_boss_193",
    "axes": {
      "c_max": 100,
      "t_max": 1200
    }
  },
  "nodes": {
    "tmA": {
      "c": 0,
      "t": 1139
    },
    "tmB": {
      "c": 100,
      "t": 1108
    },
    "e1_a": {
      "c": 11.559176974364743,
      "t": 879.622034545626
    },
    "e1_l": {
      "c": 23.654466329211303,
      "t": 879.622034545626
    },
    "e1_b": {
      "c": 38.51900198430547,
      "t": 879.622034545626
    },
    "eu_b": {
      "c": 30.043725928345022,
      "t": 556.4416064650618
    },
    "eu_a": {
      "c": 5.500363701709881,
      "t": 556.4416064650618
    },
    "eu_g": {
      "c": 37.07401875566248,
      "t": 556.4416064650618
    },
    "im_t": {
      "c": 61.38928305111796,
      "t": 1161.1084706597342
    },
    "im_b": {
      "c": 61.38928305111796,
      "t": 0
    },
    "p_im": {
      "c": 61.38928305111796,
      "t": 964.5806928197931
    },
    "p_l": {
      "c": 75.06477770281884,
      "t": 964.5806928197931
    },
    "p_d": {
      "c": 68.17442899508723,
      "t": 964.5806928197931
    },
    "e2_d": {
      "c": 70.62822002075148,
      "t": 572.6758956175985
    },
    "e2_l": {
      "c": 77.5111878425122,
      "t": 572.6758956175985
    },
    "e2_e": {
      "c": 88.91196037222717,
      "t": 572.6758956175985
    },
    "t_a": {
      "c": 0.5658500208643005,
      "t": 0
    },
    "t_g_l": {
      "c": 36.82158062707533,
      "t": 0
    },
    "t_g_r": {
      "c": 40.4872311655299,
      "t": 0
    },
    "t_d": {
      "c": 70.09501409515204,
      "t": 0
    },
    "t_e": {
      "c": 99.55452947411105,
      "t": 0
    }
  },
  "curves": {
    "L_1": {
      "start": "tmA",
      "end": "e1_l",
      "type": "liquidus",
      "power": 0.8
    },
    "L_2": {
      "start": "e1_l",
      "end": "im_t",
      "type": "liquidus",
      "power": 1.2
    },
    "L_3": {
      "start": "im_t",
      "end": "p_l",
      "type": "liquidus",
      "power": 0.9
    },
    "L_4": {
      "start": "p_l",
      "end": "e2_l",
      "type": "liquidus",
      "power": 1.1
    },
    "L_5": {
      "start": "e2_l",
      "end": "tmB",
      "type": "liquidus",
      "power": 0.8
    },
    "S_a": {
      "start": "tmA",
      "end": "e1_a",
      "type": "solidus",
      "power": 1.2
    },
    "S_e": {
      "start": "tmB",
      "end": "e2_e",
      "type": "solidus",
      "power": 1.1
    },
    "sol_a": {
      "start": "e1_a",
      "end": "eu_a",
      "type": "solvus",
      "power": 2.0
    },
    "sol_a_bot": {
      "start": "eu_a",
      "end": "t_a",
      "type": "solvus",
      "power": 1.5
    },
    "sol_e": {
      "start": "e2_e",
      "end": "t_e",
      "type": "solvus",
      "power": 1.8
    },
    "i_e1": {
      "start": "e1_a",
      "end": "e1_b",
      "type": "horizontal"
    },
    "i_eu": {
      "start": "eu_a",
      "end": "eu_g",
      "type": "horizontal"
    },
    "i_p": {
      "start": "p_im",
      "end": "p_l",
      "type": "horizontal"
    },
    "i_e2": {
      "start": "e2_d",
      "end": "e2_e",
      "type": "horizontal"
    },
    "im_vert": {
      "start": "im_t",
      "end": "im_b",
      "type": "vertical"
    }
  },
  "regions": {
    "R_a": {
      "type": "single-phase",
      "phase_name": "\u03b1",
      "label": {
        "text": "\u03b1",
        "c": 4,
        "t": 600
      },
      "bounding_curves": [
        {
          "id": "S_a",
          "dir": 1
        },
        {
          "id": "sol_a",
          "dir": 1
        },
        {
          "id": "sol_a_bot",
          "dir": 1
        },
        {
          "id": "bot_a",
          "dir": -1
        },
        {
          "id": "e_L",
          "dir": 1
        }
      ]
    }
  }
}