{
  "metadata": {
    "id": "final_boss_470",
    "axes": {
      "c_max": 100,
      "t_max": 1200
    }
  },
  "nodes": {
    "tmA": {
      "c": 0,
      "t": 1070
    },
    "tmB": {
      "c": 100,
      "t": 1037
    },
    "e1_a": {
      "c": 18.093553347550426,
      "t": 949.9492037873231
    },
    "e1_l": {
      "c": 35.89906229476205,
      "t": 949.9492037873231
    },
    "e1_b": {
      "c": 44.821829721423065,
      "t": 949.9492037873231
    },
    "eu_b": {
      "c": 38.13362271292,
      "t": 601.5792058330388
    },
    "eu_a": {
      "c": 6.10498693013638,
      "t": 601.5792058330388
    },
    "eu_g": {
      "c": 48.35583068563038,
      "t": 601.5792058330388
    },
    "im_t": {
      "c": 68.86611732435132,
      "t": 1096.4167688209106
    },
    "im_b": {
      "c": 68.86611732435132,
      "t": 0
    },
    "p_im": {
      "c": 68.86611732435132,
      "t": 915.649325316304
    },
    "p_l": {
      "c": 84.57348246394686,
      "t": 915.649325316304
    },
    "p_d": {
      "c": 77.95164265177581,
      "t": 915.649325316304
    },
    "e2_d": {
      "c": 79.97371736164303,
      "t": 409.0747932232723
    },
    "e2_l": {
      "c": 86.14959513304082,
      "t": 409.0747932232723
    },
    "e2_e": {
      "c": 91.3839635541075,
      "t": 409.0747932232723
    },
    "t_a": {
      "c": 2.310055192587561,
      "t": 0
    },
    "t_g_l": {
      "c": 47.56939907501102,
      "t": 0
    },
    "t_g_r": {
      "c": 60.46618130551985,
      "t": 0
    },
    "t_d": {
      "c": 78.43642042340466,
      "t": 0
    },
    "t_e": {
      "c": 95.58100620714951,
      "t": 0
    }
  },
  "curves": {
    "L_1": {
      "start": "tmA",
      "end": "e1_l",
      "type": "liquidus",
      "power": 0.8
    },
    "L_2": {
      "start": "e1_l",
      "end": "im_t",
      "type": "liquidus",
      "power": 1.2
    },
    "L_3": {
      "start": "im_t",
      "end": "p_l",
      "type": "liquidus",
      "power": 0.9
    },
    "L_4": {
      "start": "p_l",
      "end": "e2_l",
      "type": "liquidus",
      "power": 1.1
    },
    "L_5": {
      "start": "e2_l",
      "end": "tmB",
      "type": "liquidus",
      "power": 0.8
    },
    "S_a": {
      "start": "tmA",
      "end": "e1_a",
      "type": "solidus",
      "power": 1.2
    },
    "S_e": {
      "start": "tmB",
      "end": "e2_e",
      "type": "solidus",
      "power": 1.1
    },
    "sol_a": {
      "start": "e1_a",
      "end": "eu_a",
      "type": "solvus",
      "power": 2.0
    },
    "sol_a_bot": {
      "start": "eu_a",
      "end": "t_a",
      "type": "solvus",
      "power": 1.5
    },
    "sol_e": {
      "start": "e2_e",
      "end": "t_e",
      "type": "solvus",
      "power": 1.8
    },
    "i_e1": {
      "start": "e1_a",
      "end": "e1_b",
      "type": "horizontal"
    },
    "i_eu": {
      "start": "eu_a",
      "end": "eu_g",
      "type": "horizontal"
    },
    "i_p": {
      "start": "p_im",
      "end": "p_l",
      "type": "horizontal"
    },
    "i_e2": {
      "start": "e2_d",
      "end": "e2_e",
      "type": "horizontal"
    },
    "im_vert": {
      "start": "im_t",
      "end": "im_b",
      "type": "vertical"
    }
  },
  "regions": {
    "R_a": {
      "type": "single-phase",
      "phase_name": "\u03b1",
      "label": {
        "text": "\u03b1",
        "c": 4,
        "t": 600
      },
      "bounding_curves": [
        {
          "id": "S_a",
          "dir": 1
        },
        {
          "id": "sol_a",
          "dir": 1
        },
        {
          "id": "sol_a_bot",
          "dir": 1
        },
        {
          "id": "bot_a",
          "dir": -1
        },
        {
          "id": "e_L",
          "dir": 1
        }
      ]
    }
  }
}