{
  "metadata": {
    "id": "final_boss_245",
    "axes": {
      "c_max": 100,
      "t_max": 1200
    }
  },
  "nodes": {
    "tmA": {
      "c": 0,
      "t": 1090
    },
    "tmB": {
      "c": 100,
      "t": 1003
    },
    "e1_a": {
      "c": 19.856202811278287,
      "t": 859.5544627746552
    },
    "e1_l": {
      "c": 30.373048957414085,
      "t": 859.5544627746552
    },
    "e1_b": {
      "c": 41.51618667723461,
      "t": 859.5544627746552
    },
    "eu_b": {
      "c": 38.05307221786525,
      "t": 650.0880681772911
    },
    "eu_a": {
      "c": 16.189914425067634,
      "t": 650.0880681772911
    },
    "eu_g": {
      "c": 49.76940600974881,
      "t": 650.0880681772911
    },
    "im_t": {
      "c": 65.80762417829033,
      "t": 1125.4280606776592
    },
    "im_b": {
      "c": 65.80762417829033,
      "t": 0
    },
    "p_im": {
      "c": 65.80762417829033,
      "t": 1028.4990848555526
    },
    "p_l": {
      "c": 77.30180212670689,
      "t": 1028.4990848555526
    },
    "p_d": {
      "c": 69.52674146588099,
      "t": 1028.4990848555526
    },
    "e2_d": {
      "c": 73.14753802304479,
      "t": 718.0749742670869
    },
    "e2_l": {
      "c": 80.15529270462685,
      "t": 718.0749742670869
    },
    "e2_e": {
      "c": 88.93495067396438,
      "t": 718.0749742670869
    },
    "t_a": {
      "c": 0.35351527498859736,
      "t": 0
    },
    "t_g_l": {
      "c": 48.356629546246154,
      "t": 0
    },
    "t_g_r": {
      "c": 64.33919642865801,
      "t": 0
    },
    "t_d": {
      "c": 70.49986976244757,
      "t": 0
    },
    "t_e": {
      "c": 95.17131969355547,
      "t": 0
    }
  },
  "curves": {
    "L_1": {
      "start": "tmA",
      "end": "e1_l",
      "type": "liquidus",
      "power": 0.8
    },
    "L_2": {
      "start": "e1_l",
      "end": "im_t",
      "type": "liquidus",
      "power": 1.2
    },
    "L_3": {
      "start": "im_t",
      "end": "p_l",
      "type": "liquidus",
      "power": 0.9
    },
    "L_4": {
      "start": "p_l",
      "end": "e2_l",
      "type": "liquidus",
      "power": 1.1
    },
    "L_5": {
      "start": "e2_l",
      "end": "tmB",
      "type": "liquidus",
      "power": 0.8
    },
    "S_a": {
      "start": "tmA",
      "end": "e1_a",
      "type": "solidus",
      "power": 1.2
    },
    "S_e": {
      "start": "tmB",
      "end": "e2_e",
      "type": "solidus",
      "power": 1.1
    },
    "sol_a": {
      "start": "e1_a",
      "end": "eu_a",
      "type": "solvus",
      "power": 2.0
    },
    "sol_a_bot": {
      "start": "eu_a",
      "end": "t_a",
      "type": "solvus",
      "power": 1.5
    },
    "sol_e": {
      "start": "e2_e",
      "end": "t_e",
      "type": "solvus",
      "power": 1.8
    },
    "i_e1": {
      "start": "e1_a",
      "end": "e1_b",
      "type": "horizontal"
    },
    "i_eu": {
      "start": "eu_a",
      "end": "eu_g",
      "type": "horizontal"
    },
    "i_p": {
      "start": "p_im",
      "end": "p_l",
      "type": "horizontal"
    },
    "i_e2": {
      "start": "e2_d",
      "end": "e2_e",
      "type": "horizontal"
    },
    "im_vert": {
      "start": "im_t",
      "end": "im_b",
      "type": "vertical"
    }
  },
  "regions": {
    "R_a": {
      "type": "single-phase",
      "phase_name": "\u03b1",
      "label": {
        "text": "\u03b1",
        "c": 4,
        "t": 600
      },
      "bounding_curves": [
        {
          "id": "S_a",
          "dir": 1
        },
        {
          "id": "sol_a",
          "dir": 1
        },
        {
          "id": "sol_a_bot",
          "dir": 1
        },
        {
          "id": "bot_a",
          "dir": -1
        },
        {
          "id": "e_L",
          "dir": 1
        }
      ]
    }
  }
}