{
  "metadata": {
    "id": "final_boss_231",
    "axes": {
      "c_max": 100,
      "t_max": 1200
    }
  },
  "nodes": {
    "tmA": {
      "c": 0,
      "t": 1144
    },
    "tmB": {
      "c": 100,
      "t": 1064
    },
    "e1_a": {
      "c": 11.633208306571975,
      "t": 830.6559127310236
    },
    "e1_l": {
      "c": 25.94283948033617,
      "t": 830.6559127310236
    },
    "e1_b": {
      "c": 35.70844907071152,
      "t": 830.6559127310236
    },
    "eu_b": {
      "c": 28.039257803503443,
      "t": 559.5225669890101
    },
    "eu_a": {
      "c": 5.575113657068004,
      "t": 559.5225669890101
    },
    "eu_g": {
      "c": 38.86632017845047,
      "t": 559.5225669890101
    },
    "im_t": {
      "c": 74.13519484053576,
      "t": 1163.2728614247246
    },
    "im_b": {
      "c": 74.13519484053576,
      "t": 0
    },
    "p_im": {
      "c": 74.13519484053576,
      "t": 976.4363532920548
    },
    "p_l": {
      "c": 87.43981179352758,
      "t": 976.4363532920548
    },
    "p_d": {
      "c": 77.15417338218278,
      "t": 976.4363532920548
    },
    "e2_d": {
      "c": 80.47633854499053,
      "t": 811.385495784885
    },
    "e2_l": {
      "c": 91.37177119372006,
      "t": 811.385495784885
    },
    "e2_e": {
      "c": 95.69990716515483,
      "t": 811.385495784885
    },
    "t_a": {
      "c": 3.057000460718128,
      "t": 0
    },
    "t_g_l": {
      "c": 36.102910994039064,
      "t": 0
    },
    "t_g_r": {
      "c": 56.470007271634266,
      "t": 0
    },
    "t_d": {
      "c": 79.06062630292865,
      "t": 0
    },
    "t_e": {
      "c": 97.03159341217622,
      "t": 0
    }
  },
  "curves": {
    "L_1": {
      "start": "tmA",
      "end": "e1_l",
      "type": "liquidus",
      "power": 0.8
    },
    "L_2": {
      "start": "e1_l",
      "end": "im_t",
      "type": "liquidus",
      "power": 1.2
    },
    "L_3": {
      "start": "im_t",
      "end": "p_l",
      "type": "liquidus",
      "power": 0.9
    },
    "L_4": {
      "start": "p_l",
      "end": "e2_l",
      "type": "liquidus",
      "power": 1.1
    },
    "L_5": {
      "start": "e2_l",
      "end": "tmB",
      "type": "liquidus",
      "power": 0.8
    },
    "S_a": {
      "start": "tmA",
      "end": "e1_a",
      "type": "solidus",
      "power": 1.2
    },
    "S_e": {
      "start": "tmB",
      "end": "e2_e",
      "type": "solidus",
      "power": 1.1
    },
    "sol_a": {
      "start": "e1_a",
      "end": "eu_a",
      "type": "solvus",
      "power": 2.0
    },
    "sol_a_bot": {
      "start": "eu_a",
      "end": "t_a",
      "type": "solvus",
      "power": 1.5
    },
    "sol_e": {
      "start": "e2_e",
      "end": "t_e",
      "type": "solvus",
      "power": 1.8
    },
    "i_e1": {
      "start": "e1_a",
      "end": "e1_b",
      "type": "horizontal"
    },
    "i_eu": {
      "start": "eu_a",
      "end": "eu_g",
      "type": "horizontal"
    },
    "i_p": {
      "start": "p_im",
      "end": "p_l",
      "type": "horizontal"
    },
    "i_e2": {
      "start": "e2_d",
      "end": "e2_e",
      "type": "horizontal"
    },
    "im_vert": {
      "start": "im_t",
      "end": "im_b",
      "type": "vertical"
    }
  },
  "regions": {
    "R_a": {
      "type": "single-phase",
      "phase_name": "\u03b1",
      "label": {
        "text": "\u03b1",
        "c": 4,
        "t": 600
      },
      "bounding_curves": [
        {
          "id": "S_a",
          "dir": 1
        },
        {
          "id": "sol_a",
          "dir": 1
        },
        {
          "id": "sol_a_bot",
          "dir": 1
        },
        {
          "id": "bot_a",
          "dir": -1
        },
        {
          "id": "e_L",
          "dir": 1
        }
      ]
    }
  }
}