{
  "metadata": {
    "id": "final_boss_189",
    "axes": {
      "c_max": 100,
      "t_max": 1200
    }
  },
  "nodes": {
    "tmA": {
      "c": 0,
      "t": 1051
    },
    "tmB": {
      "c": 100,
      "t": 1052
    },
    "e1_a": {
      "c": 19.642761483314537,
      "t": 899.4997416027861
    },
    "e1_l": {
      "c": 39.39594883701727,
      "t": 899.4997416027861
    },
    "e1_b": {
      "c": 53.76766604803565,
      "t": 899.4997416027861
    },
    "eu_b": {
      "c": 50.39357381618128,
      "t": 676.7132481314418
    },
    "eu_a": {
      "c": 13.66145610789719,
      "t": 676.7132481314418
    },
    "eu_g": {
      "c": 59.83315988077045,
      "t": 676.7132481314418
    },
    "im_t": {
      "c": 71.66922087931479,
      "t": 1009.1214864335163
    },
    "im_b": {
      "c": 71.66922087931479,
      "t": 0
    },
    "p_im": {
      "c": 71.66922087931479,
      "t": 925.067172872007
    },
    "p_l": {
      "c": 86.94987020608721,
      "t": 925.067172872007
    },
    "p_d": {
      "c": 79.02990539082853,
      "t": 925.067172872007
    },
    "e2_d": {
      "c": 82.86346932077295,
      "t": 873.9301656189805
    },
    "e2_l": {
      "c": 88.98052001637733,
      "t": 873.9301656189805
    },
    "e2_e": {
      "c": 95.24018088739422,
      "t": 873.9301656189805
    },
    "t_a": {
      "c": 8.215196695688169,
      "t": 0
    },
    "t_g_l": {
      "c": 58.93219276489271,
      "t": 0
    },
    "t_g_r": {
      "c": 60.03645856741748,
      "t": 0
    },
    "t_d": {
      "c": 80.05921300568016,
      "t": 0
    },
    "t_e": {
      "c": 96.86837236531578,
      "t": 0
    }
  },
  "curves": {
    "L_1": {
      "start": "tmA",
      "end": "e1_l",
      "type": "liquidus",
      "power": 0.8
    },
    "L_2": {
      "start": "e1_l",
      "end": "im_t",
      "type": "liquidus",
      "power": 1.2
    },
    "L_3": {
      "start": "im_t",
      "end": "p_l",
      "type": "liquidus",
      "power": 0.9
    },
    "L_4": {
      "start": "p_l",
      "end": "e2_l",
      "type": "liquidus",
      "power": 1.1
    },
    "L_5": {
      "start": "e2_l",
      "end": "tmB",
      "type": "liquidus",
      "power": 0.8
    },
    "S_a": {
      "start": "tmA",
      "end": "e1_a",
      "type": "solidus",
      "power": 1.2
    },
    "S_e": {
      "start": "tmB",
      "end": "e2_e",
      "type": "solidus",
      "power": 1.1
    },
    "sol_a": {
      "start": "e1_a",
      "end": "eu_a",
      "type": "solvus",
      "power": 2.0
    },
    "sol_a_bot": {
      "start": "eu_a",
      "end": "t_a",
      "type": "solvus",
      "power": 1.5
    },
    "sol_e": {
      "start": "e2_e",
      "end": "t_e",
      "type": "solvus",
      "power": 1.8
    },
    "i_e1": {
      "start": "e1_a",
      "end": "e1_b",
      "type": "horizontal"
    },
    "i_eu": {
      "start": "eu_a",
      "end": "eu_g",
      "type": "horizontal"
    },
    "i_p": {
      "start": "p_im",
      "end": "p_l",
      "type": "horizontal"
    },
    "i_e2": {
      "start": "e2_d",
      "end": "e2_e",
      "type": "horizontal"
    },
    "im_vert": {
      "start": "im_t",
      "end": "im_b",
      "type": "vertical"
    }
  },
  "regions": {
    "R_a": {
      "type": "single-phase",
      "phase_name": "\u03b1",
      "label": {
        "text": "\u03b1",
        "c": 4,
        "t": 600
      },
      "bounding_curves": [
        {
          "id": "S_a",
          "dir": 1
        },
        {
          "id": "sol_a",
          "dir": 1
        },
        {
          "id": "sol_a_bot",
          "dir": 1
        },
        {
          "id": "bot_a",
          "dir": -1
        },
        {
          "id": "e_L",
          "dir": 1
        }
      ]
    }
  }
}