{
  "metadata": {
    "id": "final_boss_476",
    "axes": {
      "c_max": 100,
      "t_max": 1200
    }
  },
  "nodes": {
    "tmA": {
      "c": 0,
      "t": 1121
    },
    "tmB": {
      "c": 100,
      "t": 1125
    },
    "e1_a": {
      "c": 8.80265190439999,
      "t": 854.9997619851555
    },
    "e1_l": {
      "c": 20.65238066676959,
      "t": 854.9997619851555
    },
    "e1_b": {
      "c": 30.460287137424565,
      "t": 854.9997619851555
    },
    "eu_b": {
      "c": 24.332940639186155,
      "t": 662.7326280843073
    },
    "eu_a": {
      "c": 4.480681075150612,
      "t": 662.7326280843073
    },
    "eu_g": {
      "c": 35.66372540352518,
      "t": 662.7326280843073
    },
    "im_t": {
      "c": 69.44701378502822,
      "t": 1080.6509849867148
    },
    "im_b": {
      "c": 69.44701378502822,
      "t": 0
    },
    "p_im": {
      "c": 69.44701378502822,
      "t": 944.9707028289712
    },
    "p_l": {
      "c": 81.16640265866191,
      "t": 944.9707028289712
    },
    "p_d": {
      "c": 73.50537066997141,
      "t": 944.9707028289712
    },
    "e2_d": {
      "c": 76.7227778905184,
      "t": 715.8908924276833
    },
    "e2_l": {
      "c": 84.08016797279039,
      "t": 715.8908924276833
    },
    "e2_e": {
      "c": 92.92882705848015,
      "t": 715.8908924276833
    },
    "t_a": {
      "c": 1.2532792210022723,
      "t": 0
    },
    "t_g_l": {
      "c": 34.48183497205653,
      "t": 0
    },
    "t_g_r": {
      "c": 56.5120209187684,
      "t": 0
    },
    "t_d": {
      "c": 74.41359920677708,
      "t": 0
    },
    "t_e": {
      "c": 95.7625550361999,
      "t": 0
    }
  },
  "curves": {
    "L_1": {
      "start": "tmA",
      "end": "e1_l",
      "type": "liquidus",
      "power": 0.8
    },
    "L_2": {
      "start": "e1_l",
      "end": "im_t",
      "type": "liquidus",
      "power": 1.2
    },
    "L_3": {
      "start": "im_t",
      "end": "p_l",
      "type": "liquidus",
      "power": 0.9
    },
    "L_4": {
      "start": "p_l",
      "end": "e2_l",
      "type": "liquidus",
      "power": 1.1
    },
    "L_5": {
      "start": "e2_l",
      "end": "tmB",
      "type": "liquidus",
      "power": 0.8
    },
    "S_a": {
      "start": "tmA",
      "end": "e1_a",
      "type": "solidus",
      "power": 1.2
    },
    "S_e": {
      "start": "tmB",
      "end": "e2_e",
      "type": "solidus",
      "power": 1.1
    },
    "sol_a": {
      "start": "e1_a",
      "end": "eu_a",
      "type": "solvus",
      "power": 2.0
    },
    "sol_a_bot": {
      "start": "eu_a",
      "end": "t_a",
      "type": "solvus",
      "power": 1.5
    },
    "sol_e": {
      "start": "e2_e",
      "end": "t_e",
      "type": "solvus",
      "power": 1.8
    },
    "i_e1": {
      "start": "e1_a",
      "end": "e1_b",
      "type": "horizontal"
    },
    "i_eu": {
      "start": "eu_a",
      "end": "eu_g",
      "type": "horizontal"
    },
    "i_p": {
      "start": "p_im",
      "end": "p_l",
      "type": "horizontal"
    },
    "i_e2": {
      "start": "e2_d",
      "end": "e2_e",
      "type": "horizontal"
    },
    "im_vert": {
      "start": "im_t",
      "end": "im_b",
      "type": "vertical"
    }
  },
  "regions": {
    "R_a": {
      "type": "single-phase",
      "phase_name": "\u03b1",
      "label": {
        "text": "\u03b1",
        "c": 4,
        "t": 600
      },
      "bounding_curves": [
        {
          "id": "S_a",
          "dir": 1
        },
        {
          "id": "sol_a",
          "dir": 1
        },
        {
          "id": "sol_a_bot",
          "dir": 1
        },
        {
          "id": "bot_a",
          "dir": -1
        },
        {
          "id": "e_L",
          "dir": 1
        }
      ]
    }
  }
}