{
  "metadata": {
    "id": "final_boss_89",
    "axes": {
      "c_max": 100,
      "t_max": 1200
    }
  },
  "nodes": {
    "tmA": {
      "c": 0,
      "t": 1070
    },
    "tmB": {
      "c": 100,
      "t": 1029
    },
    "e1_a": {
      "c": 10.695114235362539,
      "t": 871.3209340500384
    },
    "e1_l": {
      "c": 26.94916650698775,
      "t": 871.3209340500384
    },
    "e1_b": {
      "c": 36.011402033591956,
      "t": 871.3209340500384
    },
    "eu_b": {
      "c": 29.431044816978883,
      "t": 666.9885932674721
    },
    "eu_a": {
      "c": 7.602889551295412,
      "t": 666.9885932674721
    },
    "eu_g": {
      "c": 43.69350258464137,
      "t": 666.9885932674721
    },
    "im_t": {
      "c": 68.18626895787045,
      "t": 970.8950545753573
    },
    "im_b": {
      "c": 68.18626895787045,
      "t": 0
    },
    "p_im": {
      "c": 68.18626895787045,
      "t": 907.4043529194685
    },
    "p_l": {
      "c": 82.30359328618438,
      "t": 907.4043529194685
    },
    "p_d": {
      "c": 72.20223429587858,
      "t": 907.4043529194685
    },
    "e2_d": {
      "c": 75.82471810968862,
      "t": 844.6200105507655
    },
    "e2_l": {
      "c": 83.03298247737123,
      "t": 844.6200105507655
    },
    "e2_e": {
      "c": 87.8150068226153,
      "t": 844.6200105507655
    },
    "t_a": {
      "c": 2.629624508741564,
      "t": 0
    },
    "t_g_l": {
      "c": 42.40216562050837,
      "t": 0
    },
    "t_g_r": {
      "c": 61.00901980420255,
      "t": 0
    },
    "t_d": {
      "c": 73.14747365275839,
      "t": 0
    },
    "t_e": {
      "c": 94.74989970532499,
      "t": 0
    }
  },
  "curves": {
    "L_1": {
      "start": "tmA",
      "end": "e1_l",
      "type": "liquidus",
      "power": 0.8
    },
    "L_2": {
      "start": "e1_l",
      "end": "im_t",
      "type": "liquidus",
      "power": 1.2
    },
    "L_3": {
      "start": "im_t",
      "end": "p_l",
      "type": "liquidus",
      "power": 0.9
    },
    "L_4": {
      "start": "p_l",
      "end": "e2_l",
      "type": "liquidus",
      "power": 1.1
    },
    "L_5": {
      "start": "e2_l",
      "end": "tmB",
      "type": "liquidus",
      "power": 0.8
    },
    "S_a": {
      "start": "tmA",
      "end": "e1_a",
      "type": "solidus",
      "power": 1.2
    },
    "S_e": {
      "start": "tmB",
      "end": "e2_e",
      "type": "solidus",
      "power": 1.1
    },
    "sol_a": {
      "start": "e1_a",
      "end": "eu_a",
      "type": "solvus",
      "power": 2.0
    },
    "sol_a_bot": {
      "start": "eu_a",
      "end": "t_a",
      "type": "solvus",
      "power": 1.5
    },
    "sol_e": {
      "start": "e2_e",
      "end": "t_e",
      "type": "solvus",
      "power": 1.8
    },
    "i_e1": {
      "start": "e1_a",
      "end": "e1_b",
      "type": "horizontal"
    },
    "i_eu": {
      "start": "eu_a",
      "end": "eu_g",
      "type": "horizontal"
    },
    "i_p": {
      "start": "p_im",
      "end": "p_l",
      "type": "horizontal"
    },
    "i_e2": {
      "start": "e2_d",
      "end": "e2_e",
      "type": "horizontal"
    },
    "im_vert": {
      "start": "im_t",
      "end": "im_b",
      "type": "vertical"
    }
  },
  "regions": {
    "R_a": {
      "type": "single-phase",
      "phase_name": "\u03b1",
      "label": {
        "text": "\u03b1",
        "c": 4,
        "t": 600
      },
      "bounding_curves": [
        {
          "id": "S_a",
          "dir": 1
        },
        {
          "id": "sol_a",
          "dir": 1
        },
        {
          "id": "sol_a_bot",
          "dir": 1
        },
        {
          "id": "bot_a",
          "dir": -1
        },
        {
          "id": "e_L",
          "dir": 1
        }
      ]
    }
  }
}