{
  "metadata": {
    "id": "final_boss_474",
    "axes": {
      "c_max": 100,
      "t_max": 1200
    }
  },
  "nodes": {
    "tmA": {
      "c": 0,
      "t": 1122
    },
    "tmB": {
      "c": 100,
      "t": 1011
    },
    "e1_a": {
      "c": 17.17428077521627,
      "t": 851.6882628442177
    },
    "e1_l": {
      "c": 29.360764063964808,
      "t": 851.6882628442177
    },
    "e1_b": {
      "c": 41.70298857030896,
      "t": 851.6882628442177
    },
    "eu_b": {
      "c": 31.544018647777143,
      "t": 677.4982007783925
    },
    "eu_a": {
      "c": 14.974836597974635,
      "t": 677.4982007783925
    },
    "eu_g": {
      "c": 41.70629778890707,
      "t": 677.4982007783925
    },
    "im_t": {
      "c": 60.91562541116241,
      "t": 1158.7320973373219
    },
    "im_b": {
      "c": 60.91562541116241,
      "t": 0
    },
    "p_im": {
      "c": 60.91562541116241,
      "t": 1003.2619876715611
    },
    "p_l": {
      "c": 84.66652161058637,
      "t": 1003.2619876715611
    },
    "p_d": {
      "c": 73.12734784317956,
      "t": 1003.2619876715611
    },
    "e2_d": {
      "c": 78.3601939996479,
      "t": 457.81144622933147
    },
    "e2_l": {
      "c": 86.49777047503721,
      "t": 457.81144622933147
    },
    "e2_e": {
      "c": 92.86854920678937,
      "t": 457.81144622933147
    },
    "t_a": {
      "c": 1.220397367282793,
      "t": 0
    },
    "t_g_l": {
      "c": 41.00448371951208,
      "t": 0
    },
    "t_g_r": {
      "c": 56.39804912276561,
      "t": 0
    },
    "t_d": {
      "c": 73.78505995409583,
      "t": 0
    },
    "t_e": {
      "c": 97.36415192243331,
      "t": 0
    }
  },
  "curves": {
    "L_1": {
      "start": "tmA",
      "end": "e1_l",
      "type": "liquidus",
      "power": 0.8
    },
    "L_2": {
      "start": "e1_l",
      "end": "im_t",
      "type": "liquidus",
      "power": 1.2
    },
    "L_3": {
      "start": "im_t",
      "end": "p_l",
      "type": "liquidus",
      "power": 0.9
    },
    "L_4": {
      "start": "p_l",
      "end": "e2_l",
      "type": "liquidus",
      "power": 1.1
    },
    "L_5": {
      "start": "e2_l",
      "end": "tmB",
      "type": "liquidus",
      "power": 0.8
    },
    "S_a": {
      "start": "tmA",
      "end": "e1_a",
      "type": "solidus",
      "power": 1.2
    },
    "S_e": {
      "start": "tmB",
      "end": "e2_e",
      "type": "solidus",
      "power": 1.1
    },
    "sol_a": {
      "start": "e1_a",
      "end": "eu_a",
      "type": "solvus",
      "power": 2.0
    },
    "sol_a_bot": {
      "start": "eu_a",
      "end": "t_a",
      "type": "solvus",
      "power": 1.5
    },
    "sol_e": {
      "start": "e2_e",
      "end": "t_e",
      "type": "solvus",
      "power": 1.8
    },
    "i_e1": {
      "start": "e1_a",
      "end": "e1_b",
      "type": "horizontal"
    },
    "i_eu": {
      "start": "eu_a",
      "end": "eu_g",
      "type": "horizontal"
    },
    "i_p": {
      "start": "p_im",
      "end": "p_l",
      "type": "horizontal"
    },
    "i_e2": {
      "start": "e2_d",
      "end": "e2_e",
      "type": "horizontal"
    },
    "im_vert": {
      "start": "im_t",
      "end": "im_b",
      "type": "vertical"
    }
  },
  "regions": {
    "R_a": {
      "type": "single-phase",
      "phase_name": "\u03b1",
      "label": {
        "text": "\u03b1",
        "c": 4,
        "t": 600
      },
      "bounding_curves": [
        {
          "id": "S_a",
          "dir": 1
        },
        {
          "id": "sol_a",
          "dir": 1
        },
        {
          "id": "sol_a_bot",
          "dir": 1
        },
        {
          "id": "bot_a",
          "dir": -1
        },
        {
          "id": "e_L",
          "dir": 1
        }
      ]
    }
  }
}