{
  "metadata": {
    "id": "final_boss_99",
    "axes": {
      "c_max": 100,
      "t_max": 1200
    }
  },
  "nodes": {
    "tmA": {
      "c": 0,
      "t": 1106
    },
    "tmB": {
      "c": 100,
      "t": 1074
    },
    "e1_a": {
      "c": 18.670283462499803,
      "t": 883.5140556621466
    },
    "e1_l": {
      "c": 33.458555665081846,
      "t": 883.5140556621466
    },
    "e1_b": {
      "c": 44.18878161917931,
      "t": 883.5140556621466
    },
    "eu_b": {
      "c": 39.9172590375419,
      "t": 507.7472928974627
    },
    "eu_a": {
      "c": 8.925542740153885,
      "t": 507.7472928974627
    },
    "eu_g": {
      "c": 53.27773060575488,
      "t": 507.7472928974627
    },
    "im_t": {
      "c": 73.08370828601487,
      "t": 1129.4642309329538
    },
    "im_b": {
      "c": 73.08370828601487,
      "t": 0
    },
    "p_im": {
      "c": 73.08370828601487,
      "t": 883.1514546707019
    },
    "p_l": {
      "c": 87.4821495312832,
      "t": 883.1514546707019
    },
    "p_d": {
      "c": 82.20429258951933,
      "t": 883.1514546707019
    },
    "e2_d": {
      "c": 83.87205516254804,
      "t": 440.15722037396785
    },
    "e2_l": {
      "c": 89.73713570146631,
      "t": 440.15722037396785
    },
    "e2_e": {
      "c": 95.31411947729875,
      "t": 440.15722037396785
    },
    "t_a": {
      "c": 6.151295940674495,
      "t": 0
    },
    "t_g_l": {
      "c": 52.58133691841428,
      "t": 0
    },
    "t_g_r": {
      "c": 59.801835043712735,
      "t": 0
    },
    "t_d": {
      "c": 82.36565872868451,
      "t": 0
    },
    "t_e": {
      "c": 96.5050314480593,
      "t": 0
    }
  },
  "curves": {
    "L_1": {
      "start": "tmA",
      "end": "e1_l",
      "type": "liquidus",
      "power": 0.8
    },
    "L_2": {
      "start": "e1_l",
      "end": "im_t",
      "type": "liquidus",
      "power": 1.2
    },
    "L_3": {
      "start": "im_t",
      "end": "p_l",
      "type": "liquidus",
      "power": 0.9
    },
    "L_4": {
      "start": "p_l",
      "end": "e2_l",
      "type": "liquidus",
      "power": 1.1
    },
    "L_5": {
      "start": "e2_l",
      "end": "tmB",
      "type": "liquidus",
      "power": 0.8
    },
    "S_a": {
      "start": "tmA",
      "end": "e1_a",
      "type": "solidus",
      "power": 1.2
    },
    "S_e": {
      "start": "tmB",
      "end": "e2_e",
      "type": "solidus",
      "power": 1.1
    },
    "sol_a": {
      "start": "e1_a",
      "end": "eu_a",
      "type": "solvus",
      "power": 2.0
    },
    "sol_a_bot": {
      "start": "eu_a",
      "end": "t_a",
      "type": "solvus",
      "power": 1.5
    },
    "sol_e": {
      "start": "e2_e",
      "end": "t_e",
      "type": "solvus",
      "power": 1.8
    },
    "i_e1": {
      "start": "e1_a",
      "end": "e1_b",
      "type": "horizontal"
    },
    "i_eu": {
      "start": "eu_a",
      "end": "eu_g",
      "type": "horizontal"
    },
    "i_p": {
      "start": "p_im",
      "end": "p_l",
      "type": "horizontal"
    },
    "i_e2": {
      "start": "e2_d",
      "end": "e2_e",
      "type": "horizontal"
    },
    "im_vert": {
      "start": "im_t",
      "end": "im_b",
      "type": "vertical"
    }
  },
  "regions": {
    "R_a": {
      "type": "single-phase",
      "phase_name": "\u03b1",
      "label": {
        "text": "\u03b1",
        "c": 4,
        "t": 600
      },
      "bounding_curves": [
        {
          "id": "S_a",
          "dir": 1
        },
        {
          "id": "sol_a",
          "dir": 1
        },
        {
          "id": "sol_a_bot",
          "dir": 1
        },
        {
          "id": "bot_a",
          "dir": -1
        },
        {
          "id": "e_L",
          "dir": 1
        }
      ]
    }
  }
}