{
  "metadata": {
    "id": "final_boss_49",
    "axes": {
      "c_max": 100,
      "t_max": 1200
    }
  },
  "nodes": {
    "tmA": {
      "c": 0,
      "t": 1099
    },
    "tmB": {
      "c": 100,
      "t": 1141
    },
    "e1_a": {
      "c": 11.485602083956953,
      "t": 835.6608397577744
    },
    "e1_l": {
      "c": 19.565473500827423,
      "t": 835.6608397577744
    },
    "e1_b": {
      "c": 28.46688639122852,
      "t": 835.6608397577744
    },
    "eu_b": {
      "c": 25.64236789545621,
      "t": 709.6653611495105
    },
    "eu_a": {
      "c": 7.626398260461402,
      "t": 709.6653611495105
    },
    "eu_g": {
      "c": 38.20813627221335,
      "t": 709.6653611495105
    },
    "im_t": {
      "c": 59.1055050369658,
      "t": 1118.427316111818
    },
    "im_b": {
      "c": 59.1055050369658,
      "t": 0
    },
    "p_im": {
      "c": 59.1055050369658,
      "t": 888.5931553023419
    },
    "p_l": {
      "c": 71.95858781303953,
      "t": 888.5931553023419
    },
    "p_d": {
      "c": 67.5105955416804,
      "t": 888.5931553023419
    },
    "e2_d": {
      "c": 69.35450957988394,
      "t": 440.8185186485627
    },
    "e2_l": {
      "c": 75.32980615237757,
      "t": 440.8185186485627
    },
    "e2_e": {
      "c": 91.56781956086438,
      "t": 440.8185186485627
    },
    "t_a": {
      "c": 5.502654590605878,
      "t": 0
    },
    "t_g_l": {
      "c": 36.22130429242011,
      "t": 0
    },
    "t_g_r": {
      "c": 38.78058163960775,
      "t": 0
    },
    "t_d": {
      "c": 66.6255125179128,
      "t": 0
    },
    "t_e": {
      "c": 96.76739013732812,
      "t": 0
    }
  },
  "curves": {
    "L_1": {
      "start": "tmA",
      "end": "e1_l",
      "type": "liquidus",
      "power": 0.8
    },
    "L_2": {
      "start": "e1_l",
      "end": "im_t",
      "type": "liquidus",
      "power": 1.2
    },
    "L_3": {
      "start": "im_t",
      "end": "p_l",
      "type": "liquidus",
      "power": 0.9
    },
    "L_4": {
      "start": "p_l",
      "end": "e2_l",
      "type": "liquidus",
      "power": 1.1
    },
    "L_5": {
      "start": "e2_l",
      "end": "tmB",
      "type": "liquidus",
      "power": 0.8
    },
    "S_a": {
      "start": "tmA",
      "end": "e1_a",
      "type": "solidus",
      "power": 1.2
    },
    "S_e": {
      "start": "tmB",
      "end": "e2_e",
      "type": "solidus",
      "power": 1.1
    },
    "sol_a": {
      "start": "e1_a",
      "end": "eu_a",
      "type": "solvus",
      "power": 2.0
    },
    "sol_a_bot": {
      "start": "eu_a",
      "end": "t_a",
      "type": "solvus",
      "power": 1.5
    },
    "sol_e": {
      "start": "e2_e",
      "end": "t_e",
      "type": "solvus",
      "power": 1.8
    },
    "i_e1": {
      "start": "e1_a",
      "end": "e1_b",
      "type": "horizontal"
    },
    "i_eu": {
      "start": "eu_a",
      "end": "eu_g",
      "type": "horizontal"
    },
    "i_p": {
      "start": "p_im",
      "end": "p_l",
      "type": "horizontal"
    },
    "i_e2": {
      "start": "e2_d",
      "end": "e2_e",
      "type": "horizontal"
    },
    "im_vert": {
      "start": "im_t",
      "end": "im_b",
      "type": "vertical"
    }
  },
  "regions": {
    "R_a": {
      "type": "single-phase",
      "phase_name": "\u03b1",
      "label": {
        "text": "\u03b1",
        "c": 4,
        "t": 600
      },
      "bounding_curves": [
        {
          "id": "S_a",
          "dir": 1
        },
        {
          "id": "sol_a",
          "dir": 1
        },
        {
          "id": "sol_a_bot",
          "dir": 1
        },
        {
          "id": "bot_a",
          "dir": -1
        },
        {
          "id": "e_L",
          "dir": 1
        }
      ]
    }
  }
}