{
  "metadata": {
    "id": "final_boss_249",
    "axes": {
      "c_max": 100,
      "t_max": 1200
    }
  },
  "nodes": {
    "tmA": {
      "c": 0,
      "t": 1112
    },
    "tmB": {
      "c": 100,
      "t": 1031
    },
    "e1_a": {
      "c": 9.644982578428415,
      "t": 826.749085339047
    },
    "e1_l": {
      "c": 25.744689336593712,
      "t": 826.749085339047
    },
    "e1_b": {
      "c": 34.95451057123205,
      "t": 826.749085339047
    },
    "eu_b": {
      "c": 32.20005332606331,
      "t": 537.9665337064405
    },
    "eu_a": {
      "c": 5.776067627133398,
      "t": 537.9665337064405
    },
    "eu_g": {
      "c": 39.957437944297546,
      "t": 537.9665337064405
    },
    "im_t": {
      "c": 50.31019595594698,
      "t": 1175.276650631103
    },
    "im_b": {
      "c": 50.31019595594698,
      "t": 0
    },
    "p_im": {
      "c": 50.31019595594698,
      "t": 791.6412408232048
    },
    "p_l": {
      "c": 65.5036986759166,
      "t": 791.6412408232048
    },
    "p_d": {
      "c": 60.78509392128597,
      "t": 791.6412408232048
    },
    "e2_d": {
      "c": 62.19786954022104,
      "t": 567.087535962877
    },
    "e2_l": {
      "c": 67.94369455821762,
      "t": 567.087535962877
    },
    "e2_e": {
      "c": 93.4943567266597,
      "t": 567.087535962877
    },
    "t_a": {
      "c": 4.0214320863867545,
      "t": 0
    },
    "t_g_l": {
      "c": 38.84828316150606,
      "t": 0
    },
    "t_g_r": {
      "c": 43.578238900106236,
      "t": 0
    },
    "t_d": {
      "c": 59.46808366498733,
      "t": 0
    },
    "t_e": {
      "c": 98.64511083121185,
      "t": 0
    }
  },
  "curves": {
    "L_1": {
      "start": "tmA",
      "end": "e1_l",
      "type": "liquidus",
      "power": 0.8
    },
    "L_2": {
      "start": "e1_l",
      "end": "im_t",
      "type": "liquidus",
      "power": 1.2
    },
    "L_3": {
      "start": "im_t",
      "end": "p_l",
      "type": "liquidus",
      "power": 0.9
    },
    "L_4": {
      "start": "p_l",
      "end": "e2_l",
      "type": "liquidus",
      "power": 1.1
    },
    "L_5": {
      "start": "e2_l",
      "end": "tmB",
      "type": "liquidus",
      "power": 0.8
    },
    "S_a": {
      "start": "tmA",
      "end": "e1_a",
      "type": "solidus",
      "power": 1.2
    },
    "S_e": {
      "start": "tmB",
      "end": "e2_e",
      "type": "solidus",
      "power": 1.1
    },
    "sol_a": {
      "start": "e1_a",
      "end": "eu_a",
      "type": "solvus",
      "power": 2.0
    },
    "sol_a_bot": {
      "start": "eu_a",
      "end": "t_a",
      "type": "solvus",
      "power": 1.5
    },
    "sol_e": {
      "start": "e2_e",
      "end": "t_e",
      "type": "solvus",
      "power": 1.8
    },
    "i_e1": {
      "start": "e1_a",
      "end": "e1_b",
      "type": "horizontal"
    },
    "i_eu": {
      "start": "eu_a",
      "end": "eu_g",
      "type": "horizontal"
    },
    "i_p": {
      "start": "p_im",
      "end": "p_l",
      "type": "horizontal"
    },
    "i_e2": {
      "start": "e2_d",
      "end": "e2_e",
      "type": "horizontal"
    },
    "im_vert": {
      "start": "im_t",
      "end": "im_b",
      "type": "vertical"
    }
  },
  "regions": {
    "R_a": {
      "type": "single-phase",
      "phase_name": "\u03b1",
      "label": {
        "text": "\u03b1",
        "c": 4,
        "t": 600
      },
      "bounding_curves": [
        {
          "id": "S_a",
          "dir": 1
        },
        {
          "id": "sol_a",
          "dir": 1
        },
        {
          "id": "sol_a_bot",
          "dir": 1
        },
        {
          "id": "bot_a",
          "dir": -1
        },
        {
          "id": "e_L",
          "dir": 1
        }
      ]
    }
  }
}