{
  "metadata": {
    "id": "final_boss_299",
    "axes": {
      "c_max": 100,
      "t_max": 1200
    }
  },
  "nodes": {
    "tmA": {
      "c": 0,
      "t": 1146
    },
    "tmB": {
      "c": 100,
      "t": 1050
    },
    "e1_a": {
      "c": 17.379275230922275,
      "t": 901.2042957406634
    },
    "e1_l": {
      "c": 34.582319302555696,
      "t": 901.2042957406634
    },
    "e1_b": {
      "c": 46.92435076815411,
      "t": 901.2042957406634
    },
    "eu_b": {
      "c": 40.725607486594306,
      "t": 665.5282666248302
    },
    "eu_a": {
      "c": 12.543008684949,
      "t": 665.5282666248302
    },
    "eu_g": {
      "c": 46.27058960366943,
      "t": 665.5282666248302
    },
    "im_t": {
      "c": 60.38612914563833,
      "t": 1058.0244164141368
    },
    "im_b": {
      "c": 60.38612914563833,
      "t": 0
    },
    "p_im": {
      "c": 60.38612914563833,
      "t": 979.1617539635116
    },
    "p_l": {
      "c": 80.67511932345087,
      "t": 979.1617539635116
    },
    "p_d": {
      "c": 70.46661175934514,
      "t": 979.1617539635116
    },
    "e2_d": {
      "c": 72.519132132998,
      "t": 556.3871618047853
    },
    "e2_l": {
      "c": 85.54012302248556,
      "t": 556.3871618047853
    },
    "e2_e": {
      "c": 94.49280178832915,
      "t": 556.3871618047853
    },
    "t_a": {
      "c": 9.309864908953003,
      "t": 0
    },
    "t_g_l": {
      "c": 44.02768093550553,
      "t": 0
    },
    "t_g_r": {
      "c": 57.65100556302721,
      "t": 0
    },
    "t_d": {
      "c": 67.95934563692822,
      "t": 0
    },
    "t_e": {
      "c": 97.50023848577784,
      "t": 0
    }
  },
  "curves": {
    "L_1": {
      "start": "tmA",
      "end": "e1_l",
      "type": "liquidus",
      "power": 0.8
    },
    "L_2": {
      "start": "e1_l",
      "end": "im_t",
      "type": "liquidus",
      "power": 1.2
    },
    "L_3": {
      "start": "im_t",
      "end": "p_l",
      "type": "liquidus",
      "power": 0.9
    },
    "L_4": {
      "start": "p_l",
      "end": "e2_l",
      "type": "liquidus",
      "power": 1.1
    },
    "L_5": {
      "start": "e2_l",
      "end": "tmB",
      "type": "liquidus",
      "power": 0.8
    },
    "S_a": {
      "start": "tmA",
      "end": "e1_a",
      "type": "solidus",
      "power": 1.2
    },
    "S_e": {
      "start": "tmB",
      "end": "e2_e",
      "type": "solidus",
      "power": 1.1
    },
    "sol_a": {
      "start": "e1_a",
      "end": "eu_a",
      "type": "solvus",
      "power": 2.0
    },
    "sol_a_bot": {
      "start": "eu_a",
      "end": "t_a",
      "type": "solvus",
      "power": 1.5
    },
    "sol_e": {
      "start": "e2_e",
      "end": "t_e",
      "type": "solvus",
      "power": 1.8
    },
    "i_e1": {
      "start": "e1_a",
      "end": "e1_b",
      "type": "horizontal"
    },
    "i_eu": {
      "start": "eu_a",
      "end": "eu_g",
      "type": "horizontal"
    },
    "i_p": {
      "start": "p_im",
      "end": "p_l",
      "type": "horizontal"
    },
    "i_e2": {
      "start": "e2_d",
      "end": "e2_e",
      "type": "horizontal"
    },
    "im_vert": {
      "start": "im_t",
      "end": "im_b",
      "type": "vertical"
    }
  },
  "regions": {
    "R_a": {
      "type": "single-phase",
      "phase_name": "\u03b1",
      "label": {
        "text": "\u03b1",
        "c": 4,
        "t": 600
      },
      "bounding_curves": [
        {
          "id": "S_a",
          "dir": 1
        },
        {
          "id": "sol_a",
          "dir": 1
        },
        {
          "id": "sol_a_bot",
          "dir": 1
        },
        {
          "id": "bot_a",
          "dir": -1
        },
        {
          "id": "e_L",
          "dir": 1
        }
      ]
    }
  }
}