{
  "metadata": {
    "id": "final_boss_335",
    "axes": {
      "c_max": 100,
      "t_max": 1200
    }
  },
  "nodes": {
    "top_L": {
      "c": 0,
      "t": 1200
    },
    "top_R": {
      "c": 100,
      "t": 1200
    },
    "bot_L": {
      "c": 0,
      "t": 0
    },
    "bot_R": {
      "c": 100,
      "t": 0
    },
    "tmA": {
      "c": 0,
      "t": 1117.9917297163481
    },
    "tmB": {
      "c": 100,
      "t": 1060.1852690063079
    },
    "e1_a": {
      "c": 9.059160571698722,
      "t": 938.6591970275376
    },
    "e1_l": {
      "c": 26.407275111332392,
      "t": 938.6591970275376
    },
    "e1_b": {
      "c": 34.675227421150645,
      "t": 938.6591970275376
    },
    "b_top_r": {
      "c": 39.675227421150645,
      "t": 938.6591970275376
    },
    "eu_b": {
      "c": 29.446677711807855,
      "t": 746.2379545966512
    },
    "eu_a": {
      "c": 6.761800520863904,
      "t": 746.2379545966512
    },
    "eu_g": {
      "c": 47.64871084128518,
      "t": 746.2379545966512
    },
    "im_t": {
      "c": 58.44554598425034,
      "t": 1179.749298608431
    },
    "im_b": {
      "c": 58.44554598425034,
      "t": 0
    },
    "p_im": {
      "c": 58.44554598425034,
      "t": 1065.258583752492
    },
    "p_l": {
      "c": 72.40233665163572,
      "t": 1065.258583752492
    },
    "p_d": {
      "c": 66.19270250021792,
      "t": 1065.258583752492
    },
    "e2_d": {
      "c": 70.0399851590276,
      "t": 872.1837464976643
    },
    "e2_l": {
      "c": 75.269678683652,
      "t": 872.1837464976643
    },
    "e2_e": {
      "c": 86.93490089071703,
      "t": 872.1837464976643
    },
    "t_a": {
      "c": 2.0838700295833834,
      "t": 0
    },
    "t_g_l": {
      "c": 44.3633111151005,
      "t": 0
    },
    "t_g_r": {
      "c": 51.46572081129896,
      "t": 0
    },
    "t_d": {
      "c": 68.91886934537422,
      "t": 0
    },
    "t_e": {
      "c": 92.71115865949915,
      "t": 0
    }
  },
  "curves": {
    "edge_L_top": {
      "start": "tmA",
      "end": "top_L",
      "type": "edge"
    },
    "edge_L_bot": {
      "start": "bot_L",
      "end": "tmA",
      "type": "edge"
    },
    "edge_R_top": {
      "start": "tmB",
      "end": "top_R",
      "type": "edge"
    },
    "edge_R_bot": {
      "start": "bot_R",
      "end": "tmB",
      "type": "edge"
    },
    "edge_top": {
      "start": "top_L",
      "end": "top_R",
      "type": "edge"
    },
    "b_0_a": {
      "start": "bot_L",
      "end": "t_a",
      "type": "edge"
    },
    "b_a_g": {
      "start": "t_a",
      "end": "t_g_l",
      "type": "edge"
    },
    "b_g": {
      "start": "t_g_l",
      "end": "t_g_r",
      "type": "edge"
    },
    "b_g_im": {
      "start": "t_g_r",
      "end": "im_b",
      "type": "edge"
    },
    "b_im_d": {
      "start": "im_b",
      "end": "t_d",
      "type": "edge"
    },
    "b_d_e": {
      "start": "t_d",
      "end": "t_e",
      "type": "edge"
    },
    "b_e_100": {
      "start": "t_e",
      "end": "bot_R",
      "type": "edge"
    },
    "L_1": {
      "start": "tmA",
      "end": "e1_l",
      "type": "liquidus",
      "power": 0.8
    },
    "L_2": {
      "start": "e1_l",
      "end": "im_t",
      "type": "liquidus",
      "power": 1.2
    },
    "L_3": {
      "start": "im_t",
      "end": "p_l",
      "type": "liquidus",
      "power": 0.9
    },
    "L_4": {
      "start": "p_l",
      "end": "e2_l",
      "type": "liquidus",
      "power": 1.1
    },
    "L_5": {
      "start": "e2_l",
      "end": "tmB",
      "type": "liquidus",
      "power": 0.8
    },
    "S_a": {
      "start": "tmA",
      "end": "e1_a",
      "type": "solidus",
      "power": 1.1
    },
    "S_b": {
      "start": "e1_b",
      "end": "im_t",
      "type": "solidus",
      "power": 0.9
    },
    "S_d": {
      "start": "p_d",
      "end": "e2_d",
      "type": "solidus",
      "power": 1.0
    },
    "S_e": {
      "start": "tmB",
      "end": "e2_e",
      "type": "solidus",
      "power": 1.1
    },
    "H_E1_L": {
      "start": "e1_a",
      "end": "e1_l",
      "type": "horizontal"
    },
    "H_E1_R": {
      "start": "e1_l",
      "end": "e1_b",
      "type": "horizontal"
    },
    "H_EU_L": {
      "start": "eu_a",
      "end": "eu_b",
      "type": "horizontal"
    },
    "H_EU_R": {
      "start": "eu_b",
      "end": "eu_g",
      "type": "horizontal"
    },
    "H_P_L": {
      "start": "p_im",
      "end": "p_d",
      "type": "horizontal"
    },
    "H_P_R": {
      "start": "p_d",
      "end": "p_l",
      "type": "horizontal"
    },
    "H_E2_L": {
      "start": "e2_d",
      "end": "e2_l",
      "type": "horizontal"
    },
    "H_E2_R": {
      "start": "e2_l",
      "end": "e2_e",
      "type": "horizontal"
    },
    "sol_a_up": {
      "start": "e1_a",
      "end": "eu_a",
      "type": "solvus",
      "power": 1.5
    },
    "sol_a_bot": {
      "start": "eu_a",
      "end": "t_a",
      "type": "solvus",
      "power": 1.2
    },
    "sol_b_L": {
      "start": "e1_b",
      "end": "eu_b",
      "type": "solvus",
      "power": 1.0
    },
    "sol_b_R": {
      "start": "b_top_r",
      "end": "eu_b",
      "type": "solvus",
      "power": 1.0
    },
    "sol_b_top": {
      "start": "e1_b",
      "end": "b_top_r",
      "type": "horizontal"
    },
    "sol_g_L": {
      "start": "eu_g",
      "end": "t_g_l",
      "type": "solvus",
      "power": 1.3
    },
    "sol_g_R": {
      "start": "eu_g",
      "end": "t_g_r",
      "type": "solvus",
      "power": 1.3
    },
    "sol_d_up": {
      "start": "p_d",
      "end": "e2_d",
      "type": "solvus",
      "power": 1.0
    },
    "sol_d_bot": {
      "start": "e2_d",
      "end": "t_d",
      "type": "solvus",
      "power": 1.5
    },
    "sol_e": {
      "start": "e2_e",
      "end": "t_e",
      "type": "solvus",
      "power": 1.6
    },
    "IM_vert_up": {
      "start": "p_im",
      "end": "im_t",
      "type": "vertical"
    },
    "IM_vert_bot": {
      "start": "im_b",
      "end": "p_im",
      "type": "vertical"
    }
  },
  "regions": {
    "R_L": {
      "type": "single-phase",
      "phase_name": "L",
      "bounding_curves": [
        {
          "id": "L_1",
          "dir": 1
        },
        {
          "id": "L_2",
          "dir": 1
        },
        {
          "id": "L_3",
          "dir": 1
        },
        {
          "id": "L_4",
          "dir": 1
        },
        {
          "id": "L_5",
          "dir": 1
        },
        {
          "id": "edge_R_top",
          "dir": 1
        },
        {
          "id": "edge_top",
          "dir": -1
        },
        {
          "id": "edge_L_top",
          "dir": -1
        }
      ]
    },
    "R_a": {
      "type": "single-phase",
      "phase_name": "\u03b1",
      "bounding_curves": [
        {
          "id": "S_a",
          "dir": -1
        },
        {
          "id": "edge_L_bot",
          "dir": -1
        },
        {
          "id": "b_0_a",
          "dir": 1
        },
        {
          "id": "sol_a_bot",
          "dir": -1
        },
        {
          "id": "sol_a_up",
          "dir": -1
        }
      ]
    },
    "R_b": {
      "type": "single-phase",
      "phase_name": "\u03b2",
      "bounding_curves": [
        {
          "id": "sol_b_top",
          "dir": 1
        },
        {
          "id": "sol_b_R",
          "dir": 1
        },
        {
          "id": "sol_b_L",
          "dir": -1
        }
      ]
    },
    "R_g": {
      "type": "single-phase",
      "phase_name": "\u03b3",
      "bounding_curves": [
        {
          "id": "sol_g_L",
          "dir": 1
        },
        {
          "id": "b_g",
          "dir": 1
        },
        {
          "id": "sol_g_R",
          "dir": -1
        }
      ]
    },
    "R_d": {
      "type": "single-phase",
      "phase_name": "\u03b4",
      "bounding_curves": [
        {
          "id": "S_d",