{
  "metadata": {
    "id": "final_boss_123",
    "axes": {
      "c_max": 100,
      "t_max": 1200
    }
  },
  "nodes": {
    "tmA": {
      "c": 0,
      "t": 1137
    },
    "tmB": {
      "c": 100,
      "t": 1018
    },
    "e1_a": {
      "c": 16.86026489893343,
      "t": 877.2560460958972
    },
    "e1_l": {
      "c": 27.731908685518963,
      "t": 877.2560460958972
    },
    "e1_b": {
      "c": 39.61101115753812,
      "t": 877.2560460958972
    },
    "eu_b": {
      "c": 36.64843669873768,
      "t": 516.5947845847705
    },
    "eu_a": {
      "c": 11.484318827416088,
      "t": 516.5947845847705
    },
    "eu_g": {
      "c": 46.76171014751332,
      "t": 516.5947845847705
    },
    "im_t": {
      "c": 73.31734873250824,
      "t": 1126.707450044903
    },
    "im_b": {
      "c": 73.31734873250824,
      "t": 0
    },
    "p_im": {
      "c": 73.31734873250824,
      "t": 867.1314424488629
    },
    "p_l": {
      "c": 86.64132818738062,
      "t": 867.1314424488629
    },
    "p_d": {
      "c": 77.17166416423136,
      "t": 867.1314424488629
    },
    "e2_d": {
      "c": 79.4675811116038,
      "t": 507.2452687613407
    },
    "e2_l": {
      "c": 87.3441441711641,
      "t": 507.2452687613407
    },
    "e2_e": {
      "c": 95.94030288168393,
      "t": 507.2452687613407
    },
    "t_a": {
      "c": 0.9882782108693386,
      "t": 0
    },
    "t_g_l": {
      "c": 44.88935991379847,
      "t": 0
    },
    "t_g_r": {
      "c": 58.59277130988323,
      "t": 0
    },
    "t_d": {
      "c": 79.06158319453273,
      "t": 0
    },
    "t_e": {
      "c": 98.55980170839369,
      "t": 0
    }
  },
  "curves": {
    "L_1": {
      "start": "tmA",
      "end": "e1_l",
      "type": "liquidus",
      "power": 0.8
    },
    "L_2": {
      "start": "e1_l",
      "end": "im_t",
      "type": "liquidus",
      "power": 1.2
    },
    "L_3": {
      "start": "im_t",
      "end": "p_l",
      "type": "liquidus",
      "power": 0.9
    },
    "L_4": {
      "start": "p_l",
      "end": "e2_l",
      "type": "liquidus",
      "power": 1.1
    },
    "L_5": {
      "start": "e2_l",
      "end": "tmB",
      "type": "liquidus",
      "power": 0.8
    },
    "S_a": {
      "start": "tmA",
      "end": "e1_a",
      "type": "solidus",
      "power": 1.2
    },
    "S_e": {
      "start": "tmB",
      "end": "e2_e",
      "type": "solidus",
      "power": 1.1
    },
    "sol_a": {
      "start": "e1_a",
      "end": "eu_a",
      "type": "solvus",
      "power": 2.0
    },
    "sol_a_bot": {
      "start": "eu_a",
      "end": "t_a",
      "type": "solvus",
      "power": 1.5
    },
    "sol_e": {
      "start": "e2_e",
      "end": "t_e",
      "type": "solvus",
      "power": 1.8
    },
    "i_e1": {
      "start": "e1_a",
      "end": "e1_b",
      "type": "horizontal"
    },
    "i_eu": {
      "start": "eu_a",
      "end": "eu_g",
      "type": "horizontal"
    },
    "i_p": {
      "start": "p_im",
      "end": "p_l",
      "type": "horizontal"
    },
    "i_e2": {
      "start": "e2_d",
      "end": "e2_e",
      "type": "horizontal"
    },
    "im_vert": {
      "start": "im_t",
      "end": "im_b",
      "type": "vertical"
    }
  },
  "regions": {
    "R_a": {
      "type": "single-phase",
      "phase_name": "\u03b1",
      "label": {
        "text": "\u03b1",
        "c": 4,
        "t": 600
      },
      "bounding_curves": [
        {
          "id": "S_a",
          "dir": 1
        },
        {
          "id": "sol_a",
          "dir": 1
        },
        {
          "id": "sol_a_bot",
          "dir": 1
        },
        {
          "id": "bot_a",
          "dir": -1
        },
        {
          "id": "e_L",
          "dir": 1
        }
      ]
    }
  }
}