{
  "metadata": {
    "id": "final_boss_122",
    "axes": {
      "c_max": 100,
      "t_max": 1200
    }
  },
  "nodes": {
    "tmA": {
      "c": 0,
      "t": 1122
    },
    "tmB": {
      "c": 100,
      "t": 1056
    },
    "e1_a": {
      "c": 17.267290491869815,
      "t": 876.8387325067549
    },
    "e1_l": {
      "c": 34.28232625488238,
      "t": 876.8387325067549
    },
    "e1_b": {
      "c": 47.92999766530923,
      "t": 876.8387325067549
    },
    "eu_b": {
      "c": 42.279182447078014,
      "t": 607.6757973460764
    },
    "eu_a": {
      "c": 14.909461410223358,
      "t": 607.6757973460764
    },
    "eu_g": {
      "c": 49.44203384676625,
      "t": 607.6757973460764
    },
    "im_t": {
      "c": 73.04389097262136,
      "t": 1076.40135806739
    },
    "im_b": {
      "c": 73.04389097262136,
      "t": 0
    },
    "p_im": {
      "c": 73.04389097262136,
      "t": 940.1985948623787
    },
    "p_l": {
      "c": 84.9195882312788,
      "t": 940.1985948623787
    },
    "p_d": {
      "c": 81.31856595533121,
      "t": 940.1985948623787
    },
    "e2_d": {
      "c": 81.53121693158981,
      "t": 640.9450753682252
    },
    "e2_l": {
      "c": 88.28786865904107,
      "t": 640.9450753682252
    },
    "e2_e": {
      "c": 93.05000590131871,
      "t": 640.9450753682252
    },
    "t_a": {
      "c": 10.059928798360946,
      "t": 0
    },
    "t_g_l": {
      "c": 48.901844055025045,
      "t": 0
    },
    "t_g_r": {
      "c": 55.960750214074395,
      "t": 0
    },
    "t_d": {
      "c": 78.89372659663604,
      "t": 0
    },
    "t_e": {
      "c": 94.82365155630899,
      "t": 0
    }
  },
  "curves": {
    "L_1": {
      "start": "tmA",
      "end": "e1_l",
      "type": "liquidus",
      "power": 0.8
    },
    "L_2": {
      "start": "e1_l",
      "end": "im_t",
      "type": "liquidus",
      "power": 1.2
    },
    "L_3": {
      "start": "im_t",
      "end": "p_l",
      "type": "liquidus",
      "power": 0.9
    },
    "L_4": {
      "start": "p_l",
      "end": "e2_l",
      "type": "liquidus",
      "power": 1.1
    },
    "L_5": {
      "start": "e2_l",
      "end": "tmB",
      "type": "liquidus",
      "power": 0.8
    },
    "S_a": {
      "start": "tmA",
      "end": "e1_a",
      "type": "solidus",
      "power": 1.2
    },
    "S_e": {
      "start": "tmB",
      "end": "e2_e",
      "type": "solidus",
      "power": 1.1
    },
    "sol_a": {
      "start": "e1_a",
      "end": "eu_a",
      "type": "solvus",
      "power": 2.0
    },
    "sol_a_bot": {
      "start": "eu_a",
      "end": "t_a",
      "type": "solvus",
      "power": 1.5
    },
    "sol_e": {
      "start": "e2_e",
      "end": "t_e",
      "type": "solvus",
      "power": 1.8
    },
    "i_e1": {
      "start": "e1_a",
      "end": "e1_b",
      "type": "horizontal"
    },
    "i_eu": {
      "start": "eu_a",
      "end": "eu_g",
      "type": "horizontal"
    },
    "i_p": {
      "start": "p_im",
      "end": "p_l",
      "type": "horizontal"
    },
    "i_e2": {
      "start": "e2_d",
      "end": "e2_e",
      "type": "horizontal"
    },
    "im_vert": {
      "start": "im_t",
      "end": "im_b",
      "type": "vertical"
    }
  },
  "regions": {
    "R_a": {
      "type": "single-phase",
      "phase_name": "\u03b1",
      "label": {
        "text": "\u03b1",
        "c": 4,
        "t": 600
      },
      "bounding_curves": [
        {
          "id": "S_a",
          "dir": 1
        },
        {
          "id": "sol_a",
          "dir": 1
        },
        {
          "id": "sol_a_bot",
          "dir": 1
        },
        {
          "id": "bot_a",
          "dir": -1
        },
        {
          "id": "e_L",
          "dir": 1
        }
      ]
    }
  }
}