{
  "metadata": {
    "id": "final_boss_86",
    "axes": {
      "c_max": 100,
      "t_max": 1200
    }
  },
  "nodes": {
    "tmA": {
      "c": 0,
      "t": 1127
    },
    "tmB": {
      "c": 100,
      "t": 1072
    },
    "e1_a": {
      "c": 16.13667272308083,
      "t": 865.7727316987408
    },
    "e1_l": {
      "c": 30.87547910484637,
      "t": 865.7727316987408
    },
    "e1_b": {
      "c": 45.25308790261627,
      "t": 865.7727316987408
    },
    "eu_b": {
      "c": 36.32467127459095,
      "t": 662.8212705917273
    },
    "eu_a": {
      "c": 6.137918050977925,
      "t": 662.8212705917273
    },
    "eu_g": {
      "c": 50.75297683575995,
      "t": 662.8212705917273
    },
    "im_t": {
      "c": 74.07821880264379,
      "t": 1153.1571526423982
    },
    "im_b": {
      "c": 74.07821880264379,
      "t": 0
    },
    "p_im": {
      "c": 74.07821880264379,
      "t": 1021.5341135815569
    },
    "p_l": {
      "c": 87.49456706121246,
      "t": 1021.5341135815569
    },
    "p_d": {
      "c": 79.22948214617884,
      "t": 1021.5341135815569
    },
    "e2_d": {
      "c": 82.59909975859273,
      "t": 948.8568880188661
    },
    "e2_l": {
      "c": 88.65116561769297,
      "t": 948.8568880188661
    },
    "e2_e": {
      "c": 95.83820180774832,
      "t": 948.8568880188661
    },
    "t_a": {
      "c": 1.4205431807134372,
      "t": 0
    },
    "t_g_l": {
      "c": 48.86836633229014,
      "t": 0
    },
    "t_g_r": {
      "c": 58.34052497981281,
      "t": 0
    },
    "t_d": {
      "c": 80.40729827671397,
      "t": 0
    },
    "t_e": {
      "c": 96.92148285263008,
      "t": 0
    }
  },
  "curves": {
    "L_1": {
      "start": "tmA",
      "end": "e1_l",
      "type": "liquidus",
      "power": 0.8
    },
    "L_2": {
      "start": "e1_l",
      "end": "im_t",
      "type": "liquidus",
      "power": 1.2
    },
    "L_3": {
      "start": "im_t",
      "end": "p_l",
      "type": "liquidus",
      "power": 0.9
    },
    "L_4": {
      "start": "p_l",
      "end": "e2_l",
      "type": "liquidus",
      "power": 1.1
    },
    "L_5": {
      "start": "e2_l",
      "end": "tmB",
      "type": "liquidus",
      "power": 0.8
    },
    "S_a": {
      "start": "tmA",
      "end": "e1_a",
      "type": "solidus",
      "power": 1.2
    },
    "S_e": {
      "start": "tmB",
      "end": "e2_e",
      "type": "solidus",
      "power": 1.1
    },
    "sol_a": {
      "start": "e1_a",
      "end": "eu_a",
      "type": "solvus",
      "power": 2.0
    },
    "sol_a_bot": {
      "start": "eu_a",
      "end": "t_a",
      "type": "solvus",
      "power": 1.5
    },
    "sol_e": {
      "start": "e2_e",
      "end": "t_e",
      "type": "solvus",
      "power": 1.8
    },
    "i_e1": {
      "start": "e1_a",
      "end": "e1_b",
      "type": "horizontal"
    },
    "i_eu": {
      "start": "eu_a",
      "end": "eu_g",
      "type": "horizontal"
    },
    "i_p": {
      "start": "p_im",
      "end": "p_l",
      "type": "horizontal"
    },
    "i_e2": {
      "start": "e2_d",
      "end": "e2_e",
      "type": "horizontal"
    },
    "im_vert": {
      "start": "im_t",
      "end": "im_b",
      "type": "vertical"
    }
  },
  "regions": {
    "R_a": {
      "type": "single-phase",
      "phase_name": "\u03b1",
      "label": {
        "text": "\u03b1",
        "c": 4,
        "t": 600
      },
      "bounding_curves": [
        {
          "id": "S_a",
          "dir": 1
        },
        {
          "id": "sol_a",
          "dir": 1
        },
        {
          "id": "sol_a_bot",
          "dir": 1
        },
        {
          "id": "bot_a",
          "dir": -1
        },
        {
          "id": "e_L",
          "dir": 1
        }
      ]
    }
  }
}