{
  "metadata": {
    "id": "final_boss_429",
    "axes": {
      "c_max": 100,
      "t_max": 1200
    }
  },
  "nodes": {
    "tmA": {
      "c": 0,
      "t": 1103
    },
    "tmB": {
      "c": 100,
      "t": 1012
    },
    "e1_a": {
      "c": 17.289833801222265,
      "t": 844.9389926642898
    },
    "e1_l": {
      "c": 26.555200357559794,
      "t": 844.9389926642898
    },
    "e1_b": {
      "c": 38.26336991832657,
      "t": 844.9389926642898
    },
    "eu_b": {
      "c": 33.44009924988792,
      "t": 525.4116945051929
    },
    "eu_a": {
      "c": 10.594543068031939,
      "t": 525.4116945051929
    },
    "eu_g": {
      "c": 38.51481577356837,
      "t": 525.4116945051929
    },
    "im_t": {
      "c": 72.04068084794814,
      "t": 1141.1486249527138
    },
    "im_b": {
      "c": 72.04068084794814,
      "t": 0
    },
    "p_im": {
      "c": 72.04068084794814,
      "t": 1023.4404391542928
    },
    "p_l": {
      "c": 87.18096790526604,
      "t": 1023.4404391542928
    },
    "p_d": {
      "c": 81.76525865541414,
      "t": 1023.4404391542928
    },
    "e2_d": {
      "c": 83.43301765425551,
      "t": 661.2994389259329
    },
    "e2_l": {
      "c": 90.86366589434677,
      "t": 661.2994389259329
    },
    "e2_e": {
      "c": 95.55765471234702,
      "t": 661.2994389259329
    },
    "t_a": {
      "c": 3.5254565175519947,
      "t": 0
    },
    "t_g_l": {
      "c": 36.20645218289376,
      "t": 0
    },
    "t_g_r": {
      "c": 39.68809589848825,
      "t": 0
    },
    "t_d": {
      "c": 81.42178744845069,
      "t": 0
    },
    "t_e": {
      "c": 99.17079482100158,
      "t": 0
    }
  },
  "curves": {
    "L_1": {
      "start": "tmA",
      "end": "e1_l",
      "type": "liquidus",
      "power": 0.8
    },
    "L_2": {
      "start": "e1_l",
      "end": "im_t",
      "type": "liquidus",
      "power": 1.2
    },
    "L_3": {
      "start": "im_t",
      "end": "p_l",
      "type": "liquidus",
      "power": 0.9
    },
    "L_4": {
      "start": "p_l",
      "end": "e2_l",
      "type": "liquidus",
      "power": 1.1
    },
    "L_5": {
      "start": "e2_l",
      "end": "tmB",
      "type": "liquidus",
      "power": 0.8
    },
    "S_a": {
      "start": "tmA",
      "end": "e1_a",
      "type": "solidus",
      "power": 1.2
    },
    "S_e": {
      "start": "tmB",
      "end": "e2_e",
      "type": "solidus",
      "power": 1.1
    },
    "sol_a": {
      "start": "e1_a",
      "end": "eu_a",
      "type": "solvus",
      "power": 2.0
    },
    "sol_a_bot": {
      "start": "eu_a",
      "end": "t_a",
      "type": "solvus",
      "power": 1.5
    },
    "sol_e": {
      "start": "e2_e",
      "end": "t_e",
      "type": "solvus",
      "power": 1.8
    },
    "i_e1": {
      "start": "e1_a",
      "end": "e1_b",
      "type": "horizontal"
    },
    "i_eu": {
      "start": "eu_a",
      "end": "eu_g",
      "type": "horizontal"
    },
    "i_p": {
      "start": "p_im",
      "end": "p_l",
      "type": "horizontal"
    },
    "i_e2": {
      "start": "e2_d",
      "end": "e2_e",
      "type": "horizontal"
    },
    "im_vert": {
      "start": "im_t",
      "end": "im_b",
      "type": "vertical"
    }
  },
  "regions": {
    "R_a": {
      "type": "single-phase",
      "phase_name": "\u03b1",
      "label": {
        "text": "\u03b1",
        "c": 4,
        "t": 600
      },
      "bounding_curves": [
        {
          "id": "S_a",
          "dir": 1
        },
        {
          "id": "sol_a",
          "dir": 1
        },
        {
          "id": "sol_a_bot",
          "dir": 1
        },
        {
          "id": "bot_a",
          "dir": -1
        },
        {
          "id": "e_L",
          "dir": 1
        }
      ]
    }
  }
}