{
  "metadata": {
    "id": "final_boss_291",
    "axes": {
      "c_max": 100,
      "t_max": 1200
    }
  },
  "nodes": {
    "tmA": {
      "c": 0,
      "t": 1050
    },
    "tmB": {
      "c": 100,
      "t": 1105
    },
    "e1_a": {
      "c": 10.76858768065808,
      "t": 813.6809306541306
    },
    "e1_l": {
      "c": 21.712733349649984,
      "t": 813.6809306541306
    },
    "e1_b": {
      "c": 34.65044699058932,
      "t": 813.6809306541306
    },
    "eu_b": {
      "c": 27.62428973767084,
      "t": 515.8812409920472
    },
    "eu_a": {
      "c": 7.704296644544313,
      "t": 515.8812409920472
    },
    "eu_g": {
      "c": 40.21865592227728,
      "t": 515.8812409920472
    },
    "im_t": {
      "c": 73.35052203016858,
      "t": 1162.9799684065629
    },
    "im_b": {
      "c": 73.35052203016858,
      "t": 0
    },
    "p_im": {
      "c": 73.35052203016858,
      "t": 754.2186702558994
    },
    "p_l": {
      "c": 87.46434067826193,
      "t": 754.2186702558994
    },
    "p_d": {
      "c": 83.32068087856247,
      "t": 754.2186702558994
    },
    "e2_d": {
      "c": 83.78642678960341,
      "t": 650.263579219634
    },
    "e2_l": {
      "c": 91.8481377697436,
      "t": 650.263579219634
    },
    "e2_e": {
      "c": 95.86857995743279,
      "t": 650.263579219634
    },
    "t_a": {
      "c": 0.33384323192705945,
      "t": 0
    },
    "t_g_l": {
      "c": 39.7820807422593,
      "t": 0
    },
    "t_g_r": {
      "c": 69.14728955480973,
      "t": 0
    },
    "t_d": {
      "c": 79.72169941951523,
      "t": 0
    },
    "t_e": {
      "c": 96.73832768243598,
      "t": 0
    }
  },
  "curves": {
    "L_1": {
      "start": "tmA",
      "end": "e1_l",
      "type": "liquidus",
      "power": 0.8
    },
    "L_2": {
      "start": "e1_l",
      "end": "im_t",
      "type": "liquidus",
      "power": 1.2
    },
    "L_3": {
      "start": "im_t",
      "end": "p_l",
      "type": "liquidus",
      "power": 0.9
    },
    "L_4": {
      "start": "p_l",
      "end": "e2_l",
      "type": "liquidus",
      "power": 1.1
    },
    "L_5": {
      "start": "e2_l",
      "end": "tmB",
      "type": "liquidus",
      "power": 0.8
    },
    "S_a": {
      "start": "tmA",
      "end": "e1_a",
      "type": "solidus",
      "power": 1.2
    },
    "S_e": {
      "start": "tmB",
      "end": "e2_e",
      "type": "solidus",
      "power": 1.1
    },
    "sol_a": {
      "start": "e1_a",
      "end": "eu_a",
      "type": "solvus",
      "power": 2.0
    },
    "sol_a_bot": {
      "start": "eu_a",
      "end": "t_a",
      "type": "solvus",
      "power": 1.5
    },
    "sol_e": {
      "start": "e2_e",
      "end": "t_e",
      "type": "solvus",
      "power": 1.8
    },
    "i_e1": {
      "start": "e1_a",
      "end": "e1_b",
      "type": "horizontal"
    },
    "i_eu": {
      "start": "eu_a",
      "end": "eu_g",
      "type": "horizontal"
    },
    "i_p": {
      "start": "p_im",
      "end": "p_l",
      "type": "horizontal"
    },
    "i_e2": {
      "start": "e2_d",
      "end": "e2_e",
      "type": "horizontal"
    },
    "im_vert": {
      "start": "im_t",
      "end": "im_b",
      "type": "vertical"
    }
  },
  "regions": {
    "R_a": {
      "type": "single-phase",
      "phase_name": "\u03b1",
      "label": {
        "text": "\u03b1",
        "c": 4,
        "t": 600
      },
      "bounding_curves": [
        {
          "id": "S_a",
          "dir": 1
        },
        {
          "id": "sol_a",
          "dir": 1
        },
        {
          "id": "sol_a_bot",
          "dir": 1
        },
        {
          "id": "bot_a",
          "dir": -1
        },
        {
          "id": "e_L",
          "dir": 1
        }
      ]
    }
  }
}