{
  "metadata": {
    "id": "final_boss_497",
    "axes": {
      "c_max": 100,
      "t_max": 1200
    }
  },
  "nodes": {
    "tmA": {
      "c": 0,
      "t": 1082
    },
    "tmB": {
      "c": 100,
      "t": 1059
    },
    "e1_a": {
      "c": 10.237600646011023,
      "t": 922.6983941442134
    },
    "e1_l": {
      "c": 26.039208778050728,
      "t": 922.6983941442134
    },
    "e1_b": {
      "c": 35.36420119460141,
      "t": 922.6983941442134
    },
    "eu_b": {
      "c": 28.52921494933561,
      "t": 552.5256875768799
    },
    "eu_a": {
      "c": 4.862055626096444,
      "t": 552.5256875768799
    },
    "eu_g": {
      "c": 35.21927012324383,
      "t": 552.5256875768799
    },
    "im_t": {
      "c": 55.43442465686135,
      "t": 1155.279717107495
    },
    "im_b": {
      "c": 55.43442465686135,
      "t": 0
    },
    "p_im": {
      "c": 55.43442465686135,
      "t": 984.3312422398802
    },
    "p_l": {
      "c": 82.2317383258731,
      "t": 984.3312422398802
    },
    "p_d": {
      "c": 77.667678649543,
      "t": 984.3312422398802
    },
    "e2_d": {
      "c": 78.47926240389198,
      "t": 748.5082716109083
    },
    "e2_l": {
      "c": 84.47761189665476,
      "t": 748.5082716109083
    },
    "e2_e": {
      "c": 91.25649217372661,
      "t": 748.5082716109083
    },
    "t_a": {
      "c": 1.2378029890796252,
      "t": 0
    },
    "t_g_l": {
      "c": 35.210385763699506,
      "t": 0
    },
    "t_g_r": {
      "c": 52.26232111852046,
      "t": 0
    },
    "t_d": {
      "c": 75.80806197655204,
      "t": 0
    },
    "t_e": {
      "c": 98.9100645539687,
      "t": 0
    }
  },
  "curves": {
    "L_1": {
      "start": "tmA",
      "end": "e1_l",
      "type": "liquidus",
      "power": 0.8
    },
    "L_2": {
      "start": "e1_l",
      "end": "im_t",
      "type": "liquidus",
      "power": 1.2
    },
    "L_3": {
      "start": "im_t",
      "end": "p_l",
      "type": "liquidus",
      "power": 0.9
    },
    "L_4": {
      "start": "p_l",
      "end": "e2_l",
      "type": "liquidus",
      "power": 1.1
    },
    "L_5": {
      "start": "e2_l",
      "end": "tmB",
      "type": "liquidus",
      "power": 0.8
    },
    "S_a": {
      "start": "tmA",
      "end": "e1_a",
      "type": "solidus",
      "power": 1.2
    },
    "S_e": {
      "start": "tmB",
      "end": "e2_e",
      "type": "solidus",
      "power": 1.1
    },
    "sol_a": {
      "start": "e1_a",
      "end": "eu_a",
      "type": "solvus",
      "power": 2.0
    },
    "sol_a_bot": {
      "start": "eu_a",
      "end": "t_a",
      "type": "solvus",
      "power": 1.5
    },
    "sol_e": {
      "start": "e2_e",
      "end": "t_e",
      "type": "solvus",
      "power": 1.8
    },
    "i_e1": {
      "start": "e1_a",
      "end": "e1_b",
      "type": "horizontal"
    },
    "i_eu": {
      "start": "eu_a",
      "end": "eu_g",
      "type": "horizontal"
    },
    "i_p": {
      "start": "p_im",
      "end": "p_l",
      "type": "horizontal"
    },
    "i_e2": {
      "start": "e2_d",
      "end": "e2_e",
      "type": "horizontal"
    },
    "im_vert": {
      "start": "im_t",
      "end": "im_b",
      "type": "vertical"
    }
  },
  "regions": {
    "R_a": {
      "type": "single-phase",
      "phase_name": "\u03b1",
      "label": {
        "text": "\u03b1",
        "c": 4,
        "t": 600
      },
      "bounding_curves": [
        {
          "id": "S_a",
          "dir": 1
        },
        {
          "id": "sol_a",
          "dir": 1
        },
        {
          "id": "sol_a_bot",
          "dir": 1
        },
        {
          "id": "bot_a",
          "dir": -1
        },
        {
          "id": "e_L",
          "dir": 1
        }
      ]
    }
  }
}