{
  "metadata": {
    "id": "final_boss_14",
    "axes": {
      "c_max": 100,
      "t_max": 1200
    }
  },
  "nodes": {
    "tmA": {
      "c": 0,
      "t": 1101
    },
    "tmB": {
      "c": 100,
      "t": 1144
    },
    "e1_a": {
      "c": 9.43723203302151,
      "t": 832.8986703908843
    },
    "e1_l": {
      "c": 21.11704013358213,
      "t": 832.8986703908843
    },
    "e1_b": {
      "c": 33.797269645496975,
      "t": 832.8986703908843
    },
    "eu_b": {
      "c": 27.316548398904683,
      "t": 662.858688826323
    },
    "eu_a": {
      "c": 5.219621707611834,
      "t": 662.858688826323
    },
    "eu_g": {
      "c": 32.37837282135357,
      "t": 662.858688826323
    },
    "im_t": {
      "c": 51.203742338857566,
      "t": 1085.471842272657
    },
    "im_b": {
      "c": 51.203742338857566,
      "t": 0
    },
    "p_im": {
      "c": 51.203742338857566,
      "t": 962.5341775883595
    },
    "p_l": {
      "c": 77.87071090039221,
      "t": 962.5341775883595
    },
    "p_d": {
      "c": 62.20353355815788,
      "t": 962.5341775883595
    },
    "e2_d": {
      "c": 71.85918698975757,
      "t": 531.5832016499328
    },
    "e2_l": {
      "c": 77.25519520944286,
      "t": 531.5832016499328
    },
    "e2_e": {
      "c": 89.86121833907627,
      "t": 531.5832016499328
    },
    "t_a": {
      "c": 1.8891353811347429,
      "t": 0
    },
    "t_g_l": {
      "c": 31.25002732092927,
      "t": 0
    },
    "t_g_r": {
      "c": 47.14592229193174,
      "t": 0
    },
    "t_d": {
      "c": 62.338034771542446,
      "t": 0
    },
    "t_e": {
      "c": 95.17761359828667,
      "t": 0
    }
  },
  "curves": {
    "L_1": {
      "start": "tmA",
      "end": "e1_l",
      "type": "liquidus",
      "power": 0.8
    },
    "L_2": {
      "start": "e1_l",
      "end": "im_t",
      "type": "liquidus",
      "power": 1.2
    },
    "L_3": {
      "start": "im_t",
      "end": "p_l",
      "type": "liquidus",
      "power": 0.9
    },
    "L_4": {
      "start": "p_l",
      "end": "e2_l",
      "type": "liquidus",
      "power": 1.1
    },
    "L_5": {
      "start": "e2_l",
      "end": "tmB",
      "type": "liquidus",
      "power": 0.8
    },
    "S_a": {
      "start": "tmA",
      "end": "e1_a",
      "type": "solidus",
      "power": 1.2
    },
    "S_e": {
      "start": "tmB",
      "end": "e2_e",
      "type": "solidus",
      "power": 1.1
    },
    "sol_a": {
      "start": "e1_a",
      "end": "eu_a",
      "type": "solvus",
      "power": 2.0
    },
    "sol_a_bot": {
      "start": "eu_a",
      "end": "t_a",
      "type": "solvus",
      "power": 1.5
    },
    "sol_e": {
      "start": "e2_e",
      "end": "t_e",
      "type": "solvus",
      "power": 1.8
    },
    "i_e1": {
      "start": "e1_a",
      "end": "e1_b",
      "type": "horizontal"
    },
    "i_eu": {
      "start": "eu_a",
      "end": "eu_g",
      "type": "horizontal"
    },
    "i_p": {
      "start": "p_im",
      "end": "p_l",
      "type": "horizontal"
    },
    "i_e2": {
      "start": "e2_d",
      "end": "e2_e",
      "type": "horizontal"
    },
    "im_vert": {
      "start": "im_t",
      "end": "im_b",
      "type": "vertical"
    }
  },
  "regions": {
    "R_a": {
      "type": "single-phase",
      "phase_name": "\u03b1",
      "label": {
        "text": "\u03b1",
        "c": 4,
        "t": 600
      },
      "bounding_curves": [
        {
          "id": "S_a",
          "dir": 1
        },
        {
          "id": "sol_a",
          "dir": 1
        },
        {
          "id": "sol_a_bot",
          "dir": 1
        },
        {
          "id": "bot_a",
          "dir": -1
        },
        {
          "id": "e_L",
          "dir": 1
        }
      ]
    }
  }
}