{
  "metadata": {
    "id": "final_boss_204",
    "axes": {
      "c_max": 100,
      "t_max": 1200
    }
  },
  "nodes": {
    "tmA": {
      "c": 0,
      "t": 1099
    },
    "tmB": {
      "c": 100,
      "t": 1044
    },
    "e1_a": {
      "c": 14.308758323828394,
      "t": 902.0838584084363
    },
    "e1_l": {
      "c": 29.626752565484498,
      "t": 902.0838584084363
    },
    "e1_b": {
      "c": 43.41945350411231,
      "t": 902.0838584084363
    },
    "eu_b": {
      "c": 37.938978982727036,
      "t": 567.5628596349004
    },
    "eu_a": {
      "c": 8.489592806237852,
      "t": 567.5628596349004
    },
    "eu_g": {
      "c": 47.593927534311376,
      "t": 567.5628596349004
    },
    "im_t": {
      "c": 71.20598720473643,
      "t": 966.9846930254427
    },
    "im_b": {
      "c": 71.20598720473643,
      "t": 0
    },
    "p_im": {
      "c": 71.20598720473643,
      "t": 819.9595256446408
    },
    "p_l": {
      "c": 81.29299907869881,
      "t": 819.9595256446408
    },
    "p_d": {
      "c": 77.19272691168372,
      "t": 819.9595256446408
    },
    "e2_d": {
      "c": 79.03612944355288,
      "t": 467.07106872090463
    },
    "e2_l": {
      "c": 85.11191590360501,
      "t": 467.07106872090463
    },
    "e2_e": {
      "c": 90.18066782290073,
      "t": 467.07106872090463
    },
    "t_a": {
      "c": 3.502745750356912,
      "t": 0
    },
    "t_g_l": {
      "c": 45.57568070144546,
      "t": 0
    },
    "t_g_r": {
      "c": 67.89912796230038,
      "t": 0
    },
    "t_d": {
      "c": 75.87812464863103,
      "t": 0
    },
    "t_e": {
      "c": 97.36168505665248,
      "t": 0
    }
  },
  "curves": {
    "L_1": {
      "start": "tmA",
      "end": "e1_l",
      "type": "liquidus",
      "power": 0.8
    },
    "L_2": {
      "start": "e1_l",
      "end": "im_t",
      "type": "liquidus",
      "power": 1.2
    },
    "L_3": {
      "start": "im_t",
      "end": "p_l",
      "type": "liquidus",
      "power": 0.9
    },
    "L_4": {
      "start": "p_l",
      "end": "e2_l",
      "type": "liquidus",
      "power": 1.1
    },
    "L_5": {
      "start": "e2_l",
      "end": "tmB",
      "type": "liquidus",
      "power": 0.8
    },
    "S_a": {
      "start": "tmA",
      "end": "e1_a",
      "type": "solidus",
      "power": 1.2
    },
    "S_e": {
      "start": "tmB",
      "end": "e2_e",
      "type": "solidus",
      "power": 1.1
    },
    "sol_a": {
      "start": "e1_a",
      "end": "eu_a",
      "type": "solvus",
      "power": 2.0
    },
    "sol_a_bot": {
      "start": "eu_a",
      "end": "t_a",
      "type": "solvus",
      "power": 1.5
    },
    "sol_e": {
      "start": "e2_e",
      "end": "t_e",
      "type": "solvus",
      "power": 1.8
    },
    "i_e1": {
      "start": "e1_a",
      "end": "e1_b",
      "type": "horizontal"
    },
    "i_eu": {
      "start": "eu_a",
      "end": "eu_g",
      "type": "horizontal"
    },
    "i_p": {
      "start": "p_im",
      "end": "p_l",
      "type": "horizontal"
    },
    "i_e2": {
      "start": "e2_d",
      "end": "e2_e",
      "type": "horizontal"
    },
    "im_vert": {
      "start": "im_t",
      "end": "im_b",
      "type": "vertical"
    }
  },
  "regions": {
    "R_a": {
      "type": "single-phase",
      "phase_name": "\u03b1",
      "label": {
        "text": "\u03b1",
        "c": 4,
        "t": 600
      },
      "bounding_curves": [
        {
          "id": "S_a",
          "dir": 1
        },
        {
          "id": "sol_a",
          "dir": 1
        },
        {
          "id": "sol_a_bot",
          "dir": 1
        },
        {
          "id": "bot_a",
          "dir": -1
        },
        {
          "id": "e_L",
          "dir": 1
        }
      ]
    }
  }
}