{
  "metadata": {
    "id": "final_boss_129",
    "axes": {
      "c_max": 100,
      "t_max": 1200
    }
  },
  "nodes": {
    "tmA": {
      "c": 0,
      "t": 1131
    },
    "tmB": {
      "c": 100,
      "t": 1080
    },
    "e1_a": {
      "c": 19.033679214891897,
      "t": 828.0840839045675
    },
    "e1_l": {
      "c": 33.90085678925739,
      "t": 828.0840839045675
    },
    "e1_b": {
      "c": 43.18291865549567,
      "t": 828.0840839045675
    },
    "eu_b": {
      "c": 37.333163228816424,
      "t": 535.9331542463593
    },
    "eu_a": {
      "c": 16.58726534073007,
      "t": 535.9331542463593
    },
    "eu_g": {
      "c": 46.518440018320234,
      "t": 535.9331542463593
    },
    "im_t": {
      "c": 59.36386000694049,
      "t": 1161.3527376827283
    },
    "im_b": {
      "c": 59.36386000694049,
      "t": 0
    },
    "p_im": {
      "c": 59.36386000694049,
      "t": 1058.1746146315465
    },
    "p_l": {
      "c": 85.16684139768319,
      "t": 1058.1746146315465
    },
    "p_d": {
      "c": 70.03165100034207,
      "t": 1058.1746146315465
    },
    "e2_d": {
      "c": 78.28736169667172,
      "t": 698.6692531974217
    },
    "e2_l": {
      "c": 88.927050969882,
      "t": 698.6692531974217
    },
    "e2_e": {
      "c": 95.70520326333329,
      "t": 698.6692531974217
    },
    "t_a": {
      "c": 2.4181924670845665,
      "t": 0
    },
    "t_g_l": {
      "c": 43.95911936599146,
      "t": 0
    },
    "t_g_r": {
      "c": 50.39597826097741,
      "t": 0
    },
    "t_d": {
      "c": 74.636797283568,
      "t": 0
    },
    "t_e": {
      "c": 97.95172176240749,
      "t": 0
    }
  },
  "curves": {
    "L_1": {
      "start": "tmA",
      "end": "e1_l",
      "type": "liquidus",
      "power": 0.8
    },
    "L_2": {
      "start": "e1_l",
      "end": "im_t",
      "type": "liquidus",
      "power": 1.2
    },
    "L_3": {
      "start": "im_t",
      "end": "p_l",
      "type": "liquidus",
      "power": 0.9
    },
    "L_4": {
      "start": "p_l",
      "end": "e2_l",
      "type": "liquidus",
      "power": 1.1
    },
    "L_5": {
      "start": "e2_l",
      "end": "tmB",
      "type": "liquidus",
      "power": 0.8
    },
    "S_a": {
      "start": "tmA",
      "end": "e1_a",
      "type": "solidus",
      "power": 1.2
    },
    "S_e": {
      "start": "tmB",
      "end": "e2_e",
      "type": "solidus",
      "power": 1.1
    },
    "sol_a": {
      "start": "e1_a",
      "end": "eu_a",
      "type": "solvus",
      "power": 2.0
    },
    "sol_a_bot": {
      "start": "eu_a",
      "end": "t_a",
      "type": "solvus",
      "power": 1.5
    },
    "sol_e": {
      "start": "e2_e",
      "end": "t_e",
      "type": "solvus",
      "power": 1.8
    },
    "i_e1": {
      "start": "e1_a",
      "end": "e1_b",
      "type": "horizontal"
    },
    "i_eu": {
      "start": "eu_a",
      "end": "eu_g",
      "type": "horizontal"
    },
    "i_p": {
      "start": "p_im",
      "end": "p_l",
      "type": "horizontal"
    },
    "i_e2": {
      "start": "e2_d",
      "end": "e2_e",
      "type": "horizontal"
    },
    "im_vert": {
      "start": "im_t",
      "end": "im_b",
      "type": "vertical"
    }
  },
  "regions": {
    "R_a": {
      "type": "single-phase",
      "phase_name": "\u03b1",
      "label": {
        "text": "\u03b1",
        "c": 4,
        "t": 600
      },
      "bounding_curves": [
        {
          "id": "S_a",
          "dir": 1
        },
        {
          "id": "sol_a",
          "dir": 1
        },
        {
          "id": "sol_a_bot",
          "dir": 1
        },
        {
          "id": "bot_a",
          "dir": -1
        },
        {
          "id": "e_L",
          "dir": 1
        }
      ]
    }
  }
}