{
  "metadata": {
    "id": "final_boss_427",
    "axes": {
      "c_max": 100,
      "t_max": 1200
    }
  },
  "nodes": {
    "tmA": {
      "c": 0,
      "t": 1050
    },
    "tmB": {
      "c": 100,
      "t": 1070
    },
    "e1_a": {
      "c": 15.14151084029331,
      "t": 925.8075123359887
    },
    "e1_l": {
      "c": 34.49096740776058,
      "t": 925.8075123359887
    },
    "e1_b": {
      "c": 48.406974152491316,
      "t": 925.8075123359887
    },
    "eu_b": {
      "c": 44.64457384782803,
      "t": 688.2940690668986
    },
    "eu_a": {
      "c": 8.033690543328671,
      "t": 688.2940690668986
    },
    "eu_g": {
      "c": 56.85761034444746,
      "t": 688.2940690668986
    },
    "im_t": {
      "c": 71.82678116950969,
      "t": 1142.6758861749672
    },
    "im_b": {
      "c": 71.82678116950969,
      "t": 0
    },
    "p_im": {
      "c": 71.82678116950969,
      "t": 930.1133445257814
    },
    "p_l": {
      "c": 87.88711482833854,
      "t": 930.1133445257814
    },
    "p_d": {
      "c": 75.11193384893838,
      "t": 930.1133445257814
    },
    "e2_d": {
      "c": 82.82797753167664,
      "t": 716.6156555283364
    },
    "e2_l": {
      "c": 91.6022612874282,
      "t": 716.6156555283364
    },
    "e2_e": {
      "c": 95.99955226096239,
      "t": 716.6156555283364
    },
    "t_a": {
      "c": 1.6801243767704348,
      "t": 0
    },
    "t_g_l": {
      "c": 56.77558157674539,
      "t": 0
    },
    "t_g_r": {
      "c": 64.38118741336682,
      "t": 0
    },
    "t_d": {
      "c": 77.9193333878442,
      "t": 0
    },
    "t_e": {
      "c": 98.14082383514314,
      "t": 0
    }
  },
  "curves": {
    "L_1": {
      "start": "tmA",
      "end": "e1_l",
      "type": "liquidus",
      "power": 0.8
    },
    "L_2": {
      "start": "e1_l",
      "end": "im_t",
      "type": "liquidus",
      "power": 1.2
    },
    "L_3": {
      "start": "im_t",
      "end": "p_l",
      "type": "liquidus",
      "power": 0.9
    },
    "L_4": {
      "start": "p_l",
      "end": "e2_l",
      "type": "liquidus",
      "power": 1.1
    },
    "L_5": {
      "start": "e2_l",
      "end": "tmB",
      "type": "liquidus",
      "power": 0.8
    },
    "S_a": {
      "start": "tmA",
      "end": "e1_a",
      "type": "solidus",
      "power": 1.2
    },
    "S_e": {
      "start": "tmB",
      "end": "e2_e",
      "type": "solidus",
      "power": 1.1
    },
    "sol_a": {
      "start": "e1_a",
      "end": "eu_a",
      "type": "solvus",
      "power": 2.0
    },
    "sol_a_bot": {
      "start": "eu_a",
      "end": "t_a",
      "type": "solvus",
      "power": 1.5
    },
    "sol_e": {
      "start": "e2_e",
      "end": "t_e",
      "type": "solvus",
      "power": 1.8
    },
    "i_e1": {
      "start": "e1_a",
      "end": "e1_b",
      "type": "horizontal"
    },
    "i_eu": {
      "start": "eu_a",
      "end": "eu_g",
      "type": "horizontal"
    },
    "i_p": {
      "start": "p_im",
      "end": "p_l",
      "type": "horizontal"
    },
    "i_e2": {
      "start": "e2_d",
      "end": "e2_e",
      "type": "horizontal"
    },
    "im_vert": {
      "start": "im_t",
      "end": "im_b",
      "type": "vertical"
    }
  },
  "regions": {
    "R_a": {
      "type": "single-phase",
      "phase_name": "\u03b1",
      "label": {
        "text": "\u03b1",
        "c": 4,
        "t": 600
      },
      "bounding_curves": [
        {
          "id": "S_a",
          "dir": 1
        },
        {
          "id": "sol_a",
          "dir": 1
        },
        {
          "id": "sol_a_bot",
          "dir": 1
        },
        {
          "id": "bot_a",
          "dir": -1
        },
        {
          "id": "e_L",
          "dir": 1
        }
      ]
    }
  }
}