{
  "metadata": {
    "id": "final_boss_225",
    "axes": {
      "c_max": 100,
      "t_max": 1200
    }
  },
  "nodes": {
    "tmA": {
      "c": 0,
      "t": 1071
    },
    "tmB": {
      "c": 100,
      "t": 1135
    },
    "e1_a": {
      "c": 11.150271590482335,
      "t": 884.1283715034516
    },
    "e1_l": {
      "c": 26.897805555456067,
      "t": 884.1283715034516
    },
    "e1_b": {
      "c": 37.96184278668433,
      "t": 884.1283715034516
    },
    "eu_b": {
      "c": 34.94120509259355,
      "t": 671.4822695143314
    },
    "eu_a": {
      "c": 8.221642927689647,
      "t": 671.4822695143314
    },
    "eu_g": {
      "c": 41.3727630191469,
      "t": 671.4822695143314
    },
    "im_t": {
      "c": 51.648977957621064,
      "t": 964.3741016926516
    },
    "im_b": {
      "c": 51.648977957621064,
      "t": 0
    },
    "p_im": {
      "c": 51.648977957621064,
      "t": 833.6973897469439
    },
    "p_l": {
      "c": 83.11631690448444,
      "t": 833.6973897469439
    },
    "p_d": {
      "c": 60.64752403109107,
      "t": 833.6973897469439
    },
    "e2_d": {
      "c": 63.08975205609093,
      "t": 468.21511023473647
    },
    "e2_l": {
      "c": 69.24103326942709,
      "t": 468.21511023473647
    },
    "e2_e": {
      "c": 95.07124832166208,
      "t": 468.21511023473647
    },
    "t_a": {
      "c": 6.197607712991288,
      "t": 0
    },
    "t_g_l": {
      "c": 39.3040401129097,
      "t": 0
    },
    "t_g_r": {
      "c": 47.02143335403453,
      "t": 0
    },
    "t_d": {
      "c": 59.01301660009754,
      "t": 0
    },
    "t_e": {
      "c": 98.74487767703452,
      "t": 0
    }
  },
  "curves": {
    "L_1": {
      "start": "tmA",
      "end": "e1_l",
      "type": "liquidus",
      "power": 0.8
    },
    "L_2": {
      "start": "e1_l",
      "end": "im_t",
      "type": "liquidus",
      "power": 1.2
    },
    "L_3": {
      "start": "im_t",
      "end": "p_l",
      "type": "liquidus",
      "power": 0.9
    },
    "L_4": {
      "start": "p_l",
      "end": "e2_l",
      "type": "liquidus",
      "power": 1.1
    },
    "L_5": {
      "start": "e2_l",
      "end": "tmB",
      "type": "liquidus",
      "power": 0.8
    },
    "S_a": {
      "start": "tmA",
      "end": "e1_a",
      "type": "solidus",
      "power": 1.2
    },
    "S_e": {
      "start": "tmB",
      "end": "e2_e",
      "type": "solidus",
      "power": 1.1
    },
    "sol_a": {
      "start": "e1_a",
      "end": "eu_a",
      "type": "solvus",
      "power": 2.0
    },
    "sol_a_bot": {
      "start": "eu_a",
      "end": "t_a",
      "type": "solvus",
      "power": 1.5
    },
    "sol_e": {
      "start": "e2_e",
      "end": "t_e",
      "type": "solvus",
      "power": 1.8
    },
    "i_e1": {
      "start": "e1_a",
      "end": "e1_b",
      "type": "horizontal"
    },
    "i_eu": {
      "start": "eu_a",
      "end": "eu_g",
      "type": "horizontal"
    },
    "i_p": {
      "start": "p_im",
      "end": "p_l",
      "type": "horizontal"
    },
    "i_e2": {
      "start": "e2_d",
      "end": "e2_e",
      "type": "horizontal"
    },
    "im_vert": {
      "start": "im_t",
      "end": "im_b",
      "type": "vertical"
    }
  },
  "regions": {
    "R_a": {
      "type": "single-phase",
      "phase_name": "\u03b1",
      "label": {
        "text": "\u03b1",
        "c": 4,
        "t": 600
      },
      "bounding_curves": [
        {
          "id": "S_a",
          "dir": 1
        },
        {
          "id": "sol_a",
          "dir": 1
        },
        {
          "id": "sol_a_bot",
          "dir": 1
        },
        {
          "id": "bot_a",
          "dir": -1
        },
        {
          "id": "e_L",
          "dir": 1
        }
      ]
    }
  }
}