{
  "metadata": {
    "id": "final_boss_412",
    "axes": {
      "c_max": 100,
      "t_max": 1200
    }
  },
  "nodes": {
    "tmA": {
      "c": 0,
      "t": 1143
    },
    "tmB": {
      "c": 100,
      "t": 1137
    },
    "e1_a": {
      "c": 19.214828465242423,
      "t": 911.4441657211031
    },
    "e1_l": {
      "c": 38.655491428801184,
      "t": 911.4441657211031
    },
    "e1_b": {
      "c": 51.3575586127376,
      "t": 911.4441657211031
    },
    "eu_b": {
      "c": 41.69399124945924,
      "t": 762.7045578911882
    },
    "eu_a": {
      "c": 5.721207455832032,
      "t": 762.7045578911882
    },
    "eu_g": {
      "c": 49.58177092105915,
      "t": 762.7045578911882
    },
    "im_t": {
      "c": 65.44720143879228,
      "t": 1106.975153951727
    },
    "im_b": {
      "c": 65.44720143879228,
      "t": 0
    },
    "p_im": {
      "c": 65.44720143879228,
      "t": 793.2506682244231
    },
    "p_l": {
      "c": 83.67718085514456,
      "t": 793.2506682244231
    },
    "p_d": {
      "c": 71.99038718101906,
      "t": 793.2506682244231
    },
    "e2_d": {
      "c": 77.76409546738354,
      "t": 696.4716912939375
    },
    "e2_l": {
      "c": 84.56426165334352,
      "t": 696.4716912939375
    },
    "e2_e": {
      "c": 92.43884596355349,
      "t": 696.4716912939375
    },
    "t_a": {
      "c": 3.9728082145239285,
      "t": 0
    },
    "t_g_l": {
      "c": 46.97142006458978,
      "t": 0
    },
    "t_g_r": {
      "c": 53.60396183056031,
      "t": 0
    },
    "t_d": {
      "c": 73.951730874114,
      "t": 0
    },
    "t_e": {
      "c": 97.50705888055182,
      "t": 0
    }
  },
  "curves": {
    "L_1": {
      "start": "tmA",
      "end": "e1_l",
      "type": "liquidus",
      "power": 0.8
    },
    "L_2": {
      "start": "e1_l",
      "end": "im_t",
      "type": "liquidus",
      "power": 1.2
    },
    "L_3": {
      "start": "im_t",
      "end": "p_l",
      "type": "liquidus",
      "power": 0.9
    },
    "L_4": {
      "start": "p_l",
      "end": "e2_l",
      "type": "liquidus",
      "power": 1.1
    },
    "L_5": {
      "start": "e2_l",
      "end": "tmB",
      "type": "liquidus",
      "power": 0.8
    },
    "S_a": {
      "start": "tmA",
      "end": "e1_a",
      "type": "solidus",
      "power": 1.2
    },
    "S_e": {
      "start": "tmB",
      "end": "e2_e",
      "type": "solidus",
      "power": 1.1
    },
    "sol_a": {
      "start": "e1_a",
      "end": "eu_a",
      "type": "solvus",
      "power": 2.0
    },
    "sol_a_bot": {
      "start": "eu_a",
      "end": "t_a",
      "type": "solvus",
      "power": 1.5
    },
    "sol_e": {
      "start": "e2_e",
      "end": "t_e",
      "type": "solvus",
      "power": 1.8
    },
    "i_e1": {
      "start": "e1_a",
      "end": "e1_b",
      "type": "horizontal"
    },
    "i_eu": {
      "start": "eu_a",
      "end": "eu_g",
      "type": "horizontal"
    },
    "i_p": {
      "start": "p_im",
      "end": "p_l",
      "type": "horizontal"
    },
    "i_e2": {
      "start": "e2_d",
      "end": "e2_e",
      "type": "horizontal"
    },
    "im_vert": {
      "start": "im_t",
      "end": "im_b",
      "type": "vertical"
    }
  },
  "regions": {
    "R_a": {
      "type": "single-phase",
      "phase_name": "\u03b1",
      "label": {
        "text": "\u03b1",
        "c": 4,
        "t": 600
      },
      "bounding_curves": [
        {
          "id": "S_a",
          "dir": 1
        },
        {
          "id": "sol_a",
          "dir": 1
        },
        {
          "id": "sol_a_bot",
          "dir": 1
        },
        {
          "id": "bot_a",
          "dir": -1
        },
        {
          "id": "e_L",
          "dir": 1
        }
      ]
    }
  }
}