{
  "metadata": {
    "id": "final_boss_413",
    "axes": {
      "c_max": 100,
      "t_max": 1200
    }
  },
  "nodes": {
    "tmA": {
      "c": 0,
      "t": 1132
    },
    "tmB": {
      "c": 100,
      "t": 1094
    },
    "e1_a": {
      "c": 12.578391203236873,
      "t": 826.2555565087332
    },
    "e1_l": {
      "c": 25.259457451850086,
      "t": 826.2555565087332
    },
    "e1_b": {
      "c": 36.58725286827785,
      "t": 826.2555565087332
    },
    "eu_b": {
      "c": 33.85609019364894,
      "t": 528.6217618674469
    },
    "eu_a": {
      "c": 10.498958032217578,
      "t": 528.6217618674469
    },
    "eu_g": {
      "c": 41.67682280723531,
      "t": 528.6217618674469
    },
    "im_t": {
      "c": 62.64405141985073,
      "t": 1093.9678642204315
    },
    "im_b": {
      "c": 62.64405141985073,
      "t": 0
    },
    "p_im": {
      "c": 62.64405141985073,
      "t": 858.5666292970818
    },
    "p_l": {
      "c": 85.21000628852094,
      "t": 858.5666292970818
    },
    "p_d": {
      "c": 66.65243493610626,
      "t": 858.5666292970818
    },
    "e2_d": {
      "c": 76.58522594583478,
      "t": 703.3432055976573
    },
    "e2_l": {
      "c": 88.03867278672395,
      "t": 703.3432055976573
    },
    "e2_e": {
      "c": 95.32494573444336,
      "t": 703.3432055976573
    },
    "t_a": {
      "c": 5.121095961363703,
      "t": 0
    },
    "t_g_l": {
      "c": 41.142003408347755,
      "t": 0
    },
    "t_g_r": {
      "c": 57.655649722841474,
      "t": 0
    },
    "t_d": {
      "c": 73.81123402826391,
      "t": 0
    },
    "t_e": {
      "c": 99.03348251809743,
      "t": 0
    }
  },
  "curves": {
    "L_1": {
      "start": "tmA",
      "end": "e1_l",
      "type": "liquidus",
      "power": 0.8
    },
    "L_2": {
      "start": "e1_l",
      "end": "im_t",
      "type": "liquidus",
      "power": 1.2
    },
    "L_3": {
      "start": "im_t",
      "end": "p_l",
      "type": "liquidus",
      "power": 0.9
    },
    "L_4": {
      "start": "p_l",
      "end": "e2_l",
      "type": "liquidus",
      "power": 1.1
    },
    "L_5": {
      "start": "e2_l",
      "end": "tmB",
      "type": "liquidus",
      "power": 0.8
    },
    "S_a": {
      "start": "tmA",
      "end": "e1_a",
      "type": "solidus",
      "power": 1.2
    },
    "S_e": {
      "start": "tmB",
      "end": "e2_e",
      "type": "solidus",
      "power": 1.1
    },
    "sol_a": {
      "start": "e1_a",
      "end": "eu_a",
      "type": "solvus",
      "power": 2.0
    },
    "sol_a_bot": {
      "start": "eu_a",
      "end": "t_a",
      "type": "solvus",
      "power": 1.5
    },
    "sol_e": {
      "start": "e2_e",
      "end": "t_e",
      "type": "solvus",
      "power": 1.8
    },
    "i_e1": {
      "start": "e1_a",
      "end": "e1_b",
      "type": "horizontal"
    },
    "i_eu": {
      "start": "eu_a",
      "end": "eu_g",
      "type": "horizontal"
    },
    "i_p": {
      "start": "p_im",
      "end": "p_l",
      "type": "horizontal"
    },
    "i_e2": {
      "start": "e2_d",
      "end": "e2_e",
      "type": "horizontal"
    },
    "im_vert": {
      "start": "im_t",
      "end": "im_b",
      "type": "vertical"
    }
  },
  "regions": {
    "R_a": {
      "type": "single-phase",
      "phase_name": "\u03b1",
      "label": {
        "text": "\u03b1",
        "c": 4,
        "t": 600
      },
      "bounding_curves": [
        {
          "id": "S_a",
          "dir": 1
        },
        {
          "id": "sol_a",
          "dir": 1
        },
        {
          "id": "sol_a_bot",
          "dir": 1
        },
        {
          "id": "bot_a",
          "dir": -1
        },
        {
          "id": "e_L",
          "dir": 1
        }
      ]
    }
  }
}