{
  "metadata": {
    "id": "final_boss_402",
    "axes": {
      "c_max": 100,
      "t_max": 1200
    }
  },
  "nodes": {
    "tmA": {
      "c": 0,
      "t": 1135
    },
    "tmB": {
      "c": 100,
      "t": 1065
    },
    "e1_a": {
      "c": 10.62234346755862,
      "t": 840.3408650614402
    },
    "e1_l": {
      "c": 20.624596924799764,
      "t": 840.3408650614402
    },
    "e1_b": {
      "c": 33.199053184353545,
      "t": 840.3408650614402
    },
    "eu_b": {
      "c": 26.973656940199156,
      "t": 721.4127680170366
    },
    "eu_a": {
      "c": 5.515178100203068,
      "t": 721.4127680170366
    },
    "eu_g": {
      "c": 34.62644610387829,
      "t": 721.4127680170366
    },
    "im_t": {
      "c": 67.81380146835737,
      "t": 1175.790279475008
    },
    "im_b": {
      "c": 67.81380146835737,
      "t": 0
    },
    "p_im": {
      "c": 67.81380146835737,
      "t": 770.5762175139862
    },
    "p_l": {
      "c": 82.58958695138472,
      "t": 770.5762175139862
    },
    "p_d": {
      "c": 71.75990639742811,
      "t": 770.5762175139862
    },
    "e2_d": {
      "c": 78.17812200380105,
      "t": 548.1984523402648
    },
    "e2_l": {
      "c": 85.81661653944542,
      "t": 548.1984523402648
    },
    "e2_e": {
      "c": 93.09476897225875,
      "t": 548.1984523402648
    },
    "t_a": {
      "c": 1.222274814769038,
      "t": 0
    },
    "t_g_l": {
      "c": 34.08246293768417,
      "t": 0
    },
    "t_g_r": {
      "c": 65.56794704160308,
      "t": 0
    },
    "t_d": {
      "c": 76.68725677901028,
      "t": 0
    },
    "t_e": {
      "c": 98.64914040478754,
      "t": 0
    }
  },
  "curves": {
    "L_1": {
      "start": "tmA",
      "end": "e1_l",
      "type": "liquidus",
      "power": 0.8
    },
    "L_2": {
      "start": "e1_l",
      "end": "im_t",
      "type": "liquidus",
      "power": 1.2
    },
    "L_3": {
      "start": "im_t",
      "end": "p_l",
      "type": "liquidus",
      "power": 0.9
    },
    "L_4": {
      "start": "p_l",
      "end": "e2_l",
      "type": "liquidus",
      "power": 1.1
    },
    "L_5": {
      "start": "e2_l",
      "end": "tmB",
      "type": "liquidus",
      "power": 0.8
    },
    "S_a": {
      "start": "tmA",
      "end": "e1_a",
      "type": "solidus",
      "power": 1.2
    },
    "S_e": {
      "start": "tmB",
      "end": "e2_e",
      "type": "solidus",
      "power": 1.1
    },
    "sol_a": {
      "start": "e1_a",
      "end": "eu_a",
      "type": "solvus",
      "power": 2.0
    },
    "sol_a_bot": {
      "start": "eu_a",
      "end": "t_a",
      "type": "solvus",
      "power": 1.5
    },
    "sol_e": {
      "start": "e2_e",
      "end": "t_e",
      "type": "solvus",
      "power": 1.8
    },
    "i_e1": {
      "start": "e1_a",
      "end": "e1_b",
      "type": "horizontal"
    },
    "i_eu": {
      "start": "eu_a",
      "end": "eu_g",
      "type": "horizontal"
    },
    "i_p": {
      "start": "p_im",
      "end": "p_l",
      "type": "horizontal"
    },
    "i_e2": {
      "start": "e2_d",
      "end": "e2_e",
      "type": "horizontal"
    },
    "im_vert": {
      "start": "im_t",
      "end": "im_b",
      "type": "vertical"
    }
  },
  "regions": {
    "R_a": {
      "type": "single-phase",
      "phase_name": "\u03b1",
      "label": {
        "text": "\u03b1",
        "c": 4,
        "t": 600
      },
      "bounding_curves": [
        {
          "id": "S_a",
          "dir": 1
        },
        {
          "id": "sol_a",
          "dir": 1
        },
        {
          "id": "sol_a_bot",
          "dir": 1
        },
        {
          "id": "bot_a",
          "dir": -1
        },
        {
          "id": "e_L",
          "dir": 1
        }
      ]
    }
  }
}