{
  "metadata": {
    "id": "final_boss_368",
    "axes": {
      "c_max": 100,
      "t_max": 1200
    }
  },
  "nodes": {
    "tmA": {
      "c": 0,
      "t": 1059
    },
    "tmB": {
      "c": 100,
      "t": 1078
    },
    "e1_a": {
      "c": 19.43681142273648,
      "t": 937.6491143622361
    },
    "e1_l": {
      "c": 34.99480495184006,
      "t": 937.6491143622361
    },
    "e1_b": {
      "c": 48.67708703073894,
      "t": 937.6491143622361
    },
    "eu_b": {
      "c": 43.20681784324765,
      "t": 501.51014293123205
    },
    "eu_a": {
      "c": 14.161618072274921,
      "t": 501.51014293123205
    },
    "eu_g": {
      "c": 54.23782977625087,
      "t": 501.51014293123205
    },
    "im_t": {
      "c": 66.4517238130052,
      "t": 966.6953589589116
    },
    "im_b": {
      "c": 66.4517238130052,
      "t": 0
    },
    "p_im": {
      "c": 66.4517238130052,
      "t": 861.2022662198245
    },
    "p_l": {
      "c": 82.36749554635692,
      "t": 861.2022662198245
    },
    "p_d": {
      "c": 71.84526741310677,
      "t": 861.2022662198245
    },
    "e2_d": {
      "c": 74.16621321867436,
      "t": 611.9340968015258
    },
    "e2_l": {
      "c": 84.28472262344063,
      "t": 611.9340968015258
    },
    "e2_e": {
      "c": 91.74217874856356,
      "t": 611.9340968015258
    },
    "t_a": {
      "c": 7.816732052090245,
      "t": 0
    },
    "t_g_l": {
      "c": 53.13015034108889,
      "t": 0
    },
    "t_g_r": {
      "c": 63.24207467460037,
      "t": 0
    },
    "t_d": {
      "c": 71.29466136466566,
      "t": 0
    },
    "t_e": {
      "c": 94.92110095788911,
      "t": 0
    }
  },
  "curves": {
    "L_1": {
      "start": "tmA",
      "end": "e1_l",
      "type": "liquidus",
      "power": 0.8
    },
    "L_2": {
      "start": "e1_l",
      "end": "im_t",
      "type": "liquidus",
      "power": 1.2
    },
    "L_3": {
      "start": "im_t",
      "end": "p_l",
      "type": "liquidus",
      "power": 0.9
    },
    "L_4": {
      "start": "p_l",
      "end": "e2_l",
      "type": "liquidus",
      "power": 1.1
    },
    "L_5": {
      "start": "e2_l",
      "end": "tmB",
      "type": "liquidus",
      "power": 0.8
    },
    "S_a": {
      "start": "tmA",
      "end": "e1_a",
      "type": "solidus",
      "power": 1.2
    },
    "S_e": {
      "start": "tmB",
      "end": "e2_e",
      "type": "solidus",
      "power": 1.1
    },
    "sol_a": {
      "start": "e1_a",
      "end": "eu_a",
      "type": "solvus",
      "power": 2.0
    },
    "sol_a_bot": {
      "start": "eu_a",
      "end": "t_a",
      "type": "solvus",
      "power": 1.5
    },
    "sol_e": {
      "start": "e2_e",
      "end": "t_e",
      "type": "solvus",
      "power": 1.8
    },
    "i_e1": {
      "start": "e1_a",
      "end": "e1_b",
      "type": "horizontal"
    },
    "i_eu": {
      "start": "eu_a",
      "end": "eu_g",
      "type": "horizontal"
    },
    "i_p": {
      "start": "p_im",
      "end": "p_l",
      "type": "horizontal"
    },
    "i_e2": {
      "start": "e2_d",
      "end": "e2_e",
      "type": "horizontal"
    },
    "im_vert": {
      "start": "im_t",
      "end": "im_b",
      "type": "vertical"
    }
  },
  "regions": {
    "R_a": {
      "type": "single-phase",
      "phase_name": "\u03b1",
      "label": {
        "text": "\u03b1",
        "c": 4,
        "t": 600
      },
      "bounding_curves": [
        {
          "id": "S_a",
          "dir": 1
        },
        {
          "id": "sol_a",
          "dir": 1
        },
        {
          "id": "sol_a_bot",
          "dir": 1
        },
        {
          "id": "bot_a",
          "dir": -1
        },
        {
          "id": "e_L",
          "dir": 1
        }
      ]
    }
  }
}