{
  "metadata": {
    "id": "final_boss_342",
    "axes": {
      "c_max": 100,
      "t_max": 1200
    }
  },
  "nodes": {
    "tmA": {
      "c": 0,
      "t": 1086
    },
    "tmB": {
      "c": 100,
      "t": 1142
    },
    "e1_a": {
      "c": 16.844477805870298,
      "t": 909.1800186751768
    },
    "e1_l": {
      "c": 35.94268831377248,
      "t": 909.1800186751768
    },
    "e1_b": {
      "c": 48.536622541454115,
      "t": 909.1800186751768
    },
    "eu_b": {
      "c": 41.300978196675416,
      "t": 517.6155794923444
    },
    "eu_a": {
      "c": 9.892224567129396,
      "t": 517.6155794923444
    },
    "eu_g": {
      "c": 56.03909610677728,
      "t": 517.6155794923444
    },
    "im_t": {
      "c": 72.35089353682801,
      "t": 1099.4134227495224
    },
    "im_b": {
      "c": 72.35089353682801,
      "t": 0
    },
    "p_im": {
      "c": 72.35089353682801,
      "t": 944.7482805485051
    },
    "p_l": {
      "c": 84.62042483304857,
      "t": 944.7482805485051
    },
    "p_d": {
      "c": 81.36407029774414,
      "t": 944.7482805485051
    },
    "e2_d": {
      "c": 81.80948093514066,
      "t": 789.8388817957801
    },
    "e2_l": {
      "c": 88.12847312179753,
      "t": 789.8388817957801
    },
    "e2_e": {
      "c": 95.64525055453637,
      "t": 789.8388817957801
    },
    "t_a": {
      "c": 3.0680257430804843,
      "t": 0
    },
    "t_g_l": {
      "c": 54.25572457478969,
      "t": 0
    },
    "t_g_r": {
      "c": 66.53533904749321,
      "t": 0
    },
    "t_d": {
      "c": 81.75175109785525,
      "t": 0
    },
    "t_e": {
      "c": 97.81311253570492,
      "t": 0
    }
  },
  "curves": {
    "L_1": {
      "start": "tmA",
      "end": "e1_l",
      "type": "liquidus",
      "power": 0.8
    },
    "L_2": {
      "start": "e1_l",
      "end": "im_t",
      "type": "liquidus",
      "power": 1.2
    },
    "L_3": {
      "start": "im_t",
      "end": "p_l",
      "type": "liquidus",
      "power": 0.9
    },
    "L_4": {
      "start": "p_l",
      "end": "e2_l",
      "type": "liquidus",
      "power": 1.1
    },
    "L_5": {
      "start": "e2_l",
      "end": "tmB",
      "type": "liquidus",
      "power": 0.8
    },
    "S_a": {
      "start": "tmA",
      "end": "e1_a",
      "type": "solidus",
      "power": 1.2
    },
    "S_e": {
      "start": "tmB",
      "end": "e2_e",
      "type": "solidus",
      "power": 1.1
    },
    "sol_a": {
      "start": "e1_a",
      "end": "eu_a",
      "type": "solvus",
      "power": 2.0
    },
    "sol_a_bot": {
      "start": "eu_a",
      "end": "t_a",
      "type": "solvus",
      "power": 1.5
    },
    "sol_e": {
      "start": "e2_e",
      "end": "t_e",
      "type": "solvus",
      "power": 1.8
    },
    "i_e1": {
      "start": "e1_a",
      "end": "e1_b",
      "type": "horizontal"
    },
    "i_eu": {
      "start": "eu_a",
      "end": "eu_g",
      "type": "horizontal"
    },
    "i_p": {
      "start": "p_im",
      "end": "p_l",
      "type": "horizontal"
    },
    "i_e2": {
      "start": "e2_d",
      "end": "e2_e",
      "type": "horizontal"
    },
    "im_vert": {
      "start": "im_t",
      "end": "im_b",
      "type": "vertical"
    }
  },
  "regions": {
    "R_a": {
      "type": "single-phase",
      "phase_name": "\u03b1",
      "label": {
        "text": "\u03b1",
        "c": 4,
        "t": 600
      },
      "bounding_curves": [
        {
          "id": "S_a",
          "dir": 1
        },
        {
          "id": "sol_a",
          "dir": 1
        },
        {
          "id": "sol_a_bot",
          "dir": 1
        },
        {
          "id": "bot_a",
          "dir": -1
        },
        {
          "id": "e_L",
          "dir": 1
        }
      ]
    }
  }
}