{
  "metadata": {
    "id": "final_boss_297",
    "axes": {
      "c_max": 100,
      "t_max": 1200
    }
  },
  "nodes": {
    "tmA": {
      "c": 0,
      "t": 1060
    },
    "tmB": {
      "c": 100,
      "t": 1050
    },
    "e1_a": {
      "c": 9.666638231884852,
      "t": 846.0653031222884
    },
    "e1_l": {
      "c": 29.058066535446073,
      "t": 846.0653031222884
    },
    "e1_b": {
      "c": 43.70959131731345,
      "t": 846.0653031222884
    },
    "eu_b": {
      "c": 41.350558693191296,
      "t": 638.4669103490728
    },
    "eu_a": {
      "c": 7.275681794863276,
      "t": 638.4669103490728
    },
    "eu_g": {
      "c": 46.63535173284402,
      "t": 638.4669103490728
    },
    "im_t": {
      "c": 68.74083527863235,
      "t": 998.9886912822176
    },
    "im_b": {
      "c": 68.74083527863235,
      "t": 0
    },
    "p_im": {
      "c": 68.74083527863235,
      "t": 810.4001765199943
    },
    "p_l": {
      "c": 79.2793144072938,
      "t": 810.4001765199943
    },
    "p_d": {
      "c": 72.15636807050436,
      "t": 810.4001765199943
    },
    "e2_d": {
      "c": 74.50507624148798,
      "t": 643.4303994164007
    },
    "e2_l": {
      "c": 81.68920475199158,
      "t": 643.4303994164007
    },
    "e2_e": {
      "c": 88.6068586921495,
      "t": 643.4303994164007
    },
    "t_a": {
      "c": 2.4076375620777557,
      "t": 0
    },
    "t_g_l": {
      "c": 44.34391382805167,
      "t": 0
    },
    "t_g_r": {
      "c": 56.27715202343211,
      "t": 0
    },
    "t_d": {
      "c": 73.46567358026326,
      "t": 0
    },
    "t_e": {
      "c": 97.93371050604316,
      "t": 0
    }
  },
  "curves": {
    "L_1": {
      "start": "tmA",
      "end": "e1_l",
      "type": "liquidus",
      "power": 0.8
    },
    "L_2": {
      "start": "e1_l",
      "end": "im_t",
      "type": "liquidus",
      "power": 1.2
    },
    "L_3": {
      "start": "im_t",
      "end": "p_l",
      "type": "liquidus",
      "power": 0.9
    },
    "L_4": {
      "start": "p_l",
      "end": "e2_l",
      "type": "liquidus",
      "power": 1.1
    },
    "L_5": {
      "start": "e2_l",
      "end": "tmB",
      "type": "liquidus",
      "power": 0.8
    },
    "S_a": {
      "start": "tmA",
      "end": "e1_a",
      "type": "solidus",
      "power": 1.2
    },
    "S_e": {
      "start": "tmB",
      "end": "e2_e",
      "type": "solidus",
      "power": 1.1
    },
    "sol_a": {
      "start": "e1_a",
      "end": "eu_a",
      "type": "solvus",
      "power": 2.0
    },
    "sol_a_bot": {
      "start": "eu_a",
      "end": "t_a",
      "type": "solvus",
      "power": 1.5
    },
    "sol_e": {
      "start": "e2_e",
      "end": "t_e",
      "type": "solvus",
      "power": 1.8
    },
    "i_e1": {
      "start": "e1_a",
      "end": "e1_b",
      "type": "horizontal"
    },
    "i_eu": {
      "start": "eu_a",
      "end": "eu_g",
      "type": "horizontal"
    },
    "i_p": {
      "start": "p_im",
      "end": "p_l",
      "type": "horizontal"
    },
    "i_e2": {
      "start": "e2_d",
      "end": "e2_e",
      "type": "horizontal"
    },
    "im_vert": {
      "start": "im_t",
      "end": "im_b",
      "type": "vertical"
    }
  },
  "regions": {
    "R_a": {
      "type": "single-phase",
      "phase_name": "\u03b1",
      "label": {
        "text": "\u03b1",
        "c": 4,
        "t": 600
      },
      "bounding_curves": [
        {
          "id": "S_a",
          "dir": 1
        },
        {
          "id": "sol_a",
          "dir": 1
        },
        {
          "id": "sol_a_bot",
          "dir": 1
        },
        {
          "id": "bot_a",
          "dir": -1
        },
        {
          "id": "e_L",
          "dir": 1
        }
      ]
    }
  }
}