{
  "metadata": {
    "id": "final_boss_351",
    "axes": {
      "c_max": 100,
      "t_max": 1200
    }
  },
  "nodes": {
    "tmA": {
      "c": 0,
      "t": 1064
    },
    "tmB": {
      "c": 100,
      "t": 1057
    },
    "e1_a": {
      "c": 15.207551316098833,
      "t": 826.105729949532
    },
    "e1_l": {
      "c": 34.12797090062111,
      "t": 826.105729949532
    },
    "e1_b": {
      "c": 47.41588767753767,
      "t": 826.105729949532
    },
    "eu_b": {
      "c": 38.569485001402995,
      "t": 642.6940025689238
    },
    "eu_a": {
      "c": 10.247673172031671,
      "t": 642.6940025689238
    },
    "eu_g": {
      "c": 47.49649464782126,
      "t": 642.6940025689238
    },
    "im_t": {
      "c": 74.7740852247841,
      "t": 1035.4154614268143
    },
    "im_b": {
      "c": 74.7740852247841,
      "t": 0
    },
    "p_im": {
      "c": 74.7740852247841,
      "t": 902.3805091466049
    },
    "p_l": {
      "c": 86.04441402413782,
      "t": 902.3805091466049
    },
    "p_d": {
      "c": 80.44733877233338,
      "t": 902.3805091466049
    },
    "e2_d": {
      "c": 82.19966923863723,
      "t": 677.4803925411026
    },
    "e2_l": {
      "c": 89.10801777995246,
      "t": 677.4803925411026
    },
    "e2_e": {
      "c": 94.22410444569621,
      "t": 677.4803925411026
    },
    "t_a": {
      "c": 0.07354707815626473,
      "t": 0
    },
    "t_g_l": {
      "c": 45.093635632757376,
      "t": 0
    },
    "t_g_r": {
      "c": 71.06586122915266,
      "t": 0
    },
    "t_d": {
      "c": 80.23251419844888,
      "t": 0
    },
    "t_e": {
      "c": 98.55242508165898,
      "t": 0
    }
  },
  "curves": {
    "L_1": {
      "start": "tmA",
      "end": "e1_l",
      "type": "liquidus",
      "power": 0.8
    },
    "L_2": {
      "start": "e1_l",
      "end": "im_t",
      "type": "liquidus",
      "power": 1.2
    },
    "L_3": {
      "start": "im_t",
      "end": "p_l",
      "type": "liquidus",
      "power": 0.9
    },
    "L_4": {
      "start": "p_l",
      "end": "e2_l",
      "type": "liquidus",
      "power": 1.1
    },
    "L_5": {
      "start": "e2_l",
      "end": "tmB",
      "type": "liquidus",
      "power": 0.8
    },
    "S_a": {
      "start": "tmA",
      "end": "e1_a",
      "type": "solidus",
      "power": 1.2
    },
    "S_e": {
      "start": "tmB",
      "end": "e2_e",
      "type": "solidus",
      "power": 1.1
    },
    "sol_a": {
      "start": "e1_a",
      "end": "eu_a",
      "type": "solvus",
      "power": 2.0
    },
    "sol_a_bot": {
      "start": "eu_a",
      "end": "t_a",
      "type": "solvus",
      "power": 1.5
    },
    "sol_e": {
      "start": "e2_e",
      "end": "t_e",
      "type": "solvus",
      "power": 1.8
    },
    "i_e1": {
      "start": "e1_a",
      "end": "e1_b",
      "type": "horizontal"
    },
    "i_eu": {
      "start": "eu_a",
      "end": "eu_g",
      "type": "horizontal"
    },
    "i_p": {
      "start": "p_im",
      "end": "p_l",
      "type": "horizontal"
    },
    "i_e2": {
      "start": "e2_d",
      "end": "e2_e",
      "type": "horizontal"
    },
    "im_vert": {
      "start": "im_t",
      "end": "im_b",
      "type": "vertical"
    }
  },
  "regions": {
    "R_a": {
      "type": "single-phase",
      "phase_name": "\u03b1",
      "label": {
        "text": "\u03b1",
        "c": 4,
        "t": 600
      },
      "bounding_curves": [
        {
          "id": "S_a",
          "dir": 1
        },
        {
          "id": "sol_a",
          "dir": 1
        },
        {
          "id": "sol_a_bot",
          "dir": 1
        },
        {
          "id": "bot_a",
          "dir": -1
        },
        {
          "id": "e_L",
          "dir": 1
        }
      ]
    }
  }
}