{
  "metadata": {
    "id": "final_boss_42",
    "axes": {
      "c_max": 100,
      "t_max": 1200
    }
  },
  "nodes": {
    "tmA": {
      "c": 0,
      "t": 1122
    },
    "tmB": {
      "c": 100,
      "t": 1136
    },
    "e1_a": {
      "c": 18.700322540987855,
      "t": 938.8244171919034
    },
    "e1_l": {
      "c": 31.8742318118565,
      "t": 938.8244171919034
    },
    "e1_b": {
      "c": 39.994857803843935,
      "t": 938.8244171919034
    },
    "eu_b": {
      "c": 35.511225087324526,
      "t": 533.4970607214926
    },
    "eu_a": {
      "c": 14.099200575774569,
      "t": 533.4970607214926
    },
    "eu_g": {
      "c": 45.83383693456436,
      "t": 533.4970607214926
    },
    "im_t": {
      "c": 73.7586367036613,
      "t": 1171.8428588578704
    },
    "im_b": {
      "c": 73.7586367036613,
      "t": 0
    },
    "p_im": {
      "c": 73.7586367036613,
      "t": 770.6391143433434
    },
    "p_l": {
      "c": 85.31037069246443,
      "t": 770.6391143433434
    },
    "p_d": {
      "c": 76.96344873569524,
      "t": 770.6391143433434
    },
    "e2_d": {
      "c": 78.97780594790972,
      "t": 697.0612604449523
    },
    "e2_l": {
      "c": 90.10155108610934,
      "t": 697.0612604449523
    },
    "e2_e": {
      "c": 94.55717319993195,
      "t": 697.0612604449523
    },
    "t_a": {
      "c": 5.5614969788665745,
      "t": 0
    },
    "t_g_l": {
      "c": 45.545981045967444,
      "t": 0
    },
    "t_g_r": {
      "c": 62.692846523648015,
      "t": 0
    },
    "t_d": {
      "c": 76.90260386065455,
      "t": 0
    },
    "t_e": {
      "c": 98.49268999805062,
      "t": 0
    }
  },
  "curves": {
    "L_1": {
      "start": "tmA",
      "end": "e1_l",
      "type": "liquidus",
      "power": 0.8
    },
    "L_2": {
      "start": "e1_l",
      "end": "im_t",
      "type": "liquidus",
      "power": 1.2
    },
    "L_3": {
      "start": "im_t",
      "end": "p_l",
      "type": "liquidus",
      "power": 0.9
    },
    "L_4": {
      "start": "p_l",
      "end": "e2_l",
      "type": "liquidus",
      "power": 1.1
    },
    "L_5": {
      "start": "e2_l",
      "end": "tmB",
      "type": "liquidus",
      "power": 0.8
    },
    "S_a": {
      "start": "tmA",
      "end": "e1_a",
      "type": "solidus",
      "power": 1.2
    },
    "S_e": {
      "start": "tmB",
      "end": "e2_e",
      "type": "solidus",
      "power": 1.1
    },
    "sol_a": {
      "start": "e1_a",
      "end": "eu_a",
      "type": "solvus",
      "power": 2.0
    },
    "sol_a_bot": {
      "start": "eu_a",
      "end": "t_a",
      "type": "solvus",
      "power": 1.5
    },
    "sol_e": {
      "start": "e2_e",
      "end": "t_e",
      "type": "solvus",
      "power": 1.8
    },
    "i_e1": {
      "start": "e1_a",
      "end": "e1_b",
      "type": "horizontal"
    },
    "i_eu": {
      "start": "eu_a",
      "end": "eu_g",
      "type": "horizontal"
    },
    "i_p": {
      "start": "p_im",
      "end": "p_l",
      "type": "horizontal"
    },
    "i_e2": {
      "start": "e2_d",
      "end": "e2_e",
      "type": "horizontal"
    },
    "im_vert": {
      "start": "im_t",
      "end": "im_b",
      "type": "vertical"
    }
  },
  "regions": {
    "R_a": {
      "type": "single-phase",
      "phase_name": "\u03b1",
      "label": {
        "text": "\u03b1",
        "c": 4,
        "t": 600
      },
      "bounding_curves": [
        {
          "id": "S_a",
          "dir": 1
        },
        {
          "id": "sol_a",
          "dir": 1
        },
        {
          "id": "sol_a_bot",
          "dir": 1
        },
        {
          "id": "bot_a",
          "dir": -1
        },
        {
          "id": "e_L",
          "dir": 1
        }
      ]
    }
  }
}