{
  "metadata": {
    "id": "final_boss_324",
    "axes": {
      "c_max": 100,
      "t_max": 1200
    }
  },
  "nodes": {
    "tmA": {
      "c": 0,
      "t": 1089
    },
    "tmB": {
      "c": 100,
      "t": 1032
    },
    "e1_a": {
      "c": 19.07586336055246,
      "t": 880.3330025544683
    },
    "e1_l": {
      "c": 37.373743218935005,
      "t": 880.3330025544683
    },
    "e1_b": {
      "c": 50.700000826982276,
      "t": 880.3330025544683
    },
    "eu_b": {
      "c": 43.849035216501875,
      "t": 517.503935665682
    },
    "eu_a": {
      "c": 7.7949274798062085,
      "t": 517.503935665682
    },
    "eu_g": {
      "c": 51.100799278046544,
      "t": 517.503935665682
    },
    "im_t": {
      "c": 68.0001778033127,
      "t": 1151.171883879009
    },
    "im_b": {
      "c": 68.0001778033127,
      "t": 0
    },
    "p_im": {
      "c": 68.0001778033127,
      "t": 798.4825549311614
    },
    "p_l": {
      "c": 82.0896960331808,
      "t": 798.4825549311614
    },
    "p_d": {
      "c": 75.57151971374253,
      "t": 798.4825549311614
    },
    "e2_d": {
      "c": 77.83963987749588,
      "t": 451.7653502678172
    },
    "e2_l": {
      "c": 86.57739907747421,
      "t": 451.7653502678172
    },
    "e2_e": {
      "c": 94.51747831700128,
      "t": 451.7653502678172
    },
    "t_a": {
      "c": 2.120416203478498,
      "t": 0
    },
    "t_g_l": {
      "c": 50.98644721646527,
      "t": 0
    },
    "t_g_r": {
      "c": 60.522582508117026,
      "t": 0
    },
    "t_d": {
      "c": 74.70686192691961,
      "t": 0
    },
    "t_e": {
      "c": 96.02013432495545,
      "t": 0
    }
  },
  "curves": {
    "L_1": {
      "start": "tmA",
      "end": "e1_l",
      "type": "liquidus",
      "power": 0.8
    },
    "L_2": {
      "start": "e1_l",
      "end": "im_t",
      "type": "liquidus",
      "power": 1.2
    },
    "L_3": {
      "start": "im_t",
      "end": "p_l",
      "type": "liquidus",
      "power": 0.9
    },
    "L_4": {
      "start": "p_l",
      "end": "e2_l",
      "type": "liquidus",
      "power": 1.1
    },
    "L_5": {
      "start": "e2_l",
      "end": "tmB",
      "type": "liquidus",
      "power": 0.8
    },
    "S_a": {
      "start": "tmA",
      "end": "e1_a",
      "type": "solidus",
      "power": 1.2
    },
    "S_e": {
      "start": "tmB",
      "end": "e2_e",
      "type": "solidus",
      "power": 1.1
    },
    "sol_a": {
      "start": "e1_a",
      "end": "eu_a",
      "type": "solvus",
      "power": 2.0
    },
    "sol_a_bot": {
      "start": "eu_a",
      "end": "t_a",
      "type": "solvus",
      "power": 1.5
    },
    "sol_e": {
      "start": "e2_e",
      "end": "t_e",
      "type": "solvus",
      "power": 1.8
    },
    "i_e1": {
      "start": "e1_a",
      "end": "e1_b",
      "type": "horizontal"
    },
    "i_eu": {
      "start": "eu_a",
      "end": "eu_g",
      "type": "horizontal"
    },
    "i_p": {
      "start": "p_im",
      "end": "p_l",
      "type": "horizontal"
    },
    "i_e2": {
      "start": "e2_d",
      "end": "e2_e",
      "type": "horizontal"
    },
    "im_vert": {
      "start": "im_t",
      "end": "im_b",
      "type": "vertical"
    }
  },
  "regions": {
    "R_a": {
      "type": "single-phase",
      "phase_name": "\u03b1",
      "label": {
        "text": "\u03b1",
        "c": 4,
        "t": 600
      },
      "bounding_curves": [
        {
          "id": "S_a",
          "dir": 1
        },
        {
          "id": "sol_a",
          "dir": 1
        },
        {
          "id": "sol_a_bot",
          "dir": 1
        },
        {
          "id": "bot_a",
          "dir": -1
        },
        {
          "id": "e_L",
          "dir": 1
        }
      ]
    }
  }
}