{
  "metadata": {
    "id": "final_boss_484",
    "axes": {
      "c_max": 100,
      "t_max": 1200
    }
  },
  "nodes": {
    "tmA": {
      "c": 0,
      "t": 1104
    },
    "tmB": {
      "c": 100,
      "t": 1048
    },
    "e1_a": {
      "c": 15.114313779440625,
      "t": 907.6101871873849
    },
    "e1_l": {
      "c": 26.00306890725595,
      "t": 907.6101871873849
    },
    "e1_b": {
      "c": 40.843276020874654,
      "t": 907.6101871873849
    },
    "eu_b": {
      "c": 37.020286032298465,
      "t": 758.120722415953
    },
    "eu_a": {
      "c": 6.235575572800881,
      "t": 758.120722415953
    },
    "eu_g": {
      "c": 42.20325253416089,
      "t": 758.120722415953
    },
    "im_t": {
      "c": 61.51326914765831,
      "t": 960.0059959939755
    },
    "im_b": {
      "c": 61.51326914765831,
      "t": 0
    },
    "p_im": {
      "c": 61.51326914765831,
      "t": 783.5674429789818
    },
    "p_l": {
      "c": 74.57144237530103,
      "t": 783.5674429789818
    },
    "p_d": {
      "c": 65.24908013838348,
      "t": 783.5674429789818
    },
    "e2_d": {
      "c": 69.24674841034613,
      "t": 474.5983420061285
    },
    "e2_l": {
      "c": 77.77511809816603,
      "t": 474.5983420061285
    },
    "e2_e": {
      "c": 83.51950048793495,
      "t": 474.5983420061285
    },
    "t_a": {
      "c": 0.7913214522540521,
      "t": 0
    },
    "t_g_l": {
      "c": 42.159801129921966,
      "t": 0
    },
    "t_g_r": {
      "c": 59.61744671255508,
      "t": 0
    },
    "t_d": {
      "c": 68.16273959263036,
      "t": 0
    },
    "t_e": {
      "c": 88.79470187231868,
      "t": 0
    }
  },
  "curves": {
    "L_1": {
      "start": "tmA",
      "end": "e1_l",
      "type": "liquidus",
      "power": 0.8
    },
    "L_2": {
      "start": "e1_l",
      "end": "im_t",
      "type": "liquidus",
      "power": 1.2
    },
    "L_3": {
      "start": "im_t",
      "end": "p_l",
      "type": "liquidus",
      "power": 0.9
    },
    "L_4": {
      "start": "p_l",
      "end": "e2_l",
      "type": "liquidus",
      "power": 1.1
    },
    "L_5": {
      "start": "e2_l",
      "end": "tmB",
      "type": "liquidus",
      "power": 0.8
    },
    "S_a": {
      "start": "tmA",
      "end": "e1_a",
      "type": "solidus",
      "power": 1.2
    },
    "S_e": {
      "start": "tmB",
      "end": "e2_e",
      "type": "solidus",
      "power": 1.1
    },
    "sol_a": {
      "start": "e1_a",
      "end": "eu_a",
      "type": "solvus",
      "power": 2.0
    },
    "sol_a_bot": {
      "start": "eu_a",
      "end": "t_a",
      "type": "solvus",
      "power": 1.5
    },
    "sol_e": {
      "start": "e2_e",
      "end": "t_e",
      "type": "solvus",
      "power": 1.8
    },
    "i_e1": {
      "start": "e1_a",
      "end": "e1_b",
      "type": "horizontal"
    },
    "i_eu": {
      "start": "eu_a",
      "end": "eu_g",
      "type": "horizontal"
    },
    "i_p": {
      "start": "p_im",
      "end": "p_l",
      "type": "horizontal"
    },
    "i_e2": {
      "start": "e2_d",
      "end": "e2_e",
      "type": "horizontal"
    },
    "im_vert": {
      "start": "im_t",
      "end": "im_b",
      "type": "vertical"
    }
  },
  "regions": {
    "R_a": {
      "type": "single-phase",
      "phase_name": "\u03b1",
      "label": {
        "text": "\u03b1",
        "c": 4,
        "t": 600
      },
      "bounding_curves": [
        {
          "id": "S_a",
          "dir": 1
        },
        {
          "id": "sol_a",
          "dir": 1
        },
        {
          "id": "sol_a_bot",
          "dir": 1
        },
        {
          "id": "bot_a",
          "dir": -1
        },
        {
          "id": "e_L",
          "dir": 1
        }
      ]
    }
  }
}