{
  "metadata": {
    "id": "final_boss_421",
    "axes": {
      "c_max": 100,
      "t_max": 1200
    }
  },
  "nodes": {
    "tmA": {
      "c": 0,
      "t": 1087
    },
    "tmB": {
      "c": 100,
      "t": 1105
    },
    "e1_a": {
      "c": 16.996799981232925,
      "t": 848.5597688132274
    },
    "e1_l": {
      "c": 31.468932870421796,
      "t": 848.5597688132274
    },
    "e1_b": {
      "c": 44.31902690816036,
      "t": 848.5597688132274
    },
    "eu_b": {
      "c": 33.52965087550548,
      "t": 546.0528713707964
    },
    "eu_a": {
      "c": 13.266936106603753,
      "t": 546.0528713707964
    },
    "eu_g": {
      "c": 41.38221331283172,
      "t": 546.0528713707964
    },
    "im_t": {
      "c": 71.43833754714478,
      "t": 1060.3337668994332
    },
    "im_b": {
      "c": 71.43833754714478,
      "t": 0
    },
    "p_im": {
      "c": 71.43833754714478,
      "t": 998.4651876117506
    },
    "p_l": {
      "c": 83.39270953728116,
      "t": 998.4651876117506
    },
    "p_d": {
      "c": 77.65919676700047,
      "t": 998.4651876117506
    },
    "e2_d": {
      "c": 79.58464704958632,
      "t": 632.0002157613146
    },
    "e2_l": {
      "c": 88.15630842547745,
      "t": 632.0002157613146
    },
    "e2_e": {
      "c": 93.54922929668568,
      "t": 632.0002157613146
    },
    "t_a": {
      "c": 6.457377020779569,
      "t": 0
    },
    "t_g_l": {
      "c": 39.05953617841052,
      "t": 0
    },
    "t_g_r": {
      "c": 62.053478288251526,
      "t": 0
    },
    "t_d": {
      "c": 78.90885069696586,
      "t": 0
    },
    "t_e": {
      "c": 99.91924308614739,
      "t": 0
    }
  },
  "curves": {
    "L_1": {
      "start": "tmA",
      "end": "e1_l",
      "type": "liquidus",
      "power": 0.8
    },
    "L_2": {
      "start": "e1_l",
      "end": "im_t",
      "type": "liquidus",
      "power": 1.2
    },
    "L_3": {
      "start": "im_t",
      "end": "p_l",
      "type": "liquidus",
      "power": 0.9
    },
    "L_4": {
      "start": "p_l",
      "end": "e2_l",
      "type": "liquidus",
      "power": 1.1
    },
    "L_5": {
      "start": "e2_l",
      "end": "tmB",
      "type": "liquidus",
      "power": 0.8
    },
    "S_a": {
      "start": "tmA",
      "end": "e1_a",
      "type": "solidus",
      "power": 1.2
    },
    "S_e": {
      "start": "tmB",
      "end": "e2_e",
      "type": "solidus",
      "power": 1.1
    },
    "sol_a": {
      "start": "e1_a",
      "end": "eu_a",
      "type": "solvus",
      "power": 2.0
    },
    "sol_a_bot": {
      "start": "eu_a",
      "end": "t_a",
      "type": "solvus",
      "power": 1.5
    },
    "sol_e": {
      "start": "e2_e",
      "end": "t_e",
      "type": "solvus",
      "power": 1.8
    },
    "i_e1": {
      "start": "e1_a",
      "end": "e1_b",
      "type": "horizontal"
    },
    "i_eu": {
      "start": "eu_a",
      "end": "eu_g",
      "type": "horizontal"
    },
    "i_p": {
      "start": "p_im",
      "end": "p_l",
      "type": "horizontal"
    },
    "i_e2": {
      "start": "e2_d",
      "end": "e2_e",
      "type": "horizontal"
    },
    "im_vert": {
      "start": "im_t",
      "end": "im_b",
      "type": "vertical"
    }
  },
  "regions": {
    "R_a": {
      "type": "single-phase",
      "phase_name": "\u03b1",
      "label": {
        "text": "\u03b1",
        "c": 4,
        "t": 600
      },
      "bounding_curves": [
        {
          "id": "S_a",
          "dir": 1
        },
        {
          "id": "sol_a",
          "dir": 1
        },
        {
          "id": "sol_a_bot",
          "dir": 1
        },
        {
          "id": "bot_a",
          "dir": -1
        },
        {
          "id": "e_L",
          "dir": 1
        }
      ]
    }
  }
}