{
  "metadata": {
    "id": "final_boss_310",
    "axes": {
      "c_max": 100,
      "t_max": 1200
    }
  },
  "nodes": {
    "tmA": {
      "c": 0,
      "t": 1059
    },
    "tmB": {
      "c": 100,
      "t": 1009
    },
    "e1_a": {
      "c": 17.593896355365217,
      "t": 860.551524005476
    },
    "e1_l": {
      "c": 36.97442822107727,
      "t": 860.551524005476
    },
    "e1_b": {
      "c": 51.89582706993732,
      "t": 860.551524005476
    },
    "eu_b": {
      "c": 45.92156890214987,
      "t": 634.156014974916
    },
    "eu_a": {
      "c": 10.538502344451665,
      "t": 634.156014974916
    },
    "eu_g": {
      "c": 53.669962534370754,
      "t": 634.156014974916
    },
    "im_t": {
      "c": 69.27620446089995,
      "t": 1006.7120240512256
    },
    "im_b": {
      "c": 69.27620446089995,
      "t": 0
    },
    "p_im": {
      "c": 69.27620446089995,
      "t": 836.735406827896
    },
    "p_l": {
      "c": 80.91909233823928,
      "t": 836.735406827896
    },
    "p_d": {
      "c": 74.3720457648494,
      "t": 836.735406827896
    },
    "e2_d": {
      "c": 76.61362382665037,
      "t": 713.19483651837
    },
    "e2_l": {
      "c": 84.22624896091907,
      "t": 713.19483651837
    },
    "e2_e": {
      "c": 95.84532552890305,
      "t": 713.19483651837
    },
    "t_a": {
      "c": 5.503127877119504,
      "t": 0
    },
    "t_g_l": {
      "c": 52.32011110149096,
      "t": 0
    },
    "t_g_r": {
      "c": 57.979900030723094,
      "t": 0
    },
    "t_d": {
      "c": 73.93537513263131,
      "t": 0
    },
    "t_e": {
      "c": 99.01081174862594,
      "t": 0
    }
  },
  "curves": {
    "L_1": {
      "start": "tmA",
      "end": "e1_l",
      "type": "liquidus",
      "power": 0.8
    },
    "L_2": {
      "start": "e1_l",
      "end": "im_t",
      "type": "liquidus",
      "power": 1.2
    },
    "L_3": {
      "start": "im_t",
      "end": "p_l",
      "type": "liquidus",
      "power": 0.9
    },
    "L_4": {
      "start": "p_l",
      "end": "e2_l",
      "type": "liquidus",
      "power": 1.1
    },
    "L_5": {
      "start": "e2_l",
      "end": "tmB",
      "type": "liquidus",
      "power": 0.8
    },
    "S_a": {
      "start": "tmA",
      "end": "e1_a",
      "type": "solidus",
      "power": 1.2
    },
    "S_e": {
      "start": "tmB",
      "end": "e2_e",
      "type": "solidus",
      "power": 1.1
    },
    "sol_a": {
      "start": "e1_a",
      "end": "eu_a",
      "type": "solvus",
      "power": 2.0
    },
    "sol_a_bot": {
      "start": "eu_a",
      "end": "t_a",
      "type": "solvus",
      "power": 1.5
    },
    "sol_e": {
      "start": "e2_e",
      "end": "t_e",
      "type": "solvus",
      "power": 1.8
    },
    "i_e1": {
      "start": "e1_a",
      "end": "e1_b",
      "type": "horizontal"
    },
    "i_eu": {
      "start": "eu_a",
      "end": "eu_g",
      "type": "horizontal"
    },
    "i_p": {
      "start": "p_im",
      "end": "p_l",
      "type": "horizontal"
    },
    "i_e2": {
      "start": "e2_d",
      "end": "e2_e",
      "type": "horizontal"
    },
    "im_vert": {
      "start": "im_t",
      "end": "im_b",
      "type": "vertical"
    }
  },
  "regions": {
    "R_a": {
      "type": "single-phase",
      "phase_name": "\u03b1",
      "label": {
        "text": "\u03b1",
        "c": 4,
        "t": 600
      },
      "bounding_curves": [
        {
          "id": "S_a",
          "dir": 1
        },
        {
          "id": "sol_a",
          "dir": 1
        },
        {
          "id": "sol_a_bot",
          "dir": 1
        },
        {
          "id": "bot_a",
          "dir": -1
        },
        {
          "id": "e_L",
          "dir": 1
        }
      ]
    }
  }
}