{
  "metadata": {
    "id": "final_boss_190",
    "axes": {
      "c_max": 100,
      "t_max": 1200
    }
  },
  "nodes": {
    "tmA": {
      "c": 0,
      "t": 1126
    },
    "tmB": {
      "c": 100,
      "t": 1086
    },
    "e1_a": {
      "c": 16.192401176433762,
      "t": 945.40664555833
    },
    "e1_l": {
      "c": 29.181186651219342,
      "t": 945.40664555833
    },
    "e1_b": {
      "c": 43.86017427844455,
      "t": 945.40664555833
    },
    "eu_b": {
      "c": 36.1676370295513,
      "t": 630.5350022179623
    },
    "eu_a": {
      "c": 9.216958518237195,
      "t": 630.5350022179623
    },
    "eu_g": {
      "c": 51.09368463201389,
      "t": 630.5350022179623
    },
    "im_t": {
      "c": 67.1185117938163,
      "t": 1012.9146311547156
    },
    "im_b": {
      "c": 67.1185117938163,
      "t": 0
    },
    "p_im": {
      "c": 67.1185117938163,
      "t": 946.5042375588279
    },
    "p_l": {
      "c": 80.05005433081881,
      "t": 946.5042375588279
    },
    "p_d": {
      "c": 74.387004350258,
      "t": 946.5042375588279
    },
    "e2_d": {
      "c": 76.08276864714105,
      "t": 596.7316639302812
    },
    "e2_l": {
      "c": 84.1763025507429,
      "t": 596.7316639302812
    },
    "e2_e": {
      "c": 88.79949717851575,
      "t": 596.7316639302812
    },
    "t_a": {
      "c": 0.8105971539692898,
      "t": 0
    },
    "t_g_l": {
      "c": 50.22348108325261,
      "t": 0
    },
    "t_g_r": {
      "c": 61.51923417210371,
      "t": 0
    },
    "t_d": {
      "c": 72.48047076257633,
      "t": 0
    },
    "t_e": {
      "c": 95.71648201520819,
      "t": 0
    }
  },
  "curves": {
    "L_1": {
      "start": "tmA",
      "end": "e1_l",
      "type": "liquidus",
      "power": 0.8
    },
    "L_2": {
      "start": "e1_l",
      "end": "im_t",
      "type": "liquidus",
      "power": 1.2
    },
    "L_3": {
      "start": "im_t",
      "end": "p_l",
      "type": "liquidus",
      "power": 0.9
    },
    "L_4": {
      "start": "p_l",
      "end": "e2_l",
      "type": "liquidus",
      "power": 1.1
    },
    "L_5": {
      "start": "e2_l",
      "end": "tmB",
      "type": "liquidus",
      "power": 0.8
    },
    "S_a": {
      "start": "tmA",
      "end": "e1_a",
      "type": "solidus",
      "power": 1.2
    },
    "S_e": {
      "start": "tmB",
      "end": "e2_e",
      "type": "solidus",
      "power": 1.1
    },
    "sol_a": {
      "start": "e1_a",
      "end": "eu_a",
      "type": "solvus",
      "power": 2.0
    },
    "sol_a_bot": {
      "start": "eu_a",
      "end": "t_a",
      "type": "solvus",
      "power": 1.5
    },
    "sol_e": {
      "start": "e2_e",
      "end": "t_e",
      "type": "solvus",
      "power": 1.8
    },
    "i_e1": {
      "start": "e1_a",
      "end": "e1_b",
      "type": "horizontal"
    },
    "i_eu": {
      "start": "eu_a",
      "end": "eu_g",
      "type": "horizontal"
    },
    "i_p": {
      "start": "p_im",
      "end": "p_l",
      "type": "horizontal"
    },
    "i_e2": {
      "start": "e2_d",
      "end": "e2_e",
      "type": "horizontal"
    },
    "im_vert": {
      "start": "im_t",
      "end": "im_b",
      "type": "vertical"
    }
  },
  "regions": {
    "R_a": {
      "type": "single-phase",
      "phase_name": "\u03b1",
      "label": {
        "text": "\u03b1",
        "c": 4,
        "t": 600
      },
      "bounding_curves": [
        {
          "id": "S_a",
          "dir": 1
        },
        {
          "id": "sol_a",
          "dir": 1
        },
        {
          "id": "sol_a_bot",
          "dir": 1
        },
        {
          "id": "bot_a",
          "dir": -1
        },
        {
          "id": "e_L",
          "dir": 1
        }
      ]
    }
  }
}