{
  "metadata": {
    "id": "final_boss_428",
    "axes": {
      "c_max": 100,
      "t_max": 1200
    }
  },
  "nodes": {
    "tmA": {
      "c": 0,
      "t": 1086
    },
    "tmB": {
      "c": 100,
      "t": 1030
    },
    "e1_a": {
      "c": 10.757920822175755,
      "t": 907.8210164201748
    },
    "e1_l": {
      "c": 28.5242348467603,
      "t": 907.8210164201748
    },
    "e1_b": {
      "c": 42.91883742124061,
      "t": 907.8210164201748
    },
    "eu_b": {
      "c": 35.551434973732626,
      "t": 591.5789022800475
    },
    "eu_a": {
      "c": 4.605912476061538,
      "t": 591.5789022800475
    },
    "eu_g": {
      "c": 45.64651079530957,
      "t": 591.5789022800475
    },
    "im_t": {
      "c": 61.67809299103454,
      "t": 1040.5654420274993
    },
    "im_b": {
      "c": 61.67809299103454,
      "t": 0
    },
    "p_im": {
      "c": 61.67809299103454,
      "t": 886.8306134132358
    },
    "p_l": {
      "c": 85.5489806569973,
      "t": 886.8306134132358
    },
    "p_d": {
      "c": 80.26891988712848,
      "t": 886.8306134132358
    },
    "e2_d": {
      "c": 81.59671410401016,
      "t": 669.2417578345223
    },
    "e2_l": {
      "c": 90.14202509512481,
      "t": 669.2417578345223
    },
    "e2_e": {
      "c": 95.05133662182202,
      "t": 669.2417578345223
    },
    "t_a": {
      "c": 3.497848248357079,
      "t": 0
    },
    "t_g_l": {
      "c": 45.06605467409513,
      "t": 0
    },
    "t_g_r": {
      "c": 48.21676922470593,
      "t": 0
    },
    "t_d": {
      "c": 80.91480285699953,
      "t": 0
    },
    "t_e": {
      "c": 96.93040811953074,
      "t": 0
    }
  },
  "curves": {
    "L_1": {
      "start": "tmA",
      "end": "e1_l",
      "type": "liquidus",
      "power": 0.8
    },
    "L_2": {
      "start": "e1_l",
      "end": "im_t",
      "type": "liquidus",
      "power": 1.2
    },
    "L_3": {
      "start": "im_t",
      "end": "p_l",
      "type": "liquidus",
      "power": 0.9
    },
    "L_4": {
      "start": "p_l",
      "end": "e2_l",
      "type": "liquidus",
      "power": 1.1
    },
    "L_5": {
      "start": "e2_l",
      "end": "tmB",
      "type": "liquidus",
      "power": 0.8
    },
    "S_a": {
      "start": "tmA",
      "end": "e1_a",
      "type": "solidus",
      "power": 1.2
    },
    "S_e": {
      "start": "tmB",
      "end": "e2_e",
      "type": "solidus",
      "power": 1.1
    },
    "sol_a": {
      "start": "e1_a",
      "end": "eu_a",
      "type": "solvus",
      "power": 2.0
    },
    "sol_a_bot": {
      "start": "eu_a",
      "end": "t_a",
      "type": "solvus",
      "power": 1.5
    },
    "sol_e": {
      "start": "e2_e",
      "end": "t_e",
      "type": "solvus",
      "power": 1.8
    },
    "i_e1": {
      "start": "e1_a",
      "end": "e1_b",
      "type": "horizontal"
    },
    "i_eu": {
      "start": "eu_a",
      "end": "eu_g",
      "type": "horizontal"
    },
    "i_p": {
      "start": "p_im",
      "end": "p_l",
      "type": "horizontal"
    },
    "i_e2": {
      "start": "e2_d",
      "end": "e2_e",
      "type": "horizontal"
    },
    "im_vert": {
      "start": "im_t",
      "end": "im_b",
      "type": "vertical"
    }
  },
  "regions": {
    "R_a": {
      "type": "single-phase",
      "phase_name": "\u03b1",
      "label": {
        "text": "\u03b1",
        "c": 4,
        "t": 600
      },
      "bounding_curves": [
        {
          "id": "S_a",
          "dir": 1
        },
        {
          "id": "sol_a",
          "dir": 1
        },
        {
          "id": "sol_a_bot",
          "dir": 1
        },
        {
          "id": "bot_a",
          "dir": -1
        },
        {
          "id": "e_L",
          "dir": 1
        }
      ]
    }
  }
}