{
  "metadata": {
    "id": "final_boss_373",
    "axes": {
      "c_max": 100,
      "t_max": 1200
    }
  },
  "nodes": {
    "tmA": {
      "c": 0,
      "t": 1091
    },
    "tmB": {
      "c": 100,
      "t": 1043
    },
    "e1_a": {
      "c": 11.638426453848794,
      "t": 935.4359369712145
    },
    "e1_l": {
      "c": 20.960694871602776,
      "t": 935.4359369712145
    },
    "e1_b": {
      "c": 29.521122808574965,
      "t": 935.4359369712145
    },
    "eu_b": {
      "c": 25.98133646879217,
      "t": 505.22726471725
    },
    "eu_a": {
      "c": 8.213180935272742,
      "t": 505.22726471725
    },
    "eu_g": {
      "c": 33.3856811790439,
      "t": 505.22726471725
    },
    "im_t": {
      "c": 49.79445333964802,
      "t": 1023.2763717245427
    },
    "im_b": {
      "c": 49.79445333964802,
      "t": 0
    },
    "p_im": {
      "c": 49.79445333964802,
      "t": 938.4555207795576
    },
    "p_l": {
      "c": 80.58036096854063,
      "t": 938.4555207795576
    },
    "p_d": {
      "c": 55.76499457496333,
      "t": 938.4555207795576
    },
    "e2_d": {
      "c": 61.897512586820994,
      "t": 467.38136967110245
    },
    "e2_l": {
      "c": 71.98375687305814,
      "t": 467.38136967110245
    },
    "e2_e": {
      "c": 78.59948096057606,
      "t": 467.38136967110245
    },
    "t_a": {
      "c": 5.243892117555489,
      "t": 0
    },
    "t_g_l": {
      "c": 31.526008262868086,
      "t": 0
    },
    "t_g_r": {
      "c": 35.34300171360324,
      "t": 0
    },
    "t_d": {
      "c": 59.090309423827925,
      "t": 0
    },
    "t_e": {
      "c": 89.7914857414866,
      "t": 0
    }
  },
  "curves": {
    "L_1": {
      "start": "tmA",
      "end": "e1_l",
      "type": "liquidus",
      "power": 0.8
    },
    "L_2": {
      "start": "e1_l",
      "end": "im_t",
      "type": "liquidus",
      "power": 1.2
    },
    "L_3": {
      "start": "im_t",
      "end": "p_l",
      "type": "liquidus",
      "power": 0.9
    },
    "L_4": {
      "start": "p_l",
      "end": "e2_l",
      "type": "liquidus",
      "power": 1.1
    },
    "L_5": {
      "start": "e2_l",
      "end": "tmB",
      "type": "liquidus",
      "power": 0.8
    },
    "S_a": {
      "start": "tmA",
      "end": "e1_a",
      "type": "solidus",
      "power": 1.2
    },
    "S_e": {
      "start": "tmB",
      "end": "e2_e",
      "type": "solidus",
      "power": 1.1
    },
    "sol_a": {
      "start": "e1_a",
      "end": "eu_a",
      "type": "solvus",
      "power": 2.0
    },
    "sol_a_bot": {
      "start": "eu_a",
      "end": "t_a",
      "type": "solvus",
      "power": 1.5
    },
    "sol_e": {
      "start": "e2_e",
      "end": "t_e",
      "type": "solvus",
      "power": 1.8
    },
    "i_e1": {
      "start": "e1_a",
      "end": "e1_b",
      "type": "horizontal"
    },
    "i_eu": {
      "start": "eu_a",
      "end": "eu_g",
      "type": "horizontal"
    },
    "i_p": {
      "start": "p_im",
      "end": "p_l",
      "type": "horizontal"
    },
    "i_e2": {
      "start": "e2_d",
      "end": "e2_e",
      "type": "horizontal"
    },
    "im_vert": {
      "start": "im_t",
      "end": "im_b",
      "type": "vertical"
    }
  },
  "regions": {
    "R_a": {
      "type": "single-phase",
      "phase_name": "\u03b1",
      "label": {
        "text": "\u03b1",
        "c": 4,
        "t": 600
      },
      "bounding_curves": [
        {
          "id": "S_a",
          "dir": 1
        },
        {
          "id": "sol_a",
          "dir": 1
        },
        {
          "id": "sol_a_bot",
          "dir": 1
        },
        {
          "id": "bot_a",
          "dir": -1
        },
        {
          "id": "e_L",
          "dir": 1
        }
      ]
    }
  }
}