{
  "metadata": {
    "id": "final_boss_450",
    "axes": {
      "c_max": 100,
      "t_max": 1200
    }
  },
  "nodes": {
    "tmA": {
      "c": 0,
      "t": 1133
    },
    "tmB": {
      "c": 100,
      "t": 1025
    },
    "e1_a": {
      "c": 14.76984428651106,
      "t": 802.1523093417924
    },
    "e1_l": {
      "c": 31.018161351649738,
      "t": 802.1523093417924
    },
    "e1_b": {
      "c": 45.447069974190526,
      "t": 802.1523093417924
    },
    "eu_b": {
      "c": 35.40583559492787,
      "t": 557.5894519015634
    },
    "eu_a": {
      "c": 5.089585247165285,
      "t": 557.5894519015634
    },
    "eu_g": {
      "c": 44.39467613296296,
      "t": 557.5894519015634
    },
    "im_t": {
      "c": 72.43483387663042,
      "t": 1132.2594166063895
    },
    "im_b": {
      "c": 72.43483387663042,
      "t": 0
    },
    "p_im": {
      "c": 72.43483387663042,
      "t": 984.4152823422455
    },
    "p_l": {
      "c": 87.084717416325,
      "t": 984.4152823422455
    },
    "p_d": {
      "c": 78.9920231017942,
      "t": 984.4152823422455
    },
    "e2_d": {
      "c": 81.16250689225832,
      "t": 552.6350537401956
    },
    "e2_l": {
      "c": 88.75320235240903,
      "t": 552.6350537401956
    },
    "e2_e": {
      "c": 94.60259226136453,
      "t": 552.6350537401956
    },
    "t_a": {
      "c": 2.783956177880952,
      "t": 0
    },
    "t_g_l": {
      "c": 43.61969896582002,
      "t": 0
    },
    "t_g_r": {
      "c": 61.080017276735035,
      "t": 0
    },
    "t_d": {
      "c": 77.09451252851782,
      "t": 0
    },
    "t_e": {
      "c": 99.70422604226499,
      "t": 0
    }
  },
  "curves": {
    "L_1": {
      "start": "tmA",
      "end": "e1_l",
      "type": "liquidus",
      "power": 0.8
    },
    "L_2": {
      "start": "e1_l",
      "end": "im_t",
      "type": "liquidus",
      "power": 1.2
    },
    "L_3": {
      "start": "im_t",
      "end": "p_l",
      "type": "liquidus",
      "power": 0.9
    },
    "L_4": {
      "start": "p_l",
      "end": "e2_l",
      "type": "liquidus",
      "power": 1.1
    },
    "L_5": {
      "start": "e2_l",
      "end": "tmB",
      "type": "liquidus",
      "power": 0.8
    },
    "S_a": {
      "start": "tmA",
      "end": "e1_a",
      "type": "solidus",
      "power": 1.2
    },
    "S_e": {
      "start": "tmB",
      "end": "e2_e",
      "type": "solidus",
      "power": 1.1
    },
    "sol_a": {
      "start": "e1_a",
      "end": "eu_a",
      "type": "solvus",
      "power": 2.0
    },
    "sol_a_bot": {
      "start": "eu_a",
      "end": "t_a",
      "type": "solvus",
      "power": 1.5
    },
    "sol_e": {
      "start": "e2_e",
      "end": "t_e",
      "type": "solvus",
      "power": 1.8
    },
    "i_e1": {
      "start": "e1_a",
      "end": "e1_b",
      "type": "horizontal"
    },
    "i_eu": {
      "start": "eu_a",
      "end": "eu_g",
      "type": "horizontal"
    },
    "i_p": {
      "start": "p_im",
      "end": "p_l",
      "type": "horizontal"
    },
    "i_e2": {
      "start": "e2_d",
      "end": "e2_e",
      "type": "horizontal"
    },
    "im_vert": {
      "start": "im_t",
      "end": "im_b",
      "type": "vertical"
    }
  },
  "regions": {
    "R_a": {
      "type": "single-phase",
      "phase_name": "\u03b1",
      "label": {
        "text": "\u03b1",
        "c": 4,
        "t": 600
      },
      "bounding_curves": [
        {
          "id": "S_a",
          "dir": 1
        },
        {
          "id": "sol_a",
          "dir": 1
        },
        {
          "id": "sol_a_bot",
          "dir": 1
        },
        {
          "id": "bot_a",
          "dir": -1
        },
        {
          "id": "e_L",
          "dir": 1
        }
      ]
    }
  }
}