{
  "metadata": {
    "id": "final_boss_66",
    "axes": {
      "c_max": 100,
      "t_max": 1200
    }
  },
  "nodes": {
    "tmA": {
      "c": 0,
      "t": 1071
    },
    "tmB": {
      "c": 100,
      "t": 1035
    },
    "e1_a": {
      "c": 11.905386633771666,
      "t": 852.6938369152379
    },
    "e1_l": {
      "c": 23.869405405109042,
      "t": 852.6938369152379
    },
    "e1_b": {
      "c": 32.541629887109266,
      "t": 852.6938369152379
    },
    "eu_b": {
      "c": 30.356325226411926,
      "t": 752.646413685086
    },
    "eu_a": {
      "c": 8.351361171172943,
      "t": 752.646413685086
    },
    "eu_g": {
      "c": 43.537334622129926,
      "t": 752.646413685086
    },
    "im_t": {
      "c": 61.9092437575776,
      "t": 1120.1589272633248
    },
    "im_b": {
      "c": 61.9092437575776,
      "t": 0
    },
    "p_im": {
      "c": 61.9092437575776,
      "t": 752.3403882790999
    },
    "p_l": {
      "c": 72.75146825277164,
      "t": 752.3403882790999
    },
    "p_d": {
      "c": 68.63250943351561,
      "t": 752.3403882790999
    },
    "e2_d": {
      "c": 70.54942595340131,
      "t": 465.07677979147485
    },
    "e2_l": {
      "c": 77.45346673343889,
      "t": 465.07677979147485
    },
    "e2_e": {
      "c": 93.05581176468432,
      "t": 465.07677979147485
    },
    "t_a": {
      "c": 3.7358376650796408,
      "t": 0
    },
    "t_g_l": {
      "c": 41.98004843443446,
      "t": 0
    },
    "t_g_r": {
      "c": 58.07057680629778,
      "t": 0
    },
    "t_d": {
      "c": 69.3544183905709,
      "t": 0
    },
    "t_e": {
      "c": 95.3115224182405,
      "t": 0
    }
  },
  "curves": {
    "L_1": {
      "start": "tmA",
      "end": "e1_l",
      "type": "liquidus",
      "power": 0.8
    },
    "L_2": {
      "start": "e1_l",
      "end": "im_t",
      "type": "liquidus",
      "power": 1.2
    },
    "L_3": {
      "start": "im_t",
      "end": "p_l",
      "type": "liquidus",
      "power": 0.9
    },
    "L_4": {
      "start": "p_l",
      "end": "e2_l",
      "type": "liquidus",
      "power": 1.1
    },
    "L_5": {
      "start": "e2_l",
      "end": "tmB",
      "type": "liquidus",
      "power": 0.8
    },
    "S_a": {
      "start": "tmA",
      "end": "e1_a",
      "type": "solidus",
      "power": 1.2
    },
    "S_e": {
      "start": "tmB",
      "end": "e2_e",
      "type": "solidus",
      "power": 1.1
    },
    "sol_a": {
      "start": "e1_a",
      "end": "eu_a",
      "type": "solvus",
      "power": 2.0
    },
    "sol_a_bot": {
      "start": "eu_a",
      "end": "t_a",
      "type": "solvus",
      "power": 1.5
    },
    "sol_e": {
      "start": "e2_e",
      "end": "t_e",
      "type": "solvus",
      "power": 1.8
    },
    "i_e1": {
      "start": "e1_a",
      "end": "e1_b",
      "type": "horizontal"
    },
    "i_eu": {
      "start": "eu_a",
      "end": "eu_g",
      "type": "horizontal"
    },
    "i_p": {
      "start": "p_im",
      "end": "p_l",
      "type": "horizontal"
    },
    "i_e2": {
      "start": "e2_d",
      "end": "e2_e",
      "type": "horizontal"
    },
    "im_vert": {
      "start": "im_t",
      "end": "im_b",
      "type": "vertical"
    }
  },
  "regions": {
    "R_a": {
      "type": "single-phase",
      "phase_name": "\u03b1",
      "label": {
        "text": "\u03b1",
        "c": 4,
        "t": 600
      },
      "bounding_curves": [
        {
          "id": "S_a",
          "dir": 1
        },
        {
          "id": "sol_a",
          "dir": 1
        },
        {
          "id": "sol_a_bot",
          "dir": 1
        },
        {
          "id": "bot_a",
          "dir": -1
        },
        {
          "id": "e_L",
          "dir": 1
        }
      ]
    }
  }
}