{
  "metadata": {
    "id": "final_boss_78",
    "axes": {
      "c_max": 100,
      "t_max": 1200
    }
  },
  "nodes": {
    "tmA": {
      "c": 0,
      "t": 1098
    },
    "tmB": {
      "c": 100,
      "t": 1061
    },
    "e1_a": {
      "c": 9.392397913612173,
      "t": 913.6727217845901
    },
    "e1_l": {
      "c": 27.352484455368405,
      "t": 913.6727217845901
    },
    "e1_b": {
      "c": 35.382441146139584,
      "t": 913.6727217845901
    },
    "eu_b": {
      "c": 31.38494183139939,
      "t": 648.2887164725654
    },
    "eu_a": {
      "c": 4.654564879058936,
      "t": 648.2887164725654
    },
    "eu_g": {
      "c": 44.60881502326571,
      "t": 648.2887164725654
    },
    "im_t": {
      "c": 54.88862505086612,
      "t": 1061.1034590668553
    },
    "im_b": {
      "c": 54.88862505086612,
      "t": 0
    },
    "p_im": {
      "c": 54.88862505086612,
      "t": 824.8656434610175
    },
    "p_l": {
      "c": 85.49794263188795,
      "t": 824.8656434610175
    },
    "p_d": {
      "c": 58.67145985281259,
      "t": 824.8656434610175
    },
    "e2_d": {
      "c": 69.7201169783324,
      "t": 462.11431482208195
    },
    "e2_l": {
      "c": 76.32416527042258,
      "t": 462.11431482208195
    },
    "e2_e": {
      "c": 94.92143101937589,
      "t": 462.11431482208195
    },
    "t_a": {
      "c": 0.7560350167323079,
      "t": 0
    },
    "t_g_l": {
      "c": 43.22206019350428,
      "t": 0
    },
    "t_g_r": {
      "c": 49.154754106037004,
      "t": 0
    },
    "t_d": {
      "c": 62.45528373960837,
      "t": 0
    },
    "t_e": {
      "c": 96.54422243090382,
      "t": 0
    }
  },
  "curves": {
    "L_1": {
      "start": "tmA",
      "end": "e1_l",
      "type": "liquidus",
      "power": 0.8
    },
    "L_2": {
      "start": "e1_l",
      "end": "im_t",
      "type": "liquidus",
      "power": 1.2
    },
    "L_3": {
      "start": "im_t",
      "end": "p_l",
      "type": "liquidus",
      "power": 0.9
    },
    "L_4": {
      "start": "p_l",
      "end": "e2_l",
      "type": "liquidus",
      "power": 1.1
    },
    "L_5": {
      "start": "e2_l",
      "end": "tmB",
      "type": "liquidus",
      "power": 0.8
    },
    "S_a": {
      "start": "tmA",
      "end": "e1_a",
      "type": "solidus",
      "power": 1.2
    },
    "S_e": {
      "start": "tmB",
      "end": "e2_e",
      "type": "solidus",
      "power": 1.1
    },
    "sol_a": {
      "start": "e1_a",
      "end": "eu_a",
      "type": "solvus",
      "power": 2.0
    },
    "sol_a_bot": {
      "start": "eu_a",
      "end": "t_a",
      "type": "solvus",
      "power": 1.5
    },
    "sol_e": {
      "start": "e2_e",
      "end": "t_e",
      "type": "solvus",
      "power": 1.8
    },
    "i_e1": {
      "start": "e1_a",
      "end": "e1_b",
      "type": "horizontal"
    },
    "i_eu": {
      "start": "eu_a",
      "end": "eu_g",
      "type": "horizontal"
    },
    "i_p": {
      "start": "p_im",
      "end": "p_l",
      "type": "horizontal"
    },
    "i_e2": {
      "start": "e2_d",
      "end": "e2_e",
      "type": "horizontal"
    },
    "im_vert": {
      "start": "im_t",
      "end": "im_b",
      "type": "vertical"
    }
  },
  "regions": {
    "R_a": {
      "type": "single-phase",
      "phase_name": "\u03b1",
      "label": {
        "text": "\u03b1",
        "c": 4,
        "t": 600
      },
      "bounding_curves": [
        {
          "id": "S_a",
          "dir": 1
        },
        {
          "id": "sol_a",
          "dir": 1
        },
        {
          "id": "sol_a_bot",
          "dir": 1
        },
        {
          "id": "bot_a",
          "dir": -1
        },
        {
          "id": "e_L",
          "dir": 1
        }
      ]
    }
  }
}