{
  "metadata": {
    "id": "final_boss_383",
    "axes": {
      "c_max": 100,
      "t_max": 1200
    }
  },
  "nodes": {
    "tmA": {
      "c": 0,
      "t": 1138
    },
    "tmB": {
      "c": 100,
      "t": 1093
    },
    "e1_a": {
      "c": 17.775425152656602,
      "t": 846.5094075023026
    },
    "e1_l": {
      "c": 31.531659277034873,
      "t": 846.5094075023026
    },
    "e1_b": {
      "c": 45.48419078356575,
      "t": 846.5094075023026
    },
    "eu_b": {
      "c": 38.637859376246006,
      "t": 637.4324431152168
    },
    "eu_a": {
      "c": 8.129233951791587,
      "t": 637.4324431152168
    },
    "eu_g": {
      "c": 48.71420349183792,
      "t": 637.4324431152168
    },
    "im_t": {
      "c": 71.76204476341815,
      "t": 1089.9566435669024
    },
    "im_b": {
      "c": 71.76204476341815,
      "t": 0
    },
    "p_im": {
      "c": 71.76204476341815,
      "t": 769.869859358441
    },
    "p_l": {
      "c": 85.88158883454143,
      "t": 769.869859358441
    },
    "p_d": {
      "c": 79.35254888074432,
      "t": 769.869859358441
    },
    "e2_d": {
      "c": 81.3763018074355,
      "t": 542.2164655737816
    },
    "e2_l": {
      "c": 87.41463011834932,
      "t": 542.2164655737816
    },
    "e2_e": {
      "c": 94.79712900472363,
      "t": 542.2164655737816
    },
    "t_a": {
      "c": 4.5532310221964005,
      "t": 0
    },
    "t_g_l": {
      "c": 46.23321580673521,
      "t": 0
    },
    "t_g_r": {
      "c": 55.8490478995929,
      "t": 0
    },
    "t_d": {
      "c": 77.46629094292341,
      "t": 0
    },
    "t_e": {
      "c": 96.48857081501724,
      "t": 0
    }
  },
  "curves": {
    "L_1": {
      "start": "tmA",
      "end": "e1_l",
      "type": "liquidus",
      "power": 0.8
    },
    "L_2": {
      "start": "e1_l",
      "end": "im_t",
      "type": "liquidus",
      "power": 1.2
    },
    "L_3": {
      "start": "im_t",
      "end": "p_l",
      "type": "liquidus",
      "power": 0.9
    },
    "L_4": {
      "start": "p_l",
      "end": "e2_l",
      "type": "liquidus",
      "power": 1.1
    },
    "L_5": {
      "start": "e2_l",
      "end": "tmB",
      "type": "liquidus",
      "power": 0.8
    },
    "S_a": {
      "start": "tmA",
      "end": "e1_a",
      "type": "solidus",
      "power": 1.2
    },
    "S_e": {
      "start": "tmB",
      "end": "e2_e",
      "type": "solidus",
      "power": 1.1
    },
    "sol_a": {
      "start": "e1_a",
      "end": "eu_a",
      "type": "solvus",
      "power": 2.0
    },
    "sol_a_bot": {
      "start": "eu_a",
      "end": "t_a",
      "type": "solvus",
      "power": 1.5
    },
    "sol_e": {
      "start": "e2_e",
      "end": "t_e",
      "type": "solvus",
      "power": 1.8
    },
    "i_e1": {
      "start": "e1_a",
      "end": "e1_b",
      "type": "horizontal"
    },
    "i_eu": {
      "start": "eu_a",
      "end": "eu_g",
      "type": "horizontal"
    },
    "i_p": {
      "start": "p_im",
      "end": "p_l",
      "type": "horizontal"
    },
    "i_e2": {
      "start": "e2_d",
      "end": "e2_e",
      "type": "horizontal"
    },
    "im_vert": {
      "start": "im_t",
      "end": "im_b",
      "type": "vertical"
    }
  },
  "regions": {
    "R_a": {
      "type": "single-phase",
      "phase_name": "\u03b1",
      "label": {
        "text": "\u03b1",
        "c": 4,
        "t": 600
      },
      "bounding_curves": [
        {
          "id": "S_a",
          "dir": 1
        },
        {
          "id": "sol_a",
          "dir": 1
        },
        {
          "id": "sol_a_bot",
          "dir": 1
        },
        {
          "id": "bot_a",
          "dir": -1
        },
        {
          "id": "e_L",
          "dir": 1
        }
      ]
    }
  }
}