{
  "metadata": {
    "id": "final_boss_415",
    "axes": {
      "c_max": 100,
      "t_max": 1200
    }
  },
  "nodes": {
    "tmA": {
      "c": 0,
      "t": 1055
    },
    "tmB": {
      "c": 100,
      "t": 1135
    },
    "e1_a": {
      "c": 18.597333219754354,
      "t": 839.4889735660912
    },
    "e1_l": {
      "c": 31.987586215965365,
      "t": 839.4889735660912
    },
    "e1_b": {
      "c": 40.10478354835306,
      "t": 839.4889735660912
    },
    "eu_b": {
      "c": 37.26357451176302,
      "t": 647.4313573385193
    },
    "eu_a": {
      "c": 14.173763212803134,
      "t": 647.4313573385193
    },
    "eu_g": {
      "c": 43.658765342595416,
      "t": 647.4313573385193
    },
    "im_t": {
      "c": 66.67749550158813,
      "t": 1006.2663829953958
    },
    "im_b": {
      "c": 66.67749550158813,
      "t": 0
    },
    "p_im": {
      "c": 66.67749550158813,
      "t": 783.972067340381
    },
    "p_l": {
      "c": 83.34427995082228,
      "t": 783.972067340381
    },
    "p_d": {
      "c": 74.94675516304,
      "t": 783.972067340381
    },
    "e2_d": {
      "c": 76.98158529862812,
      "t": 538.7471810300921
    },
    "e2_l": {
      "c": 86.56722661540076,
      "t": 538.7471810300921
    },
    "e2_e": {
      "c": 95.44715800028914,
      "t": 538.7471810300921
    },
    "t_a": {
      "c": 9.001493350552131,
      "t": 0
    },
    "t_g_l": {
      "c": 43.02579274385445,
      "t": 0
    },
    "t_g_r": {
      "c": 46.34521676190475,
      "t": 0
    },
    "t_d": {
      "c": 74.05002545528872,
      "t": 0
    },
    "t_e": {
      "c": 98.28642364412522,
      "t": 0
    }
  },
  "curves": {
    "L_1": {
      "start": "tmA",
      "end": "e1_l",
      "type": "liquidus",
      "power": 0.8
    },
    "L_2": {
      "start": "e1_l",
      "end": "im_t",
      "type": "liquidus",
      "power": 1.2
    },
    "L_3": {
      "start": "im_t",
      "end": "p_l",
      "type": "liquidus",
      "power": 0.9
    },
    "L_4": {
      "start": "p_l",
      "end": "e2_l",
      "type": "liquidus",
      "power": 1.1
    },
    "L_5": {
      "start": "e2_l",
      "end": "tmB",
      "type": "liquidus",
      "power": 0.8
    },
    "S_a": {
      "start": "tmA",
      "end": "e1_a",
      "type": "solidus",
      "power": 1.2
    },
    "S_e": {
      "start": "tmB",
      "end": "e2_e",
      "type": "solidus",
      "power": 1.1
    },
    "sol_a": {
      "start": "e1_a",
      "end": "eu_a",
      "type": "solvus",
      "power": 2.0
    },
    "sol_a_bot": {
      "start": "eu_a",
      "end": "t_a",
      "type": "solvus",
      "power": 1.5
    },
    "sol_e": {
      "start": "e2_e",
      "end": "t_e",
      "type": "solvus",
      "power": 1.8
    },
    "i_e1": {
      "start": "e1_a",
      "end": "e1_b",
      "type": "horizontal"
    },
    "i_eu": {
      "start": "eu_a",
      "end": "eu_g",
      "type": "horizontal"
    },
    "i_p": {
      "start": "p_im",
      "end": "p_l",
      "type": "horizontal"
    },
    "i_e2": {
      "start": "e2_d",
      "end": "e2_e",
      "type": "horizontal"
    },
    "im_vert": {
      "start": "im_t",
      "end": "im_b",
      "type": "vertical"
    }
  },
  "regions": {
    "R_a": {
      "type": "single-phase",
      "phase_name": "\u03b1",
      "label": {
        "text": "\u03b1",
        "c": 4,
        "t": 600
      },
      "bounding_curves": [
        {
          "id": "S_a",
          "dir": 1
        },
        {
          "id": "sol_a",
          "dir": 1
        },
        {
          "id": "sol_a_bot",
          "dir": 1
        },
        {
          "id": "bot_a",
          "dir": -1
        },
        {
          "id": "e_L",
          "dir": 1
        }
      ]
    }
  }
}