{
  "metadata": {
    "id": "final_boss_431",
    "axes": {
      "c_max": 100,
      "t_max": 1200
    }
  },
  "nodes": {
    "tmA": {
      "c": 0,
      "t": 1141
    },
    "tmB": {
      "c": 100,
      "t": 1115
    },
    "e1_a": {
      "c": 14.92830677124077,
      "t": 804.7869543995332
    },
    "e1_l": {
      "c": 27.3552621265508,
      "t": 804.7869543995332
    },
    "e1_b": {
      "c": 37.05479668574557,
      "t": 804.7869543995332
    },
    "eu_b": {
      "c": 34.364004302440584,
      "t": 619.0966730918907
    },
    "eu_a": {
      "c": 7.593480091573058,
      "t": 619.0966730918907
    },
    "eu_g": {
      "c": 42.69505463889261,
      "t": 619.0966730918907
    },
    "im_t": {
      "c": 63.10413386086293,
      "t": 1061.7493850705885
    },
    "im_b": {
      "c": 63.10413386086293,
      "t": 0
    },
    "p_im": {
      "c": 63.10413386086293,
      "t": 877.167820069097
    },
    "p_l": {
      "c": 79.47074292102332,
      "t": 877.167820069097
    },
    "p_d": {
      "c": 67.45389430702645,
      "t": 877.167820069097
    },
    "e2_d": {
      "c": 70.67526942689815,
      "t": 752.2291648166681
    },
    "e2_l": {
      "c": 80.22766847999888,
      "t": 752.2291648166681
    },
    "e2_e": {
      "c": 92.81615185170648,
      "t": 752.2291648166681
    },
    "t_a": {
      "c": 4.230393765344981,
      "t": 0
    },
    "t_g_l": {
      "c": 40.89640957845295,
      "t": 0
    },
    "t_g_r": {
      "c": 60.95006304917119,
      "t": 0
    },
    "t_d": {
      "c": 69.03966817415649,
      "t": 0
    },
    "t_e": {
      "c": 99.91518916421796,
      "t": 0
    }
  },
  "curves": {
    "L_1": {
      "start": "tmA",
      "end": "e1_l",
      "type": "liquidus",
      "power": 0.8
    },
    "L_2": {
      "start": "e1_l",
      "end": "im_t",
      "type": "liquidus",
      "power": 1.2
    },
    "L_3": {
      "start": "im_t",
      "end": "p_l",
      "type": "liquidus",
      "power": 0.9
    },
    "L_4": {
      "start": "p_l",
      "end": "e2_l",
      "type": "liquidus",
      "power": 1.1
    },
    "L_5": {
      "start": "e2_l",
      "end": "tmB",
      "type": "liquidus",
      "power": 0.8
    },
    "S_a": {
      "start": "tmA",
      "end": "e1_a",
      "type": "solidus",
      "power": 1.2
    },
    "S_e": {
      "start": "tmB",
      "end": "e2_e",
      "type": "solidus",
      "power": 1.1
    },
    "sol_a": {
      "start": "e1_a",
      "end": "eu_a",
      "type": "solvus",
      "power": 2.0
    },
    "sol_a_bot": {
      "start": "eu_a",
      "end": "t_a",
      "type": "solvus",
      "power": 1.5
    },
    "sol_e": {
      "start": "e2_e",
      "end": "t_e",
      "type": "solvus",
      "power": 1.8
    },
    "i_e1": {
      "start": "e1_a",
      "end": "e1_b",
      "type": "horizontal"
    },
    "i_eu": {
      "start": "eu_a",
      "end": "eu_g",
      "type": "horizontal"
    },
    "i_p": {
      "start": "p_im",
      "end": "p_l",
      "type": "horizontal"
    },
    "i_e2": {
      "start": "e2_d",
      "end": "e2_e",
      "type": "horizontal"
    },
    "im_vert": {
      "start": "im_t",
      "end": "im_b",
      "type": "vertical"
    }
  },
  "regions": {
    "R_a": {
      "type": "single-phase",
      "phase_name": "\u03b1",
      "label": {
        "text": "\u03b1",
        "c": 4,
        "t": 600
      },
      "bounding_curves": [
        {
          "id": "S_a",
          "dir": 1
        },
        {
          "id": "sol_a",
          "dir": 1
        },
        {
          "id": "sol_a_bot",
          "dir": 1
        },
        {
          "id": "bot_a",
          "dir": -1
        },
        {
          "id": "e_L",
          "dir": 1
        }
      ]
    }
  }
}