{
  "metadata": {
    "id": "final_boss_482",
    "axes": {
      "c_max": 100,
      "t_max": 1200
    }
  },
  "nodes": {
    "tmA": {
      "c": 0,
      "t": 1065
    },
    "tmB": {
      "c": 100,
      "t": 1001
    },
    "e1_a": {
      "c": 9.878184269898023,
      "t": 918.3818888249566
    },
    "e1_l": {
      "c": 25.97953834276521,
      "t": 918.3818888249566
    },
    "e1_b": {
      "c": 35.7633876254857,
      "t": 918.3818888249566
    },
    "eu_b": {
      "c": 28.739094385023453,
      "t": 629.5229913316373
    },
    "eu_a": {
      "c": 5.356639728679599,
      "t": 629.5229913316373
    },
    "eu_g": {
      "c": 41.86952719202575,
      "t": 629.5229913316373
    },
    "im_t": {
      "c": 61.15355022897633,
      "t": 1147.6846922845943
    },
    "im_b": {
      "c": 61.15355022897633,
      "t": 0
    },
    "p_im": {
      "c": 61.15355022897633,
      "t": 884.7832361340904
    },
    "p_l": {
      "c": 81.15674969190022,
      "t": 884.7832361340904
    },
    "p_d": {
      "c": 66.38992526399295,
      "t": 884.7832361340904
    },
    "e2_d": {
      "c": 71.42191246127952,
      "t": 575.7494822669717
    },
    "e2_l": {
      "c": 78.54393079098477,
      "t": 575.7494822669717
    },
    "e2_e": {
      "c": 93.7396429229313,
      "t": 575.7494822669717
    },
    "t_a": {
      "c": 3.651727018770005,
      "t": 0
    },
    "t_g_l": {
      "c": 41.240659003486094,
      "t": 0
    },
    "t_g_r": {
      "c": 45.30708046693998,
      "t": 0
    },
    "t_d": {
      "c": 70.64530987721025,
      "t": 0
    },
    "t_e": {
      "c": 96.64603962119907,
      "t": 0
    }
  },
  "curves": {
    "L_1": {
      "start": "tmA",
      "end": "e1_l",
      "type": "liquidus",
      "power": 0.8
    },
    "L_2": {
      "start": "e1_l",
      "end": "im_t",
      "type": "liquidus",
      "power": 1.2
    },
    "L_3": {
      "start": "im_t",
      "end": "p_l",
      "type": "liquidus",
      "power": 0.9
    },
    "L_4": {
      "start": "p_l",
      "end": "e2_l",
      "type": "liquidus",
      "power": 1.1
    },
    "L_5": {
      "start": "e2_l",
      "end": "tmB",
      "type": "liquidus",
      "power": 0.8
    },
    "S_a": {
      "start": "tmA",
      "end": "e1_a",
      "type": "solidus",
      "power": 1.2
    },
    "S_e": {
      "start": "tmB",
      "end": "e2_e",
      "type": "solidus",
      "power": 1.1
    },
    "sol_a": {
      "start": "e1_a",
      "end": "eu_a",
      "type": "solvus",
      "power": 2.0
    },
    "sol_a_bot": {
      "start": "eu_a",
      "end": "t_a",
      "type": "solvus",
      "power": 1.5
    },
    "sol_e": {
      "start": "e2_e",
      "end": "t_e",
      "type": "solvus",
      "power": 1.8
    },
    "i_e1": {
      "start": "e1_a",
      "end": "e1_b",
      "type": "horizontal"
    },
    "i_eu": {
      "start": "eu_a",
      "end": "eu_g",
      "type": "horizontal"
    },
    "i_p": {
      "start": "p_im",
      "end": "p_l",
      "type": "horizontal"
    },
    "i_e2": {
      "start": "e2_d",
      "end": "e2_e",
      "type": "horizontal"
    },
    "im_vert": {
      "start": "im_t",
      "end": "im_b",
      "type": "vertical"
    }
  },
  "regions": {
    "R_a": {
      "type": "single-phase",
      "phase_name": "\u03b1",
      "label": {
        "text": "\u03b1",
        "c": 4,
        "t": 600
      },
      "bounding_curves": [
        {
          "id": "S_a",
          "dir": 1
        },
        {
          "id": "sol_a",
          "dir": 1
        },
        {
          "id": "sol_a_bot",
          "dir": 1
        },
        {
          "id": "bot_a",
          "dir": -1
        },
        {
          "id": "e_L",
          "dir": 1
        }
      ]
    }
  }
}