{
  "metadata": {
    "id": "final_boss_32",
    "axes": {
      "c_max": 100,
      "t_max": 1200
    }
  },
  "nodes": {
    "tmA": {
      "c": 0,
      "t": 1056
    },
    "tmB": {
      "c": 100,
      "t": 1004
    },
    "e1_a": {
      "c": 13.244985431414367,
      "t": 945.4303923222603
    },
    "e1_l": {
      "c": 22.844121268567854,
      "t": 945.4303923222603
    },
    "e1_b": {
      "c": 33.57808180042697,
      "t": 945.4303923222603
    },
    "eu_b": {
      "c": 27.713621920612823,
      "t": 592.0917686066058
    },
    "eu_a": {
      "c": 4.403337130855881,
      "t": 592.0917686066058
    },
    "eu_g": {
      "c": 35.86366855906057,
      "t": 592.0917686066058
    },
    "im_t": {
      "c": 45.98912542749524,
      "t": 1132.808625036825
    },
    "im_b": {
      "c": 45.98912542749524,
      "t": 0
    },
    "p_im": {
      "c": 45.98912542749524,
      "t": 834.6526793278704
    },
    "p_l": {
      "c": 87.28231067626652,
      "t": 834.6526793278704
    },
    "p_d": {
      "c": 78.13056183166913,
      "t": 834.6526793278704
    },
    "e2_d": {
      "c": 82.16525312708644,
      "t": 493.79561333193055
    },
    "e2_l": {
      "c": 91.7366244964418,
      "t": 493.79561333193055
    },
    "e2_e": {
      "c": 95.87746686003595,
      "t": 493.79561333193055
    },
    "t_a": {
      "c": 2.130723948787906,
      "t": 0
    },
    "t_g_l": {
      "c": 35.30475489434998,
      "t": 0
    },
    "t_g_r": {
      "c": 41.29262636938253,
      "t": 0
    },
    "t_d": {
      "c": 71.54298712705199,
      "t": 0
    },
    "t_e": {
      "c": 97.27256824056863,
      "t": 0
    }
  },
  "curves": {
    "L_1": {
      "start": "tmA",
      "end": "e1_l",
      "type": "liquidus",
      "power": 0.8
    },
    "L_2": {
      "start": "e1_l",
      "end": "im_t",
      "type": "liquidus",
      "power": 1.2
    },
    "L_3": {
      "start": "im_t",
      "end": "p_l",
      "type": "liquidus",
      "power": 0.9
    },
    "L_4": {
      "start": "p_l",
      "end": "e2_l",
      "type": "liquidus",
      "power": 1.1
    },
    "L_5": {
      "start": "e2_l",
      "end": "tmB",
      "type": "liquidus",
      "power": 0.8
    },
    "S_a": {
      "start": "tmA",
      "end": "e1_a",
      "type": "solidus",
      "power": 1.2
    },
    "S_e": {
      "start": "tmB",
      "end": "e2_e",
      "type": "solidus",
      "power": 1.1
    },
    "sol_a": {
      "start": "e1_a",
      "end": "eu_a",
      "type": "solvus",
      "power": 2.0
    },
    "sol_a_bot": {
      "start": "eu_a",
      "end": "t_a",
      "type": "solvus",
      "power": 1.5
    },
    "sol_e": {
      "start": "e2_e",
      "end": "t_e",
      "type": "solvus",
      "power": 1.8
    },
    "i_e1": {
      "start": "e1_a",
      "end": "e1_b",
      "type": "horizontal"
    },
    "i_eu": {
      "start": "eu_a",
      "end": "eu_g",
      "type": "horizontal"
    },
    "i_p": {
      "start": "p_im",
      "end": "p_l",
      "type": "horizontal"
    },
    "i_e2": {
      "start": "e2_d",
      "end": "e2_e",
      "type": "horizontal"
    },
    "im_vert": {
      "start": "im_t",
      "end": "im_b",
      "type": "vertical"
    }
  },
  "regions": {
    "R_a": {
      "type": "single-phase",
      "phase_name": "\u03b1",
      "label": {
        "text": "\u03b1",
        "c": 4,
        "t": 600
      },
      "bounding_curves": [
        {
          "id": "S_a",
          "dir": 1
        },
        {
          "id": "sol_a",
          "dir": 1
        },
        {
          "id": "sol_a_bot",
          "dir": 1
        },
        {
          "id": "bot_a",
          "dir": -1
        },
        {
          "id": "e_L",
          "dir": 1
        }
      ]
    }
  }
}