{
  "metadata": {
    "id": "final_boss_125",
    "axes": {
      "c_max": 100,
      "t_max": 1200
    }
  },
  "nodes": {
    "tmA": {
      "c": 0,
      "t": 1102
    },
    "tmB": {
      "c": 100,
      "t": 1146
    },
    "e1_a": {
      "c": 11.64408008471805,
      "t": 881.3316296917764
    },
    "e1_l": {
      "c": 22.040721053586623,
      "t": 881.3316296917764
    },
    "e1_b": {
      "c": 32.79186539392503,
      "t": 881.3316296917764
    },
    "eu_b": {
      "c": 27.805467825334368,
      "t": 648.0479587611505
    },
    "eu_a": {
      "c": 4.769938986774187,
      "t": 648.0479587611505
    },
    "eu_g": {
      "c": 40.46396901227038,
      "t": 648.0479587611505
    },
    "im_t": {
      "c": 59.75832988225694,
      "t": 1126.0102249117742
    },
    "im_b": {
      "c": 59.75832988225694,
      "t": 0
    },
    "p_im": {
      "c": 59.75832988225694,
      "t": 1073.4320290799287
    },
    "p_l": {
      "c": 71.700937845857,
      "t": 1073.4320290799287
    },
    "p_d": {
      "c": 67.87008676952694,
      "t": 1073.4320290799287
    },
    "e2_d": {
      "c": 69.04036911857165,
      "t": 443.5974295534129
    },
    "e2_l": {
      "c": 74.04132335404613,
      "t": 443.5974295534129
    },
    "e2_e": {
      "c": 89.81676515781177,
      "t": 443.5974295534129
    },
    "t_a": {
      "c": 0.9736277177669516,
      "t": 0
    },
    "t_g_l": {
      "c": 40.42807060630702,
      "t": 0
    },
    "t_g_r": {
      "c": 43.4736528088057,
      "t": 0
    },
    "t_d": {
      "c": 66.66936466441436,
      "t": 0
    },
    "t_e": {
      "c": 96.09278100520127,
      "t": 0
    }
  },
  "curves": {
    "L_1": {
      "start": "tmA",
      "end": "e1_l",
      "type": "liquidus",
      "power": 0.8
    },
    "L_2": {
      "start": "e1_l",
      "end": "im_t",
      "type": "liquidus",
      "power": 1.2
    },
    "L_3": {
      "start": "im_t",
      "end": "p_l",
      "type": "liquidus",
      "power": 0.9
    },
    "L_4": {
      "start": "p_l",
      "end": "e2_l",
      "type": "liquidus",
      "power": 1.1
    },
    "L_5": {
      "start": "e2_l",
      "end": "tmB",
      "type": "liquidus",
      "power": 0.8
    },
    "S_a": {
      "start": "tmA",
      "end": "e1_a",
      "type": "solidus",
      "power": 1.2
    },
    "S_e": {
      "start": "tmB",
      "end": "e2_e",
      "type": "solidus",
      "power": 1.1
    },
    "sol_a": {
      "start": "e1_a",
      "end": "eu_a",
      "type": "solvus",
      "power": 2.0
    },
    "sol_a_bot": {
      "start": "eu_a",
      "end": "t_a",
      "type": "solvus",
      "power": 1.5
    },
    "sol_e": {
      "start": "e2_e",
      "end": "t_e",
      "type": "solvus",
      "power": 1.8
    },
    "i_e1": {
      "start": "e1_a",
      "end": "e1_b",
      "type": "horizontal"
    },
    "i_eu": {
      "start": "eu_a",
      "end": "eu_g",
      "type": "horizontal"
    },
    "i_p": {
      "start": "p_im",
      "end": "p_l",
      "type": "horizontal"
    },
    "i_e2": {
      "start": "e2_d",
      "end": "e2_e",
      "type": "horizontal"
    },
    "im_vert": {
      "start": "im_t",
      "end": "im_b",
      "type": "vertical"
    }
  },
  "regions": {
    "R_a": {
      "type": "single-phase",
      "phase_name": "\u03b1",
      "label": {
        "text": "\u03b1",
        "c": 4,
        "t": 600
      },
      "bounding_curves": [
        {
          "id": "S_a",
          "dir": 1
        },
        {
          "id": "sol_a",
          "dir": 1
        },
        {
          "id": "sol_a_bot",
          "dir": 1
        },
        {
          "id": "bot_a",
          "dir": -1
        },
        {
          "id": "e_L",
          "dir": 1
        }
      ]
    }
  }
}