{
  "metadata": {
    "id": "final_boss_433",
    "axes": {
      "c_max": 100,
      "t_max": 1200
    }
  },
  "nodes": {
    "tmA": {
      "c": 0,
      "t": 1068
    },
    "tmB": {
      "c": 100,
      "t": 1032
    },
    "e1_a": {
      "c": 17.773080409433295,
      "t": 824.9514008214635
    },
    "e1_l": {
      "c": 27.842804255268042,
      "t": 824.9514008214635
    },
    "e1_b": {
      "c": 42.376912553270444,
      "t": 824.9514008214635
    },
    "eu_b": {
      "c": 38.014309636526185,
      "t": 538.156005968253
    },
    "eu_a": {
      "c": 12.962865916592706,
      "t": 538.156005968253
    },
    "eu_g": {
      "c": 50.80161844581913,
      "t": 538.156005968253
    },
    "im_t": {
      "c": 73.33188294984208,
      "t": 1056.4486285157577
    },
    "im_b": {
      "c": 73.33188294984208,
      "t": 0
    },
    "p_im": {
      "c": 73.33188294984208,
      "t": 972.3491686003183
    },
    "p_l": {
      "c": 87.24228754772598,
      "t": 972.3491686003183
    },
    "p_d": {
      "c": 83.68271755776509,
      "t": 972.3491686003183
    },
    "e2_d": {
      "c": 84.01348062318345,
      "t": 745.8547574995039
    },
    "e2_l": {
      "c": 91.15207951247227,
      "t": 745.8547574995039
    },
    "e2_e": {
      "c": 95.784766140147,
      "t": 745.8547574995039
    },
    "t_a": {
      "c": 6.6678469050413165,
      "t": 0
    },
    "t_g_l": {
      "c": 48.340507076645125,
      "t": 0
    },
    "t_g_r": {
      "c": 71.7244113333449,
      "t": 0
    },
    "t_d": {
      "c": 83.27591108073865,
      "t": 0
    },
    "t_e": {
      "c": 97.32899904925746,
      "t": 0
    }
  },
  "curves": {
    "L_1": {
      "start": "tmA",
      "end": "e1_l",
      "type": "liquidus",
      "power": 0.8
    },
    "L_2": {
      "start": "e1_l",
      "end": "im_t",
      "type": "liquidus",
      "power": 1.2
    },
    "L_3": {
      "start": "im_t",
      "end": "p_l",
      "type": "liquidus",
      "power": 0.9
    },
    "L_4": {
      "start": "p_l",
      "end": "e2_l",
      "type": "liquidus",
      "power": 1.1
    },
    "L_5": {
      "start": "e2_l",
      "end": "tmB",
      "type": "liquidus",
      "power": 0.8
    },
    "S_a": {
      "start": "tmA",
      "end": "e1_a",
      "type": "solidus",
      "power": 1.2
    },
    "S_e": {
      "start": "tmB",
      "end": "e2_e",
      "type": "solidus",
      "power": 1.1
    },
    "sol_a": {
      "start": "e1_a",
      "end": "eu_a",
      "type": "solvus",
      "power": 2.0
    },
    "sol_a_bot": {
      "start": "eu_a",
      "end": "t_a",
      "type": "solvus",
      "power": 1.5
    },
    "sol_e": {
      "start": "e2_e",
      "end": "t_e",
      "type": "solvus",
      "power": 1.8
    },
    "i_e1": {
      "start": "e1_a",
      "end": "e1_b",
      "type": "horizontal"
    },
    "i_eu": {
      "start": "eu_a",
      "end": "eu_g",
      "type": "horizontal"
    },
    "i_p": {
      "start": "p_im",
      "end": "p_l",
      "type": "horizontal"
    },
    "i_e2": {
      "start": "e2_d",
      "end": "e2_e",
      "type": "horizontal"
    },
    "im_vert": {
      "start": "im_t",
      "end": "im_b",
      "type": "vertical"
    }
  },
  "regions": {
    "R_a": {
      "type": "single-phase",
      "phase_name": "\u03b1",
      "label": {
        "text": "\u03b1",
        "c": 4,
        "t": 600
      },
      "bounding_curves": [
        {
          "id": "S_a",
          "dir": 1
        },
        {
          "id": "sol_a",
          "dir": 1
        },
        {
          "id": "sol_a_bot",
          "dir": 1
        },
        {
          "id": "bot_a",
          "dir": -1
        },
        {
          "id": "e_L",
          "dir": 1
        }
      ]
    }
  }
}