{
  "metadata": {
    "id": "final_boss_496",
    "axes": {
      "c_max": 100,
      "t_max": 1200
    }
  },
  "nodes": {
    "tmA": {
      "c": 0,
      "t": 1053
    },
    "tmB": {
      "c": 100,
      "t": 1145
    },
    "e1_a": {
      "c": 14.09361016885751,
      "t": 806.9631621803735
    },
    "e1_l": {
      "c": 24.60591191928813,
      "t": 806.9631621803735
    },
    "e1_b": {
      "c": 38.78041865507052,
      "t": 806.9631621803735
    },
    "eu_b": {
      "c": 33.94667319806387,
      "t": 574.4074821427853
    },
    "eu_a": {
      "c": 5.4297693597458805,
      "t": 574.4074821427853
    },
    "eu_g": {
      "c": 42.73950226899834,
      "t": 574.4074821427853
    },
    "im_t": {
      "c": 67.08160569941249,
      "t": 1029.9532802485062
    },
    "im_b": {
      "c": 67.08160569941249,
      "t": 0
    },
    "p_im": {
      "c": 67.08160569941249,
      "t": 774.2589286536218
    },
    "p_l": {
      "c": 80.77022832558904,
      "t": 774.2589286536218
    },
    "p_d": {
      "c": 75.30555627106962,
      "t": 774.2589286536218
    },
    "e2_d": {
      "c": 77.01275708973728,
      "t": 403.2575022690292
    },
    "e2_l": {
      "c": 84.21788332941692,
      "t": 403.2575022690292
    },
    "e2_e": {
      "c": 89.50290389582833,
      "t": 403.2575022690292
    },
    "t_a": {
      "c": 3.0016158048148207,
      "t": 0
    },
    "t_g_l": {
      "c": 42.09523177664582,
      "t": 0
    },
    "t_g_r": {
      "c": 66.06329268289215,
      "t": 0
    },
    "t_d": {
      "c": 74.06043446825612,
      "t": 0
    },
    "t_e": {
      "c": 94.28057512066155,
      "t": 0
    }
  },
  "curves": {
    "L_1": {
      "start": "tmA",
      "end": "e1_l",
      "type": "liquidus",
      "power": 0.8
    },
    "L_2": {
      "start": "e1_l",
      "end": "im_t",
      "type": "liquidus",
      "power": 1.2
    },
    "L_3": {
      "start": "im_t",
      "end": "p_l",
      "type": "liquidus",
      "power": 0.9
    },
    "L_4": {
      "start": "p_l",
      "end": "e2_l",
      "type": "liquidus",
      "power": 1.1
    },
    "L_5": {
      "start": "e2_l",
      "end": "tmB",
      "type": "liquidus",
      "power": 0.8
    },
    "S_a": {
      "start": "tmA",
      "end": "e1_a",
      "type": "solidus",
      "power": 1.2
    },
    "S_e": {
      "start": "tmB",
      "end": "e2_e",
      "type": "solidus",
      "power": 1.1
    },
    "sol_a": {
      "start": "e1_a",
      "end": "eu_a",
      "type": "solvus",
      "power": 2.0
    },
    "sol_a_bot": {
      "start": "eu_a",
      "end": "t_a",
      "type": "solvus",
      "power": 1.5
    },
    "sol_e": {
      "start": "e2_e",
      "end": "t_e",
      "type": "solvus",
      "power": 1.8
    },
    "i_e1": {
      "start": "e1_a",
      "end": "e1_b",
      "type": "horizontal"
    },
    "i_eu": {
      "start": "eu_a",
      "end": "eu_g",
      "type": "horizontal"
    },
    "i_p": {
      "start": "p_im",
      "end": "p_l",
      "type": "horizontal"
    },
    "i_e2": {
      "start": "e2_d",
      "end": "e2_e",
      "type": "horizontal"
    },
    "im_vert": {
      "start": "im_t",
      "end": "im_b",
      "type": "vertical"
    }
  },
  "regions": {
    "R_a": {
      "type": "single-phase",
      "phase_name": "\u03b1",
      "label": {
        "text": "\u03b1",
        "c": 4,
        "t": 600
      },
      "bounding_curves": [
        {
          "id": "S_a",
          "dir": 1
        },
        {
          "id": "sol_a",
          "dir": 1
        },
        {
          "id": "sol_a_bot",
          "dir": 1
        },
        {
          "id": "bot_a",
          "dir": -1
        },
        {
          "id": "e_L",
          "dir": 1
        }
      ]
    }
  }
}