{
  "metadata": {
    "id": "final_boss_296",
    "axes": {
      "c_max": 100,
      "t_max": 1200
    }
  },
  "nodes": {
    "tmA": {
      "c": 0,
      "t": 1061
    },
    "tmB": {
      "c": 100,
      "t": 1130
    },
    "e1_a": {
      "c": 17.25250576909157,
      "t": 912.5674479691572
    },
    "e1_l": {
      "c": 28.50171867260621,
      "t": 912.5674479691572
    },
    "e1_b": {
      "c": 38.468679243659594,
      "t": 912.5674479691572
    },
    "eu_b": {
      "c": 33.65005872592846,
      "t": 678.5666786666961
    },
    "eu_a": {
      "c": 5.132389456317947,
      "t": 678.5666786666961
    },
    "eu_g": {
      "c": 39.70376221632871,
      "t": 678.5666786666961
    },
    "im_t": {
      "c": 67.52491405508478,
      "t": 993.3681305260387
    },
    "im_b": {
      "c": 67.52491405508478,
      "t": 0
    },
    "p_im": {
      "c": 67.52491405508478,
      "t": 942.3603584274655
    },
    "p_l": {
      "c": 80.31320793036602,
      "t": 942.3603584274655
    },
    "p_d": {
      "c": 76.70768815359037,
      "t": 942.3603584274655
    },
    "e2_d": {
      "c": 76.97943247561703,
      "t": 419.76136575391655
    },
    "e2_l": {
      "c": 82.38450767112383,
      "t": 419.76136575391655
    },
    "e2_e": {
      "c": 95.01495173774906,
      "t": 419.76136575391655
    },
    "t_a": {
      "c": 1.4603678321992994,
      "t": 0
    },
    "t_g_l": {
      "c": 36.734732711741174,
      "t": 0
    },
    "t_g_r": {
      "c": 66.35991679773326,
      "t": 0
    },
    "t_d": {
      "c": 74.0751402340309,
      "t": 0
    },
    "t_e": {
      "c": 99.87010876408708,
      "t": 0
    }
  },
  "curves": {
    "L_1": {
      "start": "tmA",
      "end": "e1_l",
      "type": "liquidus",
      "power": 0.8
    },
    "L_2": {
      "start": "e1_l",
      "end": "im_t",
      "type": "liquidus",
      "power": 1.2
    },
    "L_3": {
      "start": "im_t",
      "end": "p_l",
      "type": "liquidus",
      "power": 0.9
    },
    "L_4": {
      "start": "p_l",
      "end": "e2_l",
      "type": "liquidus",
      "power": 1.1
    },
    "L_5": {
      "start": "e2_l",
      "end": "tmB",
      "type": "liquidus",
      "power": 0.8
    },
    "S_a": {
      "start": "tmA",
      "end": "e1_a",
      "type": "solidus",
      "power": 1.2
    },
    "S_e": {
      "start": "tmB",
      "end": "e2_e",
      "type": "solidus",
      "power": 1.1
    },
    "sol_a": {
      "start": "e1_a",
      "end": "eu_a",
      "type": "solvus",
      "power": 2.0
    },
    "sol_a_bot": {
      "start": "eu_a",
      "end": "t_a",
      "type": "solvus",
      "power": 1.5
    },
    "sol_e": {
      "start": "e2_e",
      "end": "t_e",
      "type": "solvus",
      "power": 1.8
    },
    "i_e1": {
      "start": "e1_a",
      "end": "e1_b",
      "type": "horizontal"
    },
    "i_eu": {
      "start": "eu_a",
      "end": "eu_g",
      "type": "horizontal"
    },
    "i_p": {
      "start": "p_im",
      "end": "p_l",
      "type": "horizontal"
    },
    "i_e2": {
      "start": "e2_d",
      "end": "e2_e",
      "type": "horizontal"
    },
    "im_vert": {
      "start": "im_t",
      "end": "im_b",
      "type": "vertical"
    }
  },
  "regions": {
    "R_a": {
      "type": "single-phase",
      "phase_name": "\u03b1",
      "label": {
        "text": "\u03b1",
        "c": 4,
        "t": 600
      },
      "bounding_curves": [
        {
          "id": "S_a",
          "dir": 1
        },
        {
          "id": "sol_a",
          "dir": 1
        },
        {
          "id": "sol_a_bot",
          "dir": 1
        },
        {
          "id": "bot_a",
          "dir": -1
        },
        {
          "id": "e_L",
          "dir": 1
        }
      ]
    }
  }
}