{
  "metadata": {
    "id": "final_boss_67",
    "axes": {
      "c_max": 100,
      "t_max": 1200
    }
  },
  "nodes": {
    "tmA": {
      "c": 0,
      "t": 1118
    },
    "tmB": {
      "c": 100,
      "t": 1014
    },
    "e1_a": {
      "c": 14.446393481542312,
      "t": 861.2505104931029
    },
    "e1_l": {
      "c": 26.041631910383874,
      "t": 861.2505104931029
    },
    "e1_b": {
      "c": 39.72067338328719,
      "t": 861.2505104931029
    },
    "eu_b": {
      "c": 32.96304976332762,
      "t": 666.8971331278433
    },
    "eu_a": {
      "c": 12.241981337068355,
      "t": 666.8971331278433
    },
    "eu_g": {
      "c": 41.985059777728466,
      "t": 666.8971331278433
    },
    "im_t": {
      "c": 68.66849200551802,
      "t": 1017.8670669938028
    },
    "im_b": {
      "c": 68.66849200551802,
      "t": 0
    },
    "p_im": {
      "c": 68.66849200551802,
      "t": 790.3851654280863
    },
    "p_l": {
      "c": 87.2810175132725,
      "t": 790.3851654280863
    },
    "p_d": {
      "c": 73.12247622145065,
      "t": 790.3851654280863
    },
    "e2_d": {
      "c": 78.17889825447358,
      "t": 649.9468620229304
    },
    "e2_l": {
      "c": 84.92900783590267,
      "t": 649.9468620229304
    },
    "e2_e": {
      "c": 89.78944142236362,
      "t": 649.9468620229304
    },
    "t_a": {
      "c": 3.5130960404395943,
      "t": 0
    },
    "t_g_l": {
      "c": 41.32952258527423,
      "t": 0
    },
    "t_g_r": {
      "c": 42.666058683577255,
      "t": 0
    },
    "t_d": {
      "c": 77.50876337609957,
      "t": 0
    },
    "t_e": {
      "c": 92.26589733750444,
      "t": 0
    }
  },
  "curves": {
    "L_1": {
      "start": "tmA",
      "end": "e1_l",
      "type": "liquidus",
      "power": 0.8
    },
    "L_2": {
      "start": "e1_l",
      "end": "im_t",
      "type": "liquidus",
      "power": 1.2
    },
    "L_3": {
      "start": "im_t",
      "end": "p_l",
      "type": "liquidus",
      "power": 0.9
    },
    "L_4": {
      "start": "p_l",
      "end": "e2_l",
      "type": "liquidus",
      "power": 1.1
    },
    "L_5": {
      "start": "e2_l",
      "end": "tmB",
      "type": "liquidus",
      "power": 0.8
    },
    "S_a": {
      "start": "tmA",
      "end": "e1_a",
      "type": "solidus",
      "power": 1.2
    },
    "S_e": {
      "start": "tmB",
      "end": "e2_e",
      "type": "solidus",
      "power": 1.1
    },
    "sol_a": {
      "start": "e1_a",
      "end": "eu_a",
      "type": "solvus",
      "power": 2.0
    },
    "sol_a_bot": {
      "start": "eu_a",
      "end": "t_a",
      "type": "solvus",
      "power": 1.5
    },
    "sol_e": {
      "start": "e2_e",
      "end": "t_e",
      "type": "solvus",
      "power": 1.8
    },
    "i_e1": {
      "start": "e1_a",
      "end": "e1_b",
      "type": "horizontal"
    },
    "i_eu": {
      "start": "eu_a",
      "end": "eu_g",
      "type": "horizontal"
    },
    "i_p": {
      "start": "p_im",
      "end": "p_l",
      "type": "horizontal"
    },
    "i_e2": {
      "start": "e2_d",
      "end": "e2_e",
      "type": "horizontal"
    },
    "im_vert": {
      "start": "im_t",
      "end": "im_b",
      "type": "vertical"
    }
  },
  "regions": {
    "R_a": {
      "type": "single-phase",
      "phase_name": "\u03b1",
      "label": {
        "text": "\u03b1",
        "c": 4,
        "t": 600
      },
      "bounding_curves": [
        {
          "id": "S_a",
          "dir": 1
        },
        {
          "id": "sol_a",
          "dir": 1
        },
        {
          "id": "sol_a_bot",
          "dir": 1
        },
        {
          "id": "bot_a",
          "dir": -1
        },
        {
          "id": "e_L",
          "dir": 1
        }
      ]
    }
  }
}