{
  "metadata": {
    "id": "final_boss_275",
    "axes": {
      "c_max": 100,
      "t_max": 1200
    }
  },
  "nodes": {
    "tmA": {
      "c": 0,
      "t": 1077
    },
    "tmB": {
      "c": 100,
      "t": 1136
    },
    "e1_a": {
      "c": 8.868788187259081,
      "t": 905.1513367108581
    },
    "e1_l": {
      "c": 27.37382799720692,
      "t": 905.1513367108581
    },
    "e1_b": {
      "c": 41.74807479581163,
      "t": 905.1513367108581
    },
    "eu_b": {
      "c": 35.52448278695613,
      "t": 609.6930389450557
    },
    "eu_a": {
      "c": 5.285295317407135,
      "t": 609.6930389450557
    },
    "eu_g": {
      "c": 40.94103664299931,
      "t": 609.6930389450557
    },
    "im_t": {
      "c": 60.23129767894991,
      "t": 1052.7592118166294
    },
    "im_b": {
      "c": 60.23129767894991,
      "t": 0
    },
    "p_im": {
      "c": 60.23129767894991,
      "t": 775.917979270462
    },
    "p_l": {
      "c": 86.61848759364679,
      "t": 775.917979270462
    },
    "p_d": {
      "c": 77.68152984396643,
      "t": 775.917979270462
    },
    "e2_d": {
      "c": 80.05777419737609,
      "t": 723.5387304818528
    },
    "e2_l": {
      "c": 88.97380663127107,
      "t": 723.5387304818528
    },
    "e2_e": {
      "c": 94.42885865150264,
      "t": 723.5387304818528
    },
    "t_a": {
      "c": 4.016476933485971,
      "t": 0
    },
    "t_g_l": {
      "c": 40.8645423746854,
      "t": 0
    },
    "t_g_r": {
      "c": 45.87340481362246,
      "t": 0
    },
    "t_d": {
      "c": 75.44936720825251,
      "t": 0
    },
    "t_e": {
      "c": 98.19564032763337,
      "t": 0
    }
  },
  "curves": {
    "L_1": {
      "start": "tmA",
      "end": "e1_l",
      "type": "liquidus",
      "power": 0.8
    },
    "L_2": {
      "start": "e1_l",
      "end": "im_t",
      "type": "liquidus",
      "power": 1.2
    },
    "L_3": {
      "start": "im_t",
      "end": "p_l",
      "type": "liquidus",
      "power": 0.9
    },
    "L_4": {
      "start": "p_l",
      "end": "e2_l",
      "type": "liquidus",
      "power": 1.1
    },
    "L_5": {
      "start": "e2_l",
      "end": "tmB",
      "type": "liquidus",
      "power": 0.8
    },
    "S_a": {
      "start": "tmA",
      "end": "e1_a",
      "type": "solidus",
      "power": 1.2
    },
    "S_e": {
      "start": "tmB",
      "end": "e2_e",
      "type": "solidus",
      "power": 1.1
    },
    "sol_a": {
      "start": "e1_a",
      "end": "eu_a",
      "type": "solvus",
      "power": 2.0
    },
    "sol_a_bot": {
      "start": "eu_a",
      "end": "t_a",
      "type": "solvus",
      "power": 1.5
    },
    "sol_e": {
      "start": "e2_e",
      "end": "t_e",
      "type": "solvus",
      "power": 1.8
    },
    "i_e1": {
      "start": "e1_a",
      "end": "e1_b",
      "type": "horizontal"
    },
    "i_eu": {
      "start": "eu_a",
      "end": "eu_g",
      "type": "horizontal"
    },
    "i_p": {
      "start": "p_im",
      "end": "p_l",
      "type": "horizontal"
    },
    "i_e2": {
      "start": "e2_d",
      "end": "e2_e",
      "type": "horizontal"
    },
    "im_vert": {
      "start": "im_t",
      "end": "im_b",
      "type": "vertical"
    }
  },
  "regions": {
    "R_a": {
      "type": "single-phase",
      "phase_name": "\u03b1",
      "label": {
        "text": "\u03b1",
        "c": 4,
        "t": 600
      },
      "bounding_curves": [
        {
          "id": "S_a",
          "dir": 1
        },
        {
          "id": "sol_a",
          "dir": 1
        },
        {
          "id": "sol_a_bot",
          "dir": 1
        },
        {
          "id": "bot_a",
          "dir": -1
        },
        {
          "id": "e_L",
          "dir": 1
        }
      ]
    }
  }
}