{
  "metadata": {
    "id": "final_boss_487",
    "axes": {
      "c_max": 100,
      "t_max": 1200
    }
  },
  "nodes": {
    "tmA": {
      "c": 0,
      "t": 1140
    },
    "tmB": {
      "c": 100,
      "t": 1104
    },
    "e1_a": {
      "c": 13.800360104172452,
      "t": 893.4983402798201
    },
    "e1_l": {
      "c": 29.2918890784883,
      "t": 893.4983402798201
    },
    "e1_b": {
      "c": 39.028550810418174,
      "t": 893.4983402798201
    },
    "eu_b": {
      "c": 36.214418880102606,
      "t": 644.9106439029574
    },
    "eu_a": {
      "c": 7.659587661172807,
      "t": 644.9106439029574
    },
    "eu_g": {
      "c": 46.62291193643198,
      "t": 644.9106439029574
    },
    "im_t": {
      "c": 64.34494212189601,
      "t": 1125.110155954128
    },
    "im_b": {
      "c": 64.34494212189601,
      "t": 0
    },
    "p_im": {
      "c": 64.34494212189601,
      "t": 991.1346659917266
    },
    "p_l": {
      "c": 75.72698622469828,
      "t": 991.1346659917266
    },
    "p_d": {
      "c": 69.14096589375626,
      "t": 991.1346659917266
    },
    "e2_d": {
      "c": 71.31145936544794,
      "t": 632.9094896197698
    },
    "e2_l": {
      "c": 78.68512631370727,
      "t": 632.9094896197698
    },
    "e2_e": {
      "c": 87.39433153667856,
      "t": 632.9094896197698
    },
    "t_a": {
      "c": 2.6105198953118136,
      "t": 0
    },
    "t_g_l": {
      "c": 44.01661879406095,
      "t": 0
    },
    "t_g_r": {
      "c": 46.975589363368236,
      "t": 0
    },
    "t_d": {
      "c": 67.9461209575339,
      "t": 0
    },
    "t_e": {
      "c": 93.9558375610361,
      "t": 0
    }
  },
  "curves": {
    "L_1": {
      "start": "tmA",
      "end": "e1_l",
      "type": "liquidus",
      "power": 0.8
    },
    "L_2": {
      "start": "e1_l",
      "end": "im_t",
      "type": "liquidus",
      "power": 1.2
    },
    "L_3": {
      "start": "im_t",
      "end": "p_l",
      "type": "liquidus",
      "power": 0.9
    },
    "L_4": {
      "start": "p_l",
      "end": "e2_l",
      "type": "liquidus",
      "power": 1.1
    },
    "L_5": {
      "start": "e2_l",
      "end": "tmB",
      "type": "liquidus",
      "power": 0.8
    },
    "S_a": {
      "start": "tmA",
      "end": "e1_a",
      "type": "solidus",
      "power": 1.2
    },
    "S_e": {
      "start": "tmB",
      "end": "e2_e",
      "type": "solidus",
      "power": 1.1
    },
    "sol_a": {
      "start": "e1_a",
      "end": "eu_a",
      "type": "solvus",
      "power": 2.0
    },
    "sol_a_bot": {
      "start": "eu_a",
      "end": "t_a",
      "type": "solvus",
      "power": 1.5
    },
    "sol_e": {
      "start": "e2_e",
      "end": "t_e",
      "type": "solvus",
      "power": 1.8
    },
    "i_e1": {
      "start": "e1_a",
      "end": "e1_b",
      "type": "horizontal"
    },
    "i_eu": {
      "start": "eu_a",
      "end": "eu_g",
      "type": "horizontal"
    },
    "i_p": {
      "start": "p_im",
      "end": "p_l",
      "type": "horizontal"
    },
    "i_e2": {
      "start": "e2_d",
      "end": "e2_e",
      "type": "horizontal"
    },
    "im_vert": {
      "start": "im_t",
      "end": "im_b",
      "type": "vertical"
    }
  },
  "regions": {
    "R_a": {
      "type": "single-phase",
      "phase_name": "\u03b1",
      "label": {
        "text": "\u03b1",
        "c": 4,
        "t": 600
      },
      "bounding_curves": [
        {
          "id": "S_a",
          "dir": 1
        },
        {
          "id": "sol_a",
          "dir": 1
        },
        {
          "id": "sol_a_bot",
          "dir": 1
        },
        {
          "id": "bot_a",
          "dir": -1
        },
        {
          "id": "e_L",
          "dir": 1
        }
      ]
    }
  }
}