{
  "metadata": {
    "id": "final_boss_390",
    "axes": {
      "c_max": 100,
      "t_max": 1200
    }
  },
  "nodes": {
    "tmA": {
      "c": 0,
      "t": 1087
    },
    "tmB": {
      "c": 100,
      "t": 1051
    },
    "e1_a": {
      "c": 11.207069073654553,
      "t": 815.3028756897553
    },
    "e1_l": {
      "c": 23.553235509345335,
      "t": 815.3028756897553
    },
    "e1_b": {
      "c": 37.02647202569612,
      "t": 815.3028756897553
    },
    "eu_b": {
      "c": 29.801495417242773,
      "t": 624.3328665228728
    },
    "eu_a": {
      "c": 6.5784611145025345,
      "t": 624.3328665228728
    },
    "eu_g": {
      "c": 39.26308100799657,
      "t": 624.3328665228728
    },
    "im_t": {
      "c": 54.24332812301194,
      "t": 964.5930704197954
    },
    "im_b": {
      "c": 54.24332812301194,
      "t": 0
    },
    "p_im": {
      "c": 54.24332812301194,
      "t": 844.9494689212398
    },
    "p_l": {
      "c": 81.17836699002395,
      "t": 844.9494689212398
    },
    "p_d": {
      "c": 76.04503011968622,
      "t": 844.9494689212398
    },
    "e2_d": {
      "c": 77.7823004268798,
      "t": 668.6215316999198
    },
    "e2_l": {
      "c": 84.10616861159653,
      "t": 668.6215316999198
    },
    "e2_e": {
      "c": 90.32707993283081,
      "t": 668.6215316999198
    },
    "t_a": {
      "c": 1.0372213384439761,
      "t": 0
    },
    "t_g_l": {
      "c": 38.424214673160364,
      "t": 0
    },
    "t_g_r": {
      "c": 51.84884674665018,
      "t": 0
    },
    "t_d": {
      "c": 67.28428925080658,
      "t": 0
    },
    "t_e": {
      "c": 93.23202584107688,
      "t": 0
    }
  },
  "curves": {
    "L_1": {
      "start": "tmA",
      "end": "e1_l",
      "type": "liquidus",
      "power": 0.8
    },
    "L_2": {
      "start": "e1_l",
      "end": "im_t",
      "type": "liquidus",
      "power": 1.2
    },
    "L_3": {
      "start": "im_t",
      "end": "p_l",
      "type": "liquidus",
      "power": 0.9
    },
    "L_4": {
      "start": "p_l",
      "end": "e2_l",
      "type": "liquidus",
      "power": 1.1
    },
    "L_5": {
      "start": "e2_l",
      "end": "tmB",
      "type": "liquidus",
      "power": 0.8
    },
    "S_a": {
      "start": "tmA",
      "end": "e1_a",
      "type": "solidus",
      "power": 1.2
    },
    "S_e": {
      "start": "tmB",
      "end": "e2_e",
      "type": "solidus",
      "power": 1.1
    },
    "sol_a": {
      "start": "e1_a",
      "end": "eu_a",
      "type": "solvus",
      "power": 2.0
    },
    "sol_a_bot": {
      "start": "eu_a",
      "end": "t_a",
      "type": "solvus",
      "power": 1.5
    },
    "sol_e": {
      "start": "e2_e",
      "end": "t_e",
      "type": "solvus",
      "power": 1.8
    },
    "i_e1": {
      "start": "e1_a",
      "end": "e1_b",
      "type": "horizontal"
    },
    "i_eu": {
      "start": "eu_a",
      "end": "eu_g",
      "type": "horizontal"
    },
    "i_p": {
      "start": "p_im",
      "end": "p_l",
      "type": "horizontal"
    },
    "i_e2": {
      "start": "e2_d",
      "end": "e2_e",
      "type": "horizontal"
    },
    "im_vert": {
      "start": "im_t",
      "end": "im_b",
      "type": "vertical"
    }
  },
  "regions": {
    "R_a": {
      "type": "single-phase",
      "phase_name": "\u03b1",
      "label": {
        "text": "\u03b1",
        "c": 4,
        "t": 600
      },
      "bounding_curves": [
        {
          "id": "S_a",
          "dir": 1
        },
        {
          "id": "sol_a",
          "dir": 1
        },
        {
          "id": "sol_a_bot",
          "dir": 1
        },
        {
          "id": "bot_a",
          "dir": -1
        },
        {
          "id": "e_L",
          "dir": 1
        }
      ]
    }
  }
}