{
  "metadata": {
    "id": "final_boss_59",
    "axes": {
      "c_max": 100,
      "t_max": 1200
    }
  },
  "nodes": {
    "tmA": {
      "c": 0,
      "t": 1079
    },
    "tmB": {
      "c": 100,
      "t": 1132
    },
    "e1_a": {
      "c": 8.289675875788031,
      "t": 898.098286640071
    },
    "e1_l": {
      "c": 19.380007733603925,
      "t": 898.098286640071
    },
    "e1_b": {
      "c": 29.49565768291261,
      "t": 898.098286640071
    },
    "eu_b": {
      "c": 24.14698329475558,
      "t": 628.6074722358019
    },
    "eu_a": {
      "c": 5.794511195585119,
      "t": 628.6074722358019
    },
    "eu_g": {
      "c": 32.29049459344874,
      "t": 628.6074722358019
    },
    "im_t": {
      "c": 67.38761854444277,
      "t": 1146.6928838422614
    },
    "im_b": {
      "c": 67.38761854444277,
      "t": 0
    },
    "p_im": {
      "c": 67.38761854444277,
      "t": 870.0889855009115
    },
    "p_l": {
      "c": 85.3813531548545,
      "t": 870.0889855009115
    },
    "p_d": {
      "c": 81.18329492615014,
      "t": 870.0889855009115
    },
    "e2_d": {
      "c": 81.99800253113848,
      "t": 679.1139361145326
    },
    "e2_l": {
      "c": 88.39535082650957,
      "t": 679.1139361145326
    },
    "e2_e": {
      "c": 94.51329753422314,
      "t": 679.1139361145326
    },
    "t_a": {
      "c": 4.404063784203903,
      "t": 0
    },
    "t_g_l": {
      "c": 31.361663232383947,
      "t": 0
    },
    "t_g_r": {
      "c": 41.56971271420696,
      "t": 0
    },
    "t_d": {
      "c": 78.81537591351419,
      "t": 0
    },
    "t_e": {
      "c": 98.3604795801088,
      "t": 0
    }
  },
  "curves": {
    "L_1": {
      "start": "tmA",
      "end": "e1_l",
      "type": "liquidus",
      "power": 0.8
    },
    "L_2": {
      "start": "e1_l",
      "end": "im_t",
      "type": "liquidus",
      "power": 1.2
    },
    "L_3": {
      "start": "im_t",
      "end": "p_l",
      "type": "liquidus",
      "power": 0.9
    },
    "L_4": {
      "start": "p_l",
      "end": "e2_l",
      "type": "liquidus",
      "power": 1.1
    },
    "L_5": {
      "start": "e2_l",
      "end": "tmB",
      "type": "liquidus",
      "power": 0.8
    },
    "S_a": {
      "start": "tmA",
      "end": "e1_a",
      "type": "solidus",
      "power": 1.2
    },
    "S_e": {
      "start": "tmB",
      "end": "e2_e",
      "type": "solidus",
      "power": 1.1
    },
    "sol_a": {
      "start": "e1_a",
      "end": "eu_a",
      "type": "solvus",
      "power": 2.0
    },
    "sol_a_bot": {
      "start": "eu_a",
      "end": "t_a",
      "type": "solvus",
      "power": 1.5
    },
    "sol_e": {
      "start": "e2_e",
      "end": "t_e",
      "type": "solvus",
      "power": 1.8
    },
    "i_e1": {
      "start": "e1_a",
      "end": "e1_b",
      "type": "horizontal"
    },
    "i_eu": {
      "start": "eu_a",
      "end": "eu_g",
      "type": "horizontal"
    },
    "i_p": {
      "start": "p_im",
      "end": "p_l",
      "type": "horizontal"
    },
    "i_e2": {
      "start": "e2_d",
      "end": "e2_e",
      "type": "horizontal"
    },
    "im_vert": {
      "start": "im_t",
      "end": "im_b",
      "type": "vertical"
    }
  },
  "regions": {
    "R_a": {
      "type": "single-phase",
      "phase_name": "\u03b1",
      "label": {
        "text": "\u03b1",
        "c": 4,
        "t": 600
      },
      "bounding_curves": [
        {
          "id": "S_a",
          "dir": 1
        },
        {
          "id": "sol_a",
          "dir": 1
        },
        {
          "id": "sol_a_bot",
          "dir": 1
        },
        {
          "id": "bot_a",
          "dir": -1
        },
        {
          "id": "e_L",
          "dir": 1
        }
      ]
    }
  }
}