{
  "metadata": {
    "id": "final_boss_71",
    "axes": {
      "c_max": 100,
      "t_max": 1200
    }
  },
  "nodes": {
    "tmA": {
      "c": 0,
      "t": 1109
    },
    "tmB": {
      "c": 100,
      "t": 1125
    },
    "e1_a": {
      "c": 17.461135456546568,
      "t": 876.9605604113207
    },
    "e1_l": {
      "c": 32.27144899964388,
      "t": 876.9605604113207
    },
    "e1_b": {
      "c": 42.05904804024833,
      "t": 876.9605604113207
    },
    "eu_b": {
      "c": 40.012438670169075,
      "t": 676.8373159986644
    },
    "eu_a": {
      "c": 6.452951441776182,
      "t": 676.8373159986644
    },
    "eu_g": {
      "c": 53.81503287709061,
      "t": 676.8373159986644
    },
    "im_t": {
      "c": 70.377877551512,
      "t": 958.5586420163874
    },
    "im_b": {
      "c": 70.377877551512,
      "t": 0
    },
    "p_im": {
      "c": 70.377877551512,
      "t": 905.41077955571
    },
    "p_l": {
      "c": 83.13545993710116,
      "t": 905.41077955571
    },
    "p_d": {
      "c": 77.77986101909623,
      "t": 905.41077955571
    },
    "e2_d": {
      "c": 79.2496390541936,
      "t": 830.4189847502139
    },
    "e2_l": {
      "c": 85.58409898923371,
      "t": 830.4189847502139
    },
    "e2_e": {
      "c": 93.04664366553365,
      "t": 830.4189847502139
    },
    "t_a": {
      "c": 2.5684704201284663,
      "t": 0
    },
    "t_g_l": {
      "c": 50.99541108265246,
      "t": 0
    },
    "t_g_r": {
      "c": 68.85878002929071,
      "t": 0
    },
    "t_d": {
      "c": 77.36420256006971,
      "t": 0
    },
    "t_e": {
      "c": 95.63881858554744,
      "t": 0
    }
  },
  "curves": {
    "L_1": {
      "start": "tmA",
      "end": "e1_l",
      "type": "liquidus",
      "power": 0.8
    },
    "L_2": {
      "start": "e1_l",
      "end": "im_t",
      "type": "liquidus",
      "power": 1.2
    },
    "L_3": {
      "start": "im_t",
      "end": "p_l",
      "type": "liquidus",
      "power": 0.9
    },
    "L_4": {
      "start": "p_l",
      "end": "e2_l",
      "type": "liquidus",
      "power": 1.1
    },
    "L_5": {
      "start": "e2_l",
      "end": "tmB",
      "type": "liquidus",
      "power": 0.8
    },
    "S_a": {
      "start": "tmA",
      "end": "e1_a",
      "type": "solidus",
      "power": 1.2
    },
    "S_e": {
      "start": "tmB",
      "end": "e2_e",
      "type": "solidus",
      "power": 1.1
    },
    "sol_a": {
      "start": "e1_a",
      "end": "eu_a",
      "type": "solvus",
      "power": 2.0
    },
    "sol_a_bot": {
      "start": "eu_a",
      "end": "t_a",
      "type": "solvus",
      "power": 1.5
    },
    "sol_e": {
      "start": "e2_e",
      "end": "t_e",
      "type": "solvus",
      "power": 1.8
    },
    "i_e1": {
      "start": "e1_a",
      "end": "e1_b",
      "type": "horizontal"
    },
    "i_eu": {
      "start": "eu_a",
      "end": "eu_g",
      "type": "horizontal"
    },
    "i_p": {
      "start": "p_im",
      "end": "p_l",
      "type": "horizontal"
    },
    "i_e2": {
      "start": "e2_d",
      "end": "e2_e",
      "type": "horizontal"
    },
    "im_vert": {
      "start": "im_t",
      "end": "im_b",
      "type": "vertical"
    }
  },
  "regions": {
    "R_a": {
      "type": "single-phase",
      "phase_name": "\u03b1",
      "label": {
        "text": "\u03b1",
        "c": 4,
        "t": 600
      },
      "bounding_curves": [
        {
          "id": "S_a",
          "dir": 1
        },
        {
          "id": "sol_a",
          "dir": 1
        },
        {
          "id": "sol_a_bot",
          "dir": 1
        },
        {
          "id": "bot_a",
          "dir": -1
        },
        {
          "id": "e_L",
          "dir": 1
        }
      ]
    }
  }
}