{
  "metadata": {
    "id": "final_boss_128",
    "axes": {
      "c_max": 100,
      "t_max": 1200
    }
  },
  "nodes": {
    "tmA": {
      "c": 0,
      "t": 1108
    },
    "tmB": {
      "c": 100,
      "t": 1123
    },
    "e1_a": {
      "c": 9.805512347212328,
      "t": 868.6243142278258
    },
    "e1_l": {
      "c": 17.872734274571606,
      "t": 868.6243142278258
    },
    "e1_b": {
      "c": 26.793269845169814,
      "t": 868.6243142278258
    },
    "eu_b": {
      "c": 23.683538588733025,
      "t": 613.8750928846114
    },
    "eu_a": {
      "c": 7.493220837712274,
      "t": 613.8750928846114
    },
    "eu_g": {
      "c": 34.71274091337114,
      "t": 613.8750928846114
    },
    "im_t": {
      "c": 62.51889759566463,
      "t": 1113.3266735852646
    },
    "im_b": {
      "c": 62.51889759566463,
      "t": 0
    },
    "p_im": {
      "c": 62.51889759566463,
      "t": 907.1137238627417
    },
    "p_l": {
      "c": 82.7272730817601,
      "t": 907.1137238627417
    },
    "p_d": {
      "c": 77.94837136434535,
      "t": 907.1137238627417
    },
    "e2_d": {
      "c": 79.16268140089363,
      "t": 839.9217756260853
    },
    "e2_l": {
      "c": 87.50904985356073,
      "t": 839.9217756260853
    },
    "e2_e": {
      "c": 92.56813027100996,
      "t": 839.9217756260853
    },
    "t_a": {
      "c": 2.3469055543827317,
      "t": 0
    },
    "t_g_l": {
      "c": 33.1738551275479,
      "t": 0
    },
    "t_g_r": {
      "c": 57.20669553794525,
      "t": 0
    },
    "t_d": {
      "c": 75.4868205096445,
      "t": 0
    },
    "t_e": {
      "c": 98.55046630040344,
      "t": 0
    }
  },
  "curves": {
    "L_1": {
      "start": "tmA",
      "end": "e1_l",
      "type": "liquidus",
      "power": 0.8
    },
    "L_2": {
      "start": "e1_l",
      "end": "im_t",
      "type": "liquidus",
      "power": 1.2
    },
    "L_3": {
      "start": "im_t",
      "end": "p_l",
      "type": "liquidus",
      "power": 0.9
    },
    "L_4": {
      "start": "p_l",
      "end": "e2_l",
      "type": "liquidus",
      "power": 1.1
    },
    "L_5": {
      "start": "e2_l",
      "end": "tmB",
      "type": "liquidus",
      "power": 0.8
    },
    "S_a": {
      "start": "tmA",
      "end": "e1_a",
      "type": "solidus",
      "power": 1.2
    },
    "S_e": {
      "start": "tmB",
      "end": "e2_e",
      "type": "solidus",
      "power": 1.1
    },
    "sol_a": {
      "start": "e1_a",
      "end": "eu_a",
      "type": "solvus",
      "power": 2.0
    },
    "sol_a_bot": {
      "start": "eu_a",
      "end": "t_a",
      "type": "solvus",
      "power": 1.5
    },
    "sol_e": {
      "start": "e2_e",
      "end": "t_e",
      "type": "solvus",
      "power": 1.8
    },
    "i_e1": {
      "start": "e1_a",
      "end": "e1_b",
      "type": "horizontal"
    },
    "i_eu": {
      "start": "eu_a",
      "end": "eu_g",
      "type": "horizontal"
    },
    "i_p": {
      "start": "p_im",
      "end": "p_l",
      "type": "horizontal"
    },
    "i_e2": {
      "start": "e2_d",
      "end": "e2_e",
      "type": "horizontal"
    },
    "im_vert": {
      "start": "im_t",
      "end": "im_b",
      "type": "vertical"
    }
  },
  "regions": {
    "R_a": {
      "type": "single-phase",
      "phase_name": "\u03b1",
      "label": {
        "text": "\u03b1",
        "c": 4,
        "t": 600
      },
      "bounding_curves": [
        {
          "id": "S_a",
          "dir": 1
        },
        {
          "id": "sol_a",
          "dir": 1
        },
        {
          "id": "sol_a_bot",
          "dir": 1
        },
        {
          "id": "bot_a",
          "dir": -1
        },
        {
          "id": "e_L",
          "dir": 1
        }
      ]
    }
  }
}