{
  "metadata": {
    "id": "final_boss_267",
    "axes": {
      "c_max": 100,
      "t_max": 1200
    }
  },
  "nodes": {
    "tmA": {
      "c": 0,
      "t": 1127
    },
    "tmB": {
      "c": 100,
      "t": 1075
    },
    "e1_a": {
      "c": 17.01073921622686,
      "t": 808.4654511920747
    },
    "e1_l": {
      "c": 34.269750609568725,
      "t": 808.4654511920747
    },
    "e1_b": {
      "c": 43.6427965672741,
      "t": 808.4654511920747
    },
    "eu_b": {
      "c": 40.90889306041176,
      "t": 656.0783309353112
    },
    "eu_a": {
      "c": 5.447620851500135,
      "t": 656.0783309353112
    },
    "eu_g": {
      "c": 52.27321425449954,
      "t": 656.0783309353112
    },
    "im_t": {
      "c": 72.4258513289888,
      "t": 1006.3924760336504
    },
    "im_b": {
      "c": 72.4258513289888,
      "t": 0
    },
    "p_im": {
      "c": 72.4258513289888,
      "t": 952.032725784057
    },
    "p_l": {
      "c": 86.964345899681,
      "t": 952.032725784057
    },
    "p_d": {
      "c": 82.42353032573003,
      "t": 952.032725784057
    },
    "e2_d": {
      "c": 83.8509659832343,
      "t": 843.6653236212312
    },
    "e2_l": {
      "c": 90.13961699571642,
      "t": 843.6653236212312
    },
    "e2_e": {
      "c": 95.337797980711,
      "t": 843.6653236212312
    },
    "t_a": {
      "c": 2.145582119361486,
      "t": 0
    },
    "t_g_l": {
      "c": 51.936457103566866,
      "t": 0
    },
    "t_g_r": {
      "c": 71.3594156609654,
      "t": 0
    },
    "t_d": {
      "c": 81.09269523118651,
      "t": 0
    },
    "t_e": {
      "c": 99.51360939538493,
      "t": 0
    }
  },
  "curves": {
    "L_1": {
      "start": "tmA",
      "end": "e1_l",
      "type": "liquidus",
      "power": 0.8
    },
    "L_2": {
      "start": "e1_l",
      "end": "im_t",
      "type": "liquidus",
      "power": 1.2
    },
    "L_3": {
      "start": "im_t",
      "end": "p_l",
      "type": "liquidus",
      "power": 0.9
    },
    "L_4": {
      "start": "p_l",
      "end": "e2_l",
      "type": "liquidus",
      "power": 1.1
    },
    "L_5": {
      "start": "e2_l",
      "end": "tmB",
      "type": "liquidus",
      "power": 0.8
    },
    "S_a": {
      "start": "tmA",
      "end": "e1_a",
      "type": "solidus",
      "power": 1.2
    },
    "S_e": {
      "start": "tmB",
      "end": "e2_e",
      "type": "solidus",
      "power": 1.1
    },
    "sol_a": {
      "start": "e1_a",
      "end": "eu_a",
      "type": "solvus",
      "power": 2.0
    },
    "sol_a_bot": {
      "start": "eu_a",
      "end": "t_a",
      "type": "solvus",
      "power": 1.5
    },
    "sol_e": {
      "start": "e2_e",
      "end": "t_e",
      "type": "solvus",
      "power": 1.8
    },
    "i_e1": {
      "start": "e1_a",
      "end": "e1_b",
      "type": "horizontal"
    },
    "i_eu": {
      "start": "eu_a",
      "end": "eu_g",
      "type": "horizontal"
    },
    "i_p": {
      "start": "p_im",
      "end": "p_l",
      "type": "horizontal"
    },
    "i_e2": {
      "start": "e2_d",
      "end": "e2_e",
      "type": "horizontal"
    },
    "im_vert": {
      "start": "im_t",
      "end": "im_b",
      "type": "vertical"
    }
  },
  "regions": {
    "R_a": {
      "type": "single-phase",
      "phase_name": "\u03b1",
      "label": {
        "text": "\u03b1",
        "c": 4,
        "t": 600
      },
      "bounding_curves": [
        {
          "id": "S_a",
          "dir": 1
        },
        {
          "id": "sol_a",
          "dir": 1
        },
        {
          "id": "sol_a_bot",
          "dir": 1
        },
        {
          "id": "bot_a",
          "dir": -1
        },
        {
          "id": "e_L",
          "dir": 1
        }
      ]
    }
  }
}