{
  "metadata": {
    "id": "final_boss_210",
    "axes": {
      "c_max": 100,
      "t_max": 1200
    }
  },
  "nodes": {
    "tmA": {
      "c": 0,
      "t": 1080
    },
    "tmB": {
      "c": 100,
      "t": 1136
    },
    "e1_a": {
      "c": 14.575629708170826,
      "t": 811.534263049144
    },
    "e1_l": {
      "c": 25.232591151608133,
      "t": 811.534263049144
    },
    "e1_b": {
      "c": 34.603127386589,
      "t": 811.534263049144
    },
    "eu_b": {
      "c": 28.6224669267531,
      "t": 557.9501972507034
    },
    "eu_a": {
      "c": 12.274462482543637,
      "t": 557.9501972507034
    },
    "eu_g": {
      "c": 38.10132320319831,
      "t": 557.9501972507034
    },
    "im_t": {
      "c": 61.76265836100242,
      "t": 1007.9041470708578
    },
    "im_b": {
      "c": 61.76265836100242,
      "t": 0
    },
    "p_im": {
      "c": 61.76265836100242,
      "t": 853.3956597472692
    },
    "p_l": {
      "c": 74.21203308490452,
      "t": 853.3956597472692
    },
    "p_d": {
      "c": 65.92369766136358,
      "t": 853.3956597472692
    },
    "e2_d": {
      "c": 69.1479018518493,
      "t": 655.1799360172528
    },
    "e2_l": {
      "c": 76.27447841853864,
      "t": 655.1799360172528
    },
    "e2_e": {
      "c": 93.9014233972821,
      "t": 655.1799360172528
    },
    "t_a": {
      "c": 5.698169323984886,
      "t": 0
    },
    "t_g_l": {
      "c": 36.588984785204225,
      "t": 0
    },
    "t_g_r": {
      "c": 51.25966485844111,
      "t": 0
    },
    "t_d": {
      "c": 68.2336445568806,
      "t": 0
    },
    "t_e": {
      "c": 98.76031738044512,
      "t": 0
    }
  },
  "curves": {
    "L_1": {
      "start": "tmA",
      "end": "e1_l",
      "type": "liquidus",
      "power": 0.8
    },
    "L_2": {
      "start": "e1_l",
      "end": "im_t",
      "type": "liquidus",
      "power": 1.2
    },
    "L_3": {
      "start": "im_t",
      "end": "p_l",
      "type": "liquidus",
      "power": 0.9
    },
    "L_4": {
      "start": "p_l",
      "end": "e2_l",
      "type": "liquidus",
      "power": 1.1
    },
    "L_5": {
      "start": "e2_l",
      "end": "tmB",
      "type": "liquidus",
      "power": 0.8
    },
    "S_a": {
      "start": "tmA",
      "end": "e1_a",
      "type": "solidus",
      "power": 1.2
    },
    "S_e": {
      "start": "tmB",
      "end": "e2_e",
      "type": "solidus",
      "power": 1.1
    },
    "sol_a": {
      "start": "e1_a",
      "end": "eu_a",
      "type": "solvus",
      "power": 2.0
    },
    "sol_a_bot": {
      "start": "eu_a",
      "end": "t_a",
      "type": "solvus",
      "power": 1.5
    },
    "sol_e": {
      "start": "e2_e",
      "end": "t_e",
      "type": "solvus",
      "power": 1.8
    },
    "i_e1": {
      "start": "e1_a",
      "end": "e1_b",
      "type": "horizontal"
    },
    "i_eu": {
      "start": "eu_a",
      "end": "eu_g",
      "type": "horizontal"
    },
    "i_p": {
      "start": "p_im",
      "end": "p_l",
      "type": "horizontal"
    },
    "i_e2": {
      "start": "e2_d",
      "end": "e2_e",
      "type": "horizontal"
    },
    "im_vert": {
      "start": "im_t",
      "end": "im_b",
      "type": "vertical"
    }
  },
  "regions": {
    "R_a": {
      "type": "single-phase",
      "phase_name": "\u03b1",
      "label": {
        "text": "\u03b1",
        "c": 4,
        "t": 600
      },
      "bounding_curves": [
        {
          "id": "S_a",
          "dir": 1
        },
        {
          "id": "sol_a",
          "dir": 1
        },
        {
          "id": "sol_a_bot",
          "dir": 1
        },
        {
          "id": "bot_a",
          "dir": -1
        },
        {
          "id": "e_L",
          "dir": 1
        }
      ]
    }
  }
}