{
  "metadata": {
    "id": "final_boss_98",
    "axes": {
      "c_max": 100,
      "t_max": 1200
    }
  },
  "nodes": {
    "tmA": {
      "c": 0,
      "t": 1142
    },
    "tmB": {
      "c": 100,
      "t": 1051
    },
    "e1_a": {
      "c": 11.45062825312807,
      "t": 914.4723804536969
    },
    "e1_l": {
      "c": 20.863194971281974,
      "t": 914.4723804536969
    },
    "e1_b": {
      "c": 34.745987828467,
      "t": 914.4723804536969
    },
    "eu_b": {
      "c": 26.701190541146158,
      "t": 552.2210426183981
    },
    "eu_a": {
      "c": 8.338380445048678,
      "t": 552.2210426183981
    },
    "eu_g": {
      "c": 37.93816710891786,
      "t": 552.2210426183981
    },
    "im_t": {
      "c": 63.433041476577024,
      "t": 986.8643022574033
    },
    "im_b": {
      "c": 63.433041476577024,
      "t": 0
    },
    "p_im": {
      "c": 63.433041476577024,
      "t": 821.010622555709
    },
    "p_l": {
      "c": 87.2350483278398,
      "t": 821.010622555709
    },
    "p_d": {
      "c": 79.44348112936511,
      "t": 821.010622555709
    },
    "e2_d": {
      "c": 81.51627372896372,
      "t": 650.7288880835081
    },
    "e2_l": {
      "c": 89.26341487974764,
      "t": 650.7288880835081
    },
    "e2_e": {
      "c": 93.6154215189159,
      "t": 650.7288880835081
    },
    "t_a": {
      "c": 5.591510928068016,
      "t": 0
    },
    "t_g_l": {
      "c": 37.879711615848265,
      "t": 0
    },
    "t_g_r": {
      "c": 51.024177993163136,
      "t": 0
    },
    "t_d": {
      "c": 74.9876278481937,
      "t": 0
    },
    "t_e": {
      "c": 97.03940700218769,
      "t": 0
    }
  },
  "curves": {
    "L_1": {
      "start": "tmA",
      "end": "e1_l",
      "type": "liquidus",
      "power": 0.8
    },
    "L_2": {
      "start": "e1_l",
      "end": "im_t",
      "type": "liquidus",
      "power": 1.2
    },
    "L_3": {
      "start": "im_t",
      "end": "p_l",
      "type": "liquidus",
      "power": 0.9
    },
    "L_4": {
      "start": "p_l",
      "end": "e2_l",
      "type": "liquidus",
      "power": 1.1
    },
    "L_5": {
      "start": "e2_l",
      "end": "tmB",
      "type": "liquidus",
      "power": 0.8
    },
    "S_a": {
      "start": "tmA",
      "end": "e1_a",
      "type": "solidus",
      "power": 1.2
    },
    "S_e": {
      "start": "tmB",
      "end": "e2_e",
      "type": "solidus",
      "power": 1.1
    },
    "sol_a": {
      "start": "e1_a",
      "end": "eu_a",
      "type": "solvus",
      "power": 2.0
    },
    "sol_a_bot": {
      "start": "eu_a",
      "end": "t_a",
      "type": "solvus",
      "power": 1.5
    },
    "sol_e": {
      "start": "e2_e",
      "end": "t_e",
      "type": "solvus",
      "power": 1.8
    },
    "i_e1": {
      "start": "e1_a",
      "end": "e1_b",
      "type": "horizontal"
    },
    "i_eu": {
      "start": "eu_a",
      "end": "eu_g",
      "type": "horizontal"
    },
    "i_p": {
      "start": "p_im",
      "end": "p_l",
      "type": "horizontal"
    },
    "i_e2": {
      "start": "e2_d",
      "end": "e2_e",
      "type": "horizontal"
    },
    "im_vert": {
      "start": "im_t",
      "end": "im_b",
      "type": "vertical"
    }
  },
  "regions": {
    "R_a": {
      "type": "single-phase",
      "phase_name": "\u03b1",
      "label": {
        "text": "\u03b1",
        "c": 4,
        "t": 600
      },
      "bounding_curves": [
        {
          "id": "S_a",
          "dir": 1
        },
        {
          "id": "sol_a",
          "dir": 1
        },
        {
          "id": "sol_a_bot",
          "dir": 1
        },
        {
          "id": "bot_a",
          "dir": -1
        },
        {
          "id": "e_L",
          "dir": 1
        }
      ]
    }
  }
}