{
  "metadata": {
    "id": "final_boss_28",
    "axes": {
      "c_max": 100,
      "t_max": 1200
    }
  },
  "nodes": {
    "tmA": {
      "c": 0,
      "t": 1133
    },
    "tmB": {
      "c": 100,
      "t": 1069
    },
    "e1_a": {
      "c": 9.320816997508523,
      "t": 884.3595975563755
    },
    "e1_l": {
      "c": 27.084073702153418,
      "t": 884.3595975563755
    },
    "e1_b": {
      "c": 36.70371858935355,
      "t": 884.3595975563755
    },
    "eu_b": {
      "c": 31.007905269971875,
      "t": 528.5600124181807
    },
    "eu_a": {
      "c": 7.25526386296397,
      "t": 528.5600124181807
    },
    "eu_g": {
      "c": 36.445699993498614,
      "t": 528.5600124181807
    },
    "im_t": {
      "c": 61.99448671667472,
      "t": 1130.5067698326625
    },
    "im_b": {
      "c": 61.99448671667472,
      "t": 0
    },
    "p_im": {
      "c": 61.99448671667472,
      "t": 1006.2031539436377
    },
    "p_l": {
      "c": 77.118295286888,
      "t": 1006.2031539436377
    },
    "p_d": {
      "c": 66.14126678822997,
      "t": 1006.2031539436377
    },
    "e2_d": {
      "c": 69.98934888783127,
      "t": 503.9906472093959
    },
    "e2_l": {
      "c": 81.28237689492248,
      "t": 503.9906472093959
    },
    "e2_e": {
      "c": 86.86585655763295,
      "t": 503.9906472093959
    },
    "t_a": {
      "c": 0.791280507308358,
      "t": 0
    },
    "t_g_l": {
      "c": 33.88510839172163,
      "t": 0
    },
    "t_g_r": {
      "c": 42.60982958945611,
      "t": 0
    },
    "t_d": {
      "c": 68.30730480159178,
      "t": 0
    },
    "t_e": {
      "c": 91.2665832612698,
      "t": 0
    }
  },
  "curves": {
    "L_1": {
      "start": "tmA",
      "end": "e1_l",
      "type": "liquidus",
      "power": 0.8
    },
    "L_2": {
      "start": "e1_l",
      "end": "im_t",
      "type": "liquidus",
      "power": 1.2
    },
    "L_3": {
      "start": "im_t",
      "end": "p_l",
      "type": "liquidus",
      "power": 0.9
    },
    "L_4": {
      "start": "p_l",
      "end": "e2_l",
      "type": "liquidus",
      "power": 1.1
    },
    "L_5": {
      "start": "e2_l",
      "end": "tmB",
      "type": "liquidus",
      "power": 0.8
    },
    "S_a": {
      "start": "tmA",
      "end": "e1_a",
      "type": "solidus",
      "power": 1.2
    },
    "S_e": {
      "start": "tmB",
      "end": "e2_e",
      "type": "solidus",
      "power": 1.1
    },
    "sol_a": {
      "start": "e1_a",
      "end": "eu_a",
      "type": "solvus",
      "power": 2.0
    },
    "sol_a_bot": {
      "start": "eu_a",
      "end": "t_a",
      "type": "solvus",
      "power": 1.5
    },
    "sol_e": {
      "start": "e2_e",
      "end": "t_e",
      "type": "solvus",
      "power": 1.8
    },
    "i_e1": {
      "start": "e1_a",
      "end": "e1_b",
      "type": "horizontal"
    },
    "i_eu": {
      "start": "eu_a",
      "end": "eu_g",
      "type": "horizontal"
    },
    "i_p": {
      "start": "p_im",
      "end": "p_l",
      "type": "horizontal"
    },
    "i_e2": {
      "start": "e2_d",
      "end": "e2_e",
      "type": "horizontal"
    },
    "im_vert": {
      "start": "im_t",
      "end": "im_b",
      "type": "vertical"
    }
  },
  "regions": {
    "R_a": {
      "type": "single-phase",
      "phase_name": "\u03b1",
      "label": {
        "text": "\u03b1",
        "c": 4,
        "t": 600
      },
      "bounding_curves": [
        {
          "id": "S_a",
          "dir": 1
        },
        {
          "id": "sol_a",
          "dir": 1
        },
        {
          "id": "sol_a_bot",
          "dir": 1
        },
        {
          "id": "bot_a",
          "dir": -1
        },
        {
          "id": "e_L",
          "dir": 1
        }
      ]
    }
  }
}