{
  "metadata": {
    "id": "final_boss_409",
    "axes": {
      "c_max": 100,
      "t_max": 1200
    }
  },
  "nodes": {
    "tmA": {
      "c": 0,
      "t": 1122
    },
    "tmB": {
      "c": 100,
      "t": 1148
    },
    "e1_a": {
      "c": 14.331624241438764,
      "t": 886.9989813983095
    },
    "e1_l": {
      "c": 31.6866739688681,
      "t": 886.9989813983095
    },
    "e1_b": {
      "c": 45.188312731427295,
      "t": 886.9989813983095
    },
    "eu_b": {
      "c": 40.55276367991576,
      "t": 586.1868247944589
    },
    "eu_a": {
      "c": 10.55117045478796,
      "t": 586.1868247944589
    },
    "eu_g": {
      "c": 51.38044499442025,
      "t": 586.1868247944589
    },
    "im_t": {
      "c": 74.09606595273448,
      "t": 1095.2130260726913
    },
    "im_b": {
      "c": 74.09606595273448,
      "t": 0
    },
    "p_im": {
      "c": 74.09606595273448,
      "t": 759.227799360674
    },
    "p_l": {
      "c": 84.5755160614817,
      "t": 759.227799360674
    },
    "p_d": {
      "c": 80.55132236288514,
      "t": 759.227799360674
    },
    "e2_d": {
      "c": 81.28449406124717,
      "t": 490.02910212541167
    },
    "e2_l": {
      "c": 88.12294555016281,
      "t": 490.02910212541167
    },
    "e2_e": {
      "c": 93.21399877293143,
      "t": 490.02910212541167
    },
    "t_a": {
      "c": 2.4557656460255575,
      "t": 0
    },
    "t_g_l": {
      "c": 48.594353322781146,
      "t": 0
    },
    "t_g_r": {
      "c": 66.30403976988813,
      "t": 0
    },
    "t_d": {
      "c": 78.13624039342699,
      "t": 0
    },
    "t_e": {
      "c": 96.92210926381735,
      "t": 0
    }
  },
  "curves": {
    "L_1": {
      "start": "tmA",
      "end": "e1_l",
      "type": "liquidus",
      "power": 0.8
    },
    "L_2": {
      "start": "e1_l",
      "end": "im_t",
      "type": "liquidus",
      "power": 1.2
    },
    "L_3": {
      "start": "im_t",
      "end": "p_l",
      "type": "liquidus",
      "power": 0.9
    },
    "L_4": {
      "start": "p_l",
      "end": "e2_l",
      "type": "liquidus",
      "power": 1.1
    },
    "L_5": {
      "start": "e2_l",
      "end": "tmB",
      "type": "liquidus",
      "power": 0.8
    },
    "S_a": {
      "start": "tmA",
      "end": "e1_a",
      "type": "solidus",
      "power": 1.2
    },
    "S_e": {
      "start": "tmB",
      "end": "e2_e",
      "type": "solidus",
      "power": 1.1
    },
    "sol_a": {
      "start": "e1_a",
      "end": "eu_a",
      "type": "solvus",
      "power": 2.0
    },
    "sol_a_bot": {
      "start": "eu_a",
      "end": "t_a",
      "type": "solvus",
      "power": 1.5
    },
    "sol_e": {
      "start": "e2_e",
      "end": "t_e",
      "type": "solvus",
      "power": 1.8
    },
    "i_e1": {
      "start": "e1_a",
      "end": "e1_b",
      "type": "horizontal"
    },
    "i_eu": {
      "start": "eu_a",
      "end": "eu_g",
      "type": "horizontal"
    },
    "i_p": {
      "start": "p_im",
      "end": "p_l",
      "type": "horizontal"
    },
    "i_e2": {
      "start": "e2_d",
      "end": "e2_e",
      "type": "horizontal"
    },
    "im_vert": {
      "start": "im_t",
      "end": "im_b",
      "type": "vertical"
    }
  },
  "regions": {
    "R_a": {
      "type": "single-phase",
      "phase_name": "\u03b1",
      "label": {
        "text": "\u03b1",
        "c": 4,
        "t": 600
      },
      "bounding_curves": [
        {
          "id": "S_a",
          "dir": 1
        },
        {
          "id": "sol_a",
          "dir": 1
        },
        {
          "id": "sol_a_bot",
          "dir": 1
        },
        {
          "id": "bot_a",
          "dir": -1
        },
        {
          "id": "e_L",
          "dir": 1
        }
      ]
    }
  }
}