{
  "metadata": {
    "id": "final_boss_469",
    "axes": {
      "c_max": 100,
      "t_max": 1200
    }
  },
  "nodes": {
    "tmA": {
      "c": 0,
      "t": 1148
    },
    "tmB": {
      "c": 100,
      "t": 1082
    },
    "e1_a": {
      "c": 19.195018211733917,
      "t": 803.7420578728498
    },
    "e1_l": {
      "c": 37.12166741991105,
      "t": 803.7420578728498
    },
    "e1_b": {
      "c": 51.935730717176014,
      "t": 803.7420578728498
    },
    "eu_b": {
      "c": 41.3072172995454,
      "t": 644.6915194604641
    },
    "eu_a": {
      "c": 8.793073744723063,
      "t": 644.6915194604641
    },
    "eu_g": {
      "c": 52.48011512419226,
      "t": 644.6915194604641
    },
    "im_t": {
      "c": 67.73898240091998,
      "t": 1132.9718829563021
    },
    "im_b": {
      "c": 67.73898240091998,
      "t": 0
    },
    "p_im": {
      "c": 67.73898240091998,
      "t": 860.6007611893643
    },
    "p_l": {
      "c": 85.13348188688731,
      "t": 860.6007611893643
    },
    "p_d": {
      "c": 76.10520504100634,
      "t": 860.6007611893643
    },
    "e2_d": {
      "c": 80.51599373062741,
      "t": 746.7672211673122
    },
    "e2_l": {
      "c": 87.12934040179606,
      "t": 746.7672211673122
    },
    "e2_e": {
      "c": 94.39800700133046,
      "t": 746.7672211673122
    },
    "t_a": {
      "c": 6.585108796684183,
      "t": 0
    },
    "t_g_l": {
      "c": 51.6690953627738,
      "t": 0
    },
    "t_g_r": {
      "c": 55.109371851870286,
      "t": 0
    },
    "t_d": {
      "c": 79.25836638161434,
      "t": 0
    },
    "t_e": {
      "c": 95.81700553710587,
      "t": 0
    }
  },
  "curves": {
    "L_1": {
      "start": "tmA",
      "end": "e1_l",
      "type": "liquidus",
      "power": 0.8
    },
    "L_2": {
      "start": "e1_l",
      "end": "im_t",
      "type": "liquidus",
      "power": 1.2
    },
    "L_3": {
      "start": "im_t",
      "end": "p_l",
      "type": "liquidus",
      "power": 0.9
    },
    "L_4": {
      "start": "p_l",
      "end": "e2_l",
      "type": "liquidus",
      "power": 1.1
    },
    "L_5": {
      "start": "e2_l",
      "end": "tmB",
      "type": "liquidus",
      "power": 0.8
    },
    "S_a": {
      "start": "tmA",
      "end": "e1_a",
      "type": "solidus",
      "power": 1.2
    },
    "S_e": {
      "start": "tmB",
      "end": "e2_e",
      "type": "solidus",
      "power": 1.1
    },
    "sol_a": {
      "start": "e1_a",
      "end": "eu_a",
      "type": "solvus",
      "power": 2.0
    },
    "sol_a_bot": {
      "start": "eu_a",
      "end": "t_a",
      "type": "solvus",
      "power": 1.5
    },
    "sol_e": {
      "start": "e2_e",
      "end": "t_e",
      "type": "solvus",
      "power": 1.8
    },
    "i_e1": {
      "start": "e1_a",
      "end": "e1_b",
      "type": "horizontal"
    },
    "i_eu": {
      "start": "eu_a",
      "end": "eu_g",
      "type": "horizontal"
    },
    "i_p": {
      "start": "p_im",
      "end": "p_l",
      "type": "horizontal"
    },
    "i_e2": {
      "start": "e2_d",
      "end": "e2_e",
      "type": "horizontal"
    },
    "im_vert": {
      "start": "im_t",
      "end": "im_b",
      "type": "vertical"
    }
  },
  "regions": {
    "R_a": {
      "type": "single-phase",
      "phase_name": "\u03b1",
      "label": {
        "text": "\u03b1",
        "c": 4,
        "t": 600
      },
      "bounding_curves": [
        {
          "id": "S_a",
          "dir": 1
        },
        {
          "id": "sol_a",
          "dir": 1
        },
        {
          "id": "sol_a_bot",
          "dir": 1
        },
        {
          "id": "bot_a",
          "dir": -1
        },
        {
          "id": "e_L",
          "dir": 1
        }
      ]
    }
  }
}