{
  "metadata": {
    "id": "final_boss_305",
    "axes": {
      "c_max": 100,
      "t_max": 1200
    }
  },
  "nodes": {
    "tmA": {
      "c": 0,
      "t": 1075
    },
    "tmB": {
      "c": 100,
      "t": 1102
    },
    "e1_a": {
      "c": 12.587464506471722,
      "t": 867.4883608297064
    },
    "e1_l": {
      "c": 24.916131568292133,
      "t": 867.4883608297064
    },
    "e1_b": {
      "c": 39.39618500292436,
      "t": 867.4883608297064
    },
    "eu_b": {
      "c": 30.894380777722827,
      "t": 714.8670981353273
    },
    "eu_a": {
      "c": 6.7891345740969005,
      "t": 714.8670981353273
    },
    "eu_g": {
      "c": 43.84465642802473,
      "t": 714.8670981353273
    },
    "im_t": {
      "c": 65.69331522963122,
      "t": 967.2434823480727
    },
    "im_b": {
      "c": 65.69331522963122,
      "t": 0
    },
    "p_im": {
      "c": 65.69331522963122,
      "t": 774.9959508008617
    },
    "p_l": {
      "c": 87.97541131763072,
      "t": 774.9959508008617
    },
    "p_d": {
      "c": 75.65623620381159,
      "t": 774.9959508008617
    },
    "e2_d": {
      "c": 80.48382887052891,
      "t": 657.1194142873619
    },
    "e2_l": {
      "c": 87.58775106061807,
      "t": 657.1194142873619
    },
    "e2_e": {
      "c": 93.45231786796887,
      "t": 657.1194142873619
    },
    "t_a": {
      "c": 4.759340803763909,
      "t": 0
    },
    "t_g_l": {
      "c": 43.06413993591267,
      "t": 0
    },
    "t_g_r": {
      "c": 55.44739234746066,
      "t": 0
    },
    "t_d": {
      "c": 78.61268142533501,
      "t": 0
    },
    "t_e": {
      "c": 98.78437089872499,
      "t": 0
    }
  },
  "curves": {
    "L_1": {
      "start": "tmA",
      "end": "e1_l",
      "type": "liquidus",
      "power": 0.8
    },
    "L_2": {
      "start": "e1_l",
      "end": "im_t",
      "type": "liquidus",
      "power": 1.2
    },
    "L_3": {
      "start": "im_t",
      "end": "p_l",
      "type": "liquidus",
      "power": 0.9
    },
    "L_4": {
      "start": "p_l",
      "end": "e2_l",
      "type": "liquidus",
      "power": 1.1
    },
    "L_5": {
      "start": "e2_l",
      "end": "tmB",
      "type": "liquidus",
      "power": 0.8
    },
    "S_a": {
      "start": "tmA",
      "end": "e1_a",
      "type": "solidus",
      "power": 1.2
    },
    "S_e": {
      "start": "tmB",
      "end": "e2_e",
      "type": "solidus",
      "power": 1.1
    },
    "sol_a": {
      "start": "e1_a",
      "end": "eu_a",
      "type": "solvus",
      "power": 2.0
    },
    "sol_a_bot": {
      "start": "eu_a",
      "end": "t_a",
      "type": "solvus",
      "power": 1.5
    },
    "sol_e": {
      "start": "e2_e",
      "end": "t_e",
      "type": "solvus",
      "power": 1.8
    },
    "i_e1": {
      "start": "e1_a",
      "end": "e1_b",
      "type": "horizontal"
    },
    "i_eu": {
      "start": "eu_a",
      "end": "eu_g",
      "type": "horizontal"
    },
    "i_p": {
      "start": "p_im",
      "end": "p_l",
      "type": "horizontal"
    },
    "i_e2": {
      "start": "e2_d",
      "end": "e2_e",
      "type": "horizontal"
    },
    "im_vert": {
      "start": "im_t",
      "end": "im_b",
      "type": "vertical"
    }
  },
  "regions": {
    "R_a": {
      "type": "single-phase",
      "phase_name": "\u03b1",
      "label": {
        "text": "\u03b1",
        "c": 4,
        "t": 600
      },
      "bounding_curves": [
        {
          "id": "S_a",
          "dir": 1
        },
        {
          "id": "sol_a",
          "dir": 1
        },
        {
          "id": "sol_a_bot",
          "dir": 1
        },
        {
          "id": "bot_a",
          "dir": -1
        },
        {
          "id": "e_L",
          "dir": 1
        }
      ]
    }
  }
}