{
  "metadata": {
    "id": "final_boss_352",
    "axes": {
      "c_max": 100,
      "t_max": 1200
    }
  },
  "nodes": {
    "tmA": {
      "c": 0,
      "t": 1127
    },
    "tmB": {
      "c": 100,
      "t": 1059
    },
    "e1_a": {
      "c": 9.271887451372343,
      "t": 949.9343111151704
    },
    "e1_l": {
      "c": 27.762008915430478,
      "t": 949.9343111151704
    },
    "e1_b": {
      "c": 36.0357085219032,
      "t": 949.9343111151704
    },
    "eu_b": {
      "c": 31.856842847690153,
      "t": 758.8689820964183
    },
    "eu_a": {
      "c": 5.143426978145101,
      "t": 758.8689820964183
    },
    "eu_g": {
      "c": 39.02127381628347,
      "t": 758.8689820964183
    },
    "im_t": {
      "c": 61.59993526201572,
      "t": 985.3544785361604
    },
    "im_b": {
      "c": 61.59993526201572,
      "t": 0
    },
    "p_im": {
      "c": 61.59993526201572,
      "t": 779.8802534864827
    },
    "p_l": {
      "c": 76.34599941436416,
      "t": 779.8802534864827
    },
    "p_d": {
      "c": 66.07394937121705,
      "t": 779.8802534864827
    },
    "e2_d": {
      "c": 69.031057770954,
      "t": 630.0143190420358
    },
    "e2_l": {
      "c": 76.28177930123482,
      "t": 630.0143190420358
    },
    "e2_e": {
      "c": 83.58509847763789,
      "t": 630.0143190420358
    },
    "t_a": {
      "c": 2.116418577805325,
      "t": 0
    },
    "t_g_l": {
      "c": 36.33686571095078,
      "t": 0
    },
    "t_g_r": {
      "c": 39.45827165202969,
      "t": 0
    },
    "t_d": {
      "c": 67.86087873681834,
      "t": 0
    },
    "t_e": {
      "c": 92.32337706622842,
      "t": 0
    }
  },
  "curves": {
    "L_1": {
      "start": "tmA",
      "end": "e1_l",
      "type": "liquidus",
      "power": 0.8
    },
    "L_2": {
      "start": "e1_l",
      "end": "im_t",
      "type": "liquidus",
      "power": 1.2
    },
    "L_3": {
      "start": "im_t",
      "end": "p_l",
      "type": "liquidus",
      "power": 0.9
    },
    "L_4": {
      "start": "p_l",
      "end": "e2_l",
      "type": "liquidus",
      "power": 1.1
    },
    "L_5": {
      "start": "e2_l",
      "end": "tmB",
      "type": "liquidus",
      "power": 0.8
    },
    "S_a": {
      "start": "tmA",
      "end": "e1_a",
      "type": "solidus",
      "power": 1.2
    },
    "S_e": {
      "start": "tmB",
      "end": "e2_e",
      "type": "solidus",
      "power": 1.1
    },
    "sol_a": {
      "start": "e1_a",
      "end": "eu_a",
      "type": "solvus",
      "power": 2.0
    },
    "sol_a_bot": {
      "start": "eu_a",
      "end": "t_a",
      "type": "solvus",
      "power": 1.5
    },
    "sol_e": {
      "start": "e2_e",
      "end": "t_e",
      "type": "solvus",
      "power": 1.8
    },
    "i_e1": {
      "start": "e1_a",
      "end": "e1_b",
      "type": "horizontal"
    },
    "i_eu": {
      "start": "eu_a",
      "end": "eu_g",
      "type": "horizontal"
    },
    "i_p": {
      "start": "p_im",
      "end": "p_l",
      "type": "horizontal"
    },
    "i_e2": {
      "start": "e2_d",
      "end": "e2_e",
      "type": "horizontal"
    },
    "im_vert": {
      "start": "im_t",
      "end": "im_b",
      "type": "vertical"
    }
  },
  "regions": {
    "R_a": {
      "type": "single-phase",
      "phase_name": "\u03b1",
      "label": {
        "text": "\u03b1",
        "c": 4,
        "t": 600
      },
      "bounding_curves": [
        {
          "id": "S_a",
          "dir": 1
        },
        {
          "id": "sol_a",
          "dir": 1
        },
        {
          "id": "sol_a_bot",
          "dir": 1
        },
        {
          "id": "bot_a",
          "dir": -1
        },
        {
          "id": "e_L",
          "dir": 1
        }
      ]
    }
  }
}