{
  "metadata": {
    "id": "final_boss_204",
    "axes": {
      "c_max": 100,
      "t_max": 1200
    },
    "intermetallics": [
      "A2B",
      "A3B"
    ],
    "mirrored": true
  },
  "nodes": {
    "top_L": {
      "c": 100.0,
      "t": 1200.0
    },
    "top_R": {
      "c": 0.0,
      "t": 1200.0
    },
    "bot_L": {
      "c": 100.0,
      "t": 0.0
    },
    "bot_R": {
      "c": 0.0,
      "t": 0.0
    },
    "tmA": {
      "c": 100.0,
      "t": 1113.3868
    },
    "tmB": {
      "c": 0.0,
      "t": 1113.3868
    },
    "im1_top": {
      "c": 75.0,
      "t": 1172.8660511563485
    },
    "bot_mid1": {
      "c": 75.0,
      "t": 0.0
    },
    "bot_mid2": {
      "c": 66.67,
      "t": 0.0
    },
    "e1_a": {
      "c": 86.668,
      "t": 831.7096
    },
    "e1_l": {
      "c": 70.835,
      "t": 831.7096,
      "is_nexus": true
    },
    "im1_e1": {
      "c": 75.0,
      "t": 831.7096
    },
    "po_a": {
      "c": 91.4706,
      "t": 532.0989
    },
    "im2_po": {
      "c": 66.67,
      "t": 532.0989,
      "is_nexus": true
    },
    "im1_po": {
      "c": 75.0,
      "t": 532.0989
    },
    "sol_a_bot": {
      "c": 95.7353,
      "t": 0.0
    },
    "sol_e_bot": {
      "c": 6.5625,
      "t": 0.0
    },
    "im1_p": {
      "c": 75.0,
      "t": 938.5676
    },
    "p_g": {
      "c": 56.75,
      "t": 938.5676,
      "is_nexus": true
    },
    "p_l": {
      "c": 38.5,
      "t": 938.5676
    },
    "e2_g": {
      "c": 47.625,
      "t": 735.6414
    },
    "e2_l": {
      "c": 29.375,
      "t": 735.6414,
      "is_nexus": true
    },
    "e2_e": {
      "c": 20.25,
      "t": 735.6414
    },
    "im1_eu": {
      "c": 75.0,
      "t": 636.4118
    },
    "eu_g": {
      "c": 65.875,
      "t": 636.4118,
      "is_nexus": true
    },
    "eu_e": {
      "c": 11.125,
      "t": 636.4118
    }
  },
  "curves": {
    "L_1": {
      "start": "tmA",
      "end": "e1_l",
      "type": "liquidus",
      "cx": -5.365032055696196
    },
    "L_2": {
      "start": "e1_l",
      "end": "im1_top",
      "type": "liquidus",
      "cx": 3.975384754049085
    },
    "L_3": {
      "start": "im1_top",
      "end": "p_l",
      "type": "liquidus",
      "cx": -5.563536619198642
    },
    "L_4": {
      "start": "p_l",
      "end": "e2_l",
      "type": "liquidus",
      "cx": -1.0725814790887345
    },
    "L_5": {
      "start": "e2_l",
      "end": "tmB",
      "type": "liquidus",
      "cx": 4.159163026796315
    },
    "S_a": {
      "start": "tmA",
      "end": "e1_a",
      "type": "solidus",
      "cx": 1.628845614570656
    },
    "S_g": {
      "start": "p_g",
      "end": "e2_g",
      "type": "solidus",
      "cx": -1.0
    },
    "S_e": {
      "start": "tmB",
      "end": "e2_e",
      "type": "solidus",
      "cx": -1.5560406277277687
    },
    "sol_a": {
      "start": "e1_a",
      "end": "sol_a_bot",
      "type": "solvus",
      "cx": -2.0342520432925584
    },
    "sol_g_L": {
      "start": "p_g",
      "end": "eu_g",
      "type": "solvus",
      "cx": 1.2965778963537677
    },
    "sol_g_R": {
      "start": "e2_g",
      "end": "eu_g",
      "type": "solvus",
      "cx": -1.385947013976534
    },
    "sol_e": {
      "start": "e2_e",
      "end": "sol_e_bot",
      "type": "solvus",
      "cx": 3.1809650166486176
    },
    "IM1": {
      "start": "im1_top",
      "end": "bot_mid1",
      "type": "vertical"
    },
    "IM2": {
      "start": "im2_po",
      "end": "bot_mid2",
      "type": "vertical"
    },
    "iso_e1": {
      "start": "e1_a",
      "end": "im1_e1",
      "type": "horizontal"
    },
    "iso_po": {
      "start": "po_a",
      "end": "im1_po",
      "type": "horizontal"
    },
    "iso_p": {
      "start": "im1_p",
      "end": "p_l",
      "type": "horizontal"
    },
    "iso_e2": {
      "start": "e2_g",
      "end": "e2_e",
      "type": "horizontal"
    },
    "iso_eu": {
      "start": "im1_eu",
      "end": "eu_e",
      "type": "horizontal"
    },
    "ed_top": {
      "start": "top_L",
      "end": "top_R",
      "type": "edge"
    },
    "ed_L_axis_top": {
      "start": "top_L",
      "end": "tmA",
      "type": "edge"
    },
    "ed_R_axis_top": {
      "start": "top_R",
      "end": "tmB",
      "type": "edge"
    },
    "ed_e1_L": {
      "start": "e1_a",
      "end": "e1_l",
      "type": "edge"
    },
    "ed_e1_R": {
      "start": "e1_l",
      "end": "im1_e1",
      "type": "edge"
    },
    "ed_po_L": {
      "start": "po_a",
      "end": "im2_po",
      "type": "edge"
    },
    "ed_po_R": {
      "start": "im2_po",
      "end": "im1_po",
      "type": "edge"
    },
    "ed_p_L": {
      "start": "im1_p",
      "end": "p_g",
      "type": "edge"
    },
    "ed_p_R": {
      "start": "p_g",
      "end": "p_l",
      "type": "edge"
    },
    "ed_e2_L": {
      "start": "e2_g",
      "end": "e2_l",
      "type": "edge"
    },
    "ed_e2_R": {
      "start": "e2_l",
      "end": "e2_e",
      "type": "edge"
    },
    "ed_eu_L": {
      "start": "im1_eu",
      "end": "eu_g",
      "type": "edge"
    },
    "ed_eu_R": {
      "start": "eu_g",
      "end": "eu_e",
      "type": "edge"
    },
    "ed_sol_a_up": {
      "start": "e1_a",
      "end": "po_a",
      "type": "edge",
      "cx": -2.0342520432925584
    },
    "ed_sol_a_bot": {
      "start": "po_a",
      "end": "sol_a_bot",
      "type": "edge",
      "cx": -2.0342520432925584
    },
    "ed_sol_e_up": {
      "start": "e2_e",
      "end": "eu_e",
      "type": "edge",
      "cx": 3.1809650166486176
    },
    "ed_sol_e_bot": {
      "start": "eu_e",
      "end": "sol_e_bot",
      "type": "edge",
      "cx": 3.1809650166486176
    },
    "ed_im1_1": {
      "start": "im1_top",
      "end": "im1_p",
      "type": "edge"
    },
    "ed_im1_2": {
      "start": "im1_p",
      "end": "im1_e1",
      "type": "edge"
    },
    "ed_im1_3": {
      "start": "im1_e1",
      "end": "im1_eu",
      "type": "edge"
    },
    "ed_im1_4": {
      "start": "im1_eu",
      "end": "im1_po",
      "type": "edge"
    },
    "ed_im1_5": {
      "start": "im1_po",
      "end": "bot_mid1",
      "type": "edge"
    },
    "ed_axis_L": {
      "start": "tmA",
      "end": "bot_L",
      "type": "edge"
    },
    "ed_axis_R": {
      "start": "tmB",
      "end": "bot_R",
      "type": "edge"
    },
    "ed_bot_a": {
      "start": "bot_L",
      "end": "sol_a_bot",
      "type": "edge"
    },
    "ed_bot_im2": {
      "start": "sol_a_bot",
      "end": "bot_mid2",
      "type": "edge"
    },
    "ed_bot_im1": {
      "start": "bot_mid2",
      "end": "bot_mid1",
      "type": "edge"
    },
    "ed_bot_im1_e": {
      "start": "bot_mid1",
      "end": "sol_e_bot",
      "type": "edge"
    },
    "ed_bot_e_phase": {
      "start": "sol_e_bot",
      "end": "bot_R",
      "type": "edge"
    }
  },
  "regions": {
    "R_L": {
      "type": "single-phase",
      "phase_name": "L",
      "bounding_curves": [
        {
          "id": "ed_L_axis_top",
          "dir": -1
        },
        {
          "id": "ed_top",
          "dir": 1
        },
        {
          "id": "ed_R_axis_top",
          "dir": 1
        },
        {
          "id": "L_5",
          "dir": -1
        },
        {
          "id": "L_4",
          "dir": -1
        },
        {
          "id": "L_3",
          "dir": -1
        },
        {
          "id": "L_2",
          "dir": -1
        },
        {
          "id": "L_1",
          "dir": -1
        }
      ]
    },
    "R_L_a": {
      "type": "two-phase",
      "phases": [
        "L",
        "\u03b3"
      ],
      "bounding_curves": [
        {
          "id": "L_1",
          "dir": 1
        },
        {
          "id": "ed_e1_L",
          "dir": -1
        },
        {
          "id": "S_a",
          "dir": -1
        }
      ]
    },
    "R_L_IM1_L": {
      "type": "two-phase",
      "phases": [
        "L",
        "A3B"
      ],
      "bounding_curves": [
        {
          "id": "L_2",