{
  "metadata": {
    "id": "final_boss_416",
    "axes": {
      "c_max": 100,
      "t_max": 1200
    }
  },
  "nodes": {
    "tmA": {
      "c": 0,
      "t": 1131
    },
    "tmB": {
      "c": 100,
      "t": 1130
    },
    "e1_a": {
      "c": 16.956973093709802,
      "t": 827.7484687466916
    },
    "e1_l": {
      "c": 25.010214141482333,
      "t": 827.7484687466916
    },
    "e1_b": {
      "c": 38.8003673224205,
      "t": 827.7484687466916
    },
    "eu_b": {
      "c": 31.231466014219894,
      "t": 626.1542960269749
    },
    "eu_a": {
      "c": 13.570114188817916,
      "t": 626.1542960269749
    },
    "eu_g": {
      "c": 37.18871327351395,
      "t": 626.1542960269749
    },
    "im_t": {
      "c": 61.717202814358274,
      "t": 1043.9837258407047
    },
    "im_b": {
      "c": 61.717202814358274,
      "t": 0
    },
    "p_im": {
      "c": 61.717202814358274,
      "t": 920.1855003540194
    },
    "p_l": {
      "c": 81.84955382576499,
      "t": 920.1855003540194
    },
    "p_d": {
      "c": 66.19179257349673,
      "t": 920.1855003540194
    },
    "e2_d": {
      "c": 76.20496934108115,
      "t": 410.30863612475343
    },
    "e2_l": {
      "c": 83.85744494189844,
      "t": 410.30863612475343
    },
    "e2_e": {
      "c": 89.23154414209986,
      "t": 410.30863612475343
    },
    "t_a": {
      "c": 4.378674427101009,
      "t": 0
    },
    "t_g_l": {
      "c": 34.21093171232216,
      "t": 0
    },
    "t_g_r": {
      "c": 48.16662517940182,
      "t": 0
    },
    "t_d": {
      "c": 69.02043393206243,
      "t": 0
    },
    "t_e": {
      "c": 96.51499965613563,
      "t": 0
    }
  },
  "curves": {
    "L_1": {
      "start": "tmA",
      "end": "e1_l",
      "type": "liquidus",
      "power": 0.8
    },
    "L_2": {
      "start": "e1_l",
      "end": "im_t",
      "type": "liquidus",
      "power": 1.2
    },
    "L_3": {
      "start": "im_t",
      "end": "p_l",
      "type": "liquidus",
      "power": 0.9
    },
    "L_4": {
      "start": "p_l",
      "end": "e2_l",
      "type": "liquidus",
      "power": 1.1
    },
    "L_5": {
      "start": "e2_l",
      "end": "tmB",
      "type": "liquidus",
      "power": 0.8
    },
    "S_a": {
      "start": "tmA",
      "end": "e1_a",
      "type": "solidus",
      "power": 1.2
    },
    "S_e": {
      "start": "tmB",
      "end": "e2_e",
      "type": "solidus",
      "power": 1.1
    },
    "sol_a": {
      "start": "e1_a",
      "end": "eu_a",
      "type": "solvus",
      "power": 2.0
    },
    "sol_a_bot": {
      "start": "eu_a",
      "end": "t_a",
      "type": "solvus",
      "power": 1.5
    },
    "sol_e": {
      "start": "e2_e",
      "end": "t_e",
      "type": "solvus",
      "power": 1.8
    },
    "i_e1": {
      "start": "e1_a",
      "end": "e1_b",
      "type": "horizontal"
    },
    "i_eu": {
      "start": "eu_a",
      "end": "eu_g",
      "type": "horizontal"
    },
    "i_p": {
      "start": "p_im",
      "end": "p_l",
      "type": "horizontal"
    },
    "i_e2": {
      "start": "e2_d",
      "end": "e2_e",
      "type": "horizontal"
    },
    "im_vert": {
      "start": "im_t",
      "end": "im_b",
      "type": "vertical"
    }
  },
  "regions": {
    "R_a": {
      "type": "single-phase",
      "phase_name": "\u03b1",
      "label": {
        "text": "\u03b1",
        "c": 4,
        "t": 600
      },
      "bounding_curves": [
        {
          "id": "S_a",
          "dir": 1
        },
        {
          "id": "sol_a",
          "dir": 1
        },
        {
          "id": "sol_a_bot",
          "dir": 1
        },
        {
          "id": "bot_a",
          "dir": -1
        },
        {
          "id": "e_L",
          "dir": 1
        }
      ]
    }
  }
}