{
  "metadata": {
    "id": "final_boss_85",
    "axes": {
      "c_max": 100,
      "t_max": 1200
    }
  },
  "nodes": {
    "tmA": {
      "c": 0,
      "t": 1086
    },
    "tmB": {
      "c": 100,
      "t": 1051
    },
    "e1_a": {
      "c": 16.437844170640425,
      "t": 826.7002144886993
    },
    "e1_l": {
      "c": 30.155614165646412,
      "t": 826.7002144886993
    },
    "e1_b": {
      "c": 40.580561658758604,
      "t": 826.7002144886993
    },
    "eu_b": {
      "c": 32.7482828993987,
      "t": 550.1662236000411
    },
    "eu_a": {
      "c": 13.747945643854719,
      "t": 550.1662236000411
    },
    "eu_g": {
      "c": 38.07971839409459,
      "t": 550.1662236000411
    },
    "im_t": {
      "c": 51.83181127214567,
      "t": 957.351705558382
    },
    "im_b": {
      "c": 51.83181127214567,
      "t": 0
    },
    "p_im": {
      "c": 51.83181127214567,
      "t": 769.7139239453742
    },
    "p_l": {
      "c": 70.70963889285945,
      "t": 769.7139239453742
    },
    "p_d": {
      "c": 57.02525273466518,
      "t": 769.7139239453742
    },
    "e2_d": {
      "c": 62.26496400541722,
      "t": 578.5321942350447
    },
    "e2_l": {
      "c": 74.36286345230145,
      "t": 578.5321942350447
    },
    "e2_e": {
      "c": 88.7366620696601,
      "t": 578.5321942350447
    },
    "t_a": {
      "c": 2.6379177437789623,
      "t": 0
    },
    "t_g_l": {
      "c": 37.80127433972594,
      "t": 0
    },
    "t_g_r": {
      "c": 45.73045983922162,
      "t": 0
    },
    "t_d": {
      "c": 58.16976698988515,
      "t": 0
    },
    "t_e": {
      "c": 92.2229079421578,
      "t": 0
    }
  },
  "curves": {
    "L_1": {
      "start": "tmA",
      "end": "e1_l",
      "type": "liquidus",
      "power": 0.8
    },
    "L_2": {
      "start": "e1_l",
      "end": "im_t",
      "type": "liquidus",
      "power": 1.2
    },
    "L_3": {
      "start": "im_t",
      "end": "p_l",
      "type": "liquidus",
      "power": 0.9
    },
    "L_4": {
      "start": "p_l",
      "end": "e2_l",
      "type": "liquidus",
      "power": 1.1
    },
    "L_5": {
      "start": "e2_l",
      "end": "tmB",
      "type": "liquidus",
      "power": 0.8
    },
    "S_a": {
      "start": "tmA",
      "end": "e1_a",
      "type": "solidus",
      "power": 1.2
    },
    "S_e": {
      "start": "tmB",
      "end": "e2_e",
      "type": "solidus",
      "power": 1.1
    },
    "sol_a": {
      "start": "e1_a",
      "end": "eu_a",
      "type": "solvus",
      "power": 2.0
    },
    "sol_a_bot": {
      "start": "eu_a",
      "end": "t_a",
      "type": "solvus",
      "power": 1.5
    },
    "sol_e": {
      "start": "e2_e",
      "end": "t_e",
      "type": "solvus",
      "power": 1.8
    },
    "i_e1": {
      "start": "e1_a",
      "end": "e1_b",
      "type": "horizontal"
    },
    "i_eu": {
      "start": "eu_a",
      "end": "eu_g",
      "type": "horizontal"
    },
    "i_p": {
      "start": "p_im",
      "end": "p_l",
      "type": "horizontal"
    },
    "i_e2": {
      "start": "e2_d",
      "end": "e2_e",
      "type": "horizontal"
    },
    "im_vert": {
      "start": "im_t",
      "end": "im_b",
      "type": "vertical"
    }
  },
  "regions": {
    "R_a": {
      "type": "single-phase",
      "phase_name": "\u03b1",
      "label": {
        "text": "\u03b1",
        "c": 4,
        "t": 600
      },
      "bounding_curves": [
        {
          "id": "S_a",
          "dir": 1
        },
        {
          "id": "sol_a",
          "dir": 1
        },
        {
          "id": "sol_a_bot",
          "dir": 1
        },
        {
          "id": "bot_a",
          "dir": -1
        },
        {
          "id": "e_L",
          "dir": 1
        }
      ]
    }
  }
}