{
  "metadata": {
    "id": "final_boss_289",
    "axes": {
      "c_max": 100,
      "t_max": 1200
    }
  },
  "nodes": {
    "tmA": {
      "c": 0,
      "t": 1102
    },
    "tmB": {
      "c": 100,
      "t": 1085
    },
    "e1_a": {
      "c": 16.929277352268695,
      "t": 872.3637757268474
    },
    "e1_l": {
      "c": 25.852235206955594,
      "t": 872.3637757268474
    },
    "e1_b": {
      "c": 34.36736773488424,
      "t": 872.3637757268474
    },
    "eu_b": {
      "c": 28.64946201750513,
      "t": 741.0530745723042
    },
    "eu_a": {
      "c": 6.876351459724216,
      "t": 741.0530745723042
    },
    "eu_g": {
      "c": 40.557681773625376,
      "t": 741.0530745723042
    },
    "im_t": {
      "c": 70.53434366997394,
      "t": 1120.87359544404
    },
    "im_b": {
      "c": 70.53434366997394,
      "t": 0
    },
    "p_im": {
      "c": 70.53434366997394,
      "t": 898.1116417392683
    },
    "p_l": {
      "c": 87.23698025396439,
      "t": 898.1116417392683
    },
    "p_d": {
      "c": 81.67932456980051,
      "t": 898.1116417392683
    },
    "e2_d": {
      "c": 83.51620383839666,
      "t": 639.4369191139174
    },
    "e2_l": {
      "c": 91.90786975015904,
      "t": 639.4369191139174
    },
    "e2_e": {
      "c": 95.9419322334366,
      "t": 639.4369191139174
    },
    "t_a": {
      "c": 1.6747539537144134,
      "t": 0
    },
    "t_g_l": {
      "c": 38.49737782182067,
      "t": 0
    },
    "t_g_r": {
      "c": 46.63149244373299,
      "t": 0
    },
    "t_d": {
      "c": 78.44648510443002,
      "t": 0
    },
    "t_e": {
      "c": 97.36966195096085,
      "t": 0
    }
  },
  "curves": {
    "L_1": {
      "start": "tmA",
      "end": "e1_l",
      "type": "liquidus",
      "power": 0.8
    },
    "L_2": {
      "start": "e1_l",
      "end": "im_t",
      "type": "liquidus",
      "power": 1.2
    },
    "L_3": {
      "start": "im_t",
      "end": "p_l",
      "type": "liquidus",
      "power": 0.9
    },
    "L_4": {
      "start": "p_l",
      "end": "e2_l",
      "type": "liquidus",
      "power": 1.1
    },
    "L_5": {
      "start": "e2_l",
      "end": "tmB",
      "type": "liquidus",
      "power": 0.8
    },
    "S_a": {
      "start": "tmA",
      "end": "e1_a",
      "type": "solidus",
      "power": 1.2
    },
    "S_e": {
      "start": "tmB",
      "end": "e2_e",
      "type": "solidus",
      "power": 1.1
    },
    "sol_a": {
      "start": "e1_a",
      "end": "eu_a",
      "type": "solvus",
      "power": 2.0
    },
    "sol_a_bot": {
      "start": "eu_a",
      "end": "t_a",
      "type": "solvus",
      "power": 1.5
    },
    "sol_e": {
      "start": "e2_e",
      "end": "t_e",
      "type": "solvus",
      "power": 1.8
    },
    "i_e1": {
      "start": "e1_a",
      "end": "e1_b",
      "type": "horizontal"
    },
    "i_eu": {
      "start": "eu_a",
      "end": "eu_g",
      "type": "horizontal"
    },
    "i_p": {
      "start": "p_im",
      "end": "p_l",
      "type": "horizontal"
    },
    "i_e2": {
      "start": "e2_d",
      "end": "e2_e",
      "type": "horizontal"
    },
    "im_vert": {
      "start": "im_t",
      "end": "im_b",
      "type": "vertical"
    }
  },
  "regions": {
    "R_a": {
      "type": "single-phase",
      "phase_name": "\u03b1",
      "label": {
        "text": "\u03b1",
        "c": 4,
        "t": 600
      },
      "bounding_curves": [
        {
          "id": "S_a",
          "dir": 1
        },
        {
          "id": "sol_a",
          "dir": 1
        },
        {
          "id": "sol_a_bot",
          "dir": 1
        },
        {
          "id": "bot_a",
          "dir": -1
        },
        {
          "id": "e_L",
          "dir": 1
        }
      ]
    }
  }
}