{
  "metadata": {
    "id": "final_boss_148",
    "axes": {
      "c_max": 100,
      "t_max": 1200
    }
  },
  "nodes": {
    "tmA": {
      "c": 0,
      "t": 1142
    },
    "tmB": {
      "c": 100,
      "t": 1036
    },
    "e1_a": {
      "c": 10.54506402272371,
      "t": 921.8406140613733
    },
    "e1_l": {
      "c": 18.73038623219107,
      "t": 921.8406140613733
    },
    "e1_b": {
      "c": 30.39611745769926,
      "t": 921.8406140613733
    },
    "eu_b": {
      "c": 21.662120311078873,
      "t": 658.0134520321191
    },
    "eu_a": {
      "c": 4.505062032340829,
      "t": 658.0134520321191
    },
    "eu_g": {
      "c": 36.32711196795884,
      "t": 658.0134520321191
    },
    "im_t": {
      "c": 66.49842943071056,
      "t": 978.64519898488
    },
    "im_b": {
      "c": 66.49842943071056,
      "t": 0
    },
    "p_im": {
      "c": 66.49842943071056,
      "t": 829.4252867820693
    },
    "p_l": {
      "c": 86.15238609391308,
      "t": 829.4252867820693
    },
    "p_d": {
      "c": 82.44320404908939,
      "t": 829.4252867820693
    },
    "e2_d": {
      "c": 84.40291056471118,
      "t": 715.7350524469441
    },
    "e2_l": {
      "c": 90.19940387921305,
      "t": 715.7350524469441
    },
    "e2_e": {
      "c": 95.15357409602936,
      "t": 715.7350524469441
    },
    "t_a": {
      "c": 2.1389283017968164,
      "t": 0
    },
    "t_g_l": {
      "c": 33.81015441481,
      "t": 0
    },
    "t_g_r": {
      "c": 56.69616545614158,
      "t": 0
    },
    "t_d": {
      "c": 81.94351236582557,
      "t": 0
    },
    "t_e": {
      "c": 99.53541067880944,
      "t": 0
    }
  },
  "curves": {
    "L_1": {
      "start": "tmA",
      "end": "e1_l",
      "type": "liquidus",
      "power": 0.8
    },
    "L_2": {
      "start": "e1_l",
      "end": "im_t",
      "type": "liquidus",
      "power": 1.2
    },
    "L_3": {
      "start": "im_t",
      "end": "p_l",
      "type": "liquidus",
      "power": 0.9
    },
    "L_4": {
      "start": "p_l",
      "end": "e2_l",
      "type": "liquidus",
      "power": 1.1
    },
    "L_5": {
      "start": "e2_l",
      "end": "tmB",
      "type": "liquidus",
      "power": 0.8
    },
    "S_a": {
      "start": "tmA",
      "end": "e1_a",
      "type": "solidus",
      "power": 1.2
    },
    "S_e": {
      "start": "tmB",
      "end": "e2_e",
      "type": "solidus",
      "power": 1.1
    },
    "sol_a": {
      "start": "e1_a",
      "end": "eu_a",
      "type": "solvus",
      "power": 2.0
    },
    "sol_a_bot": {
      "start": "eu_a",
      "end": "t_a",
      "type": "solvus",
      "power": 1.5
    },
    "sol_e": {
      "start": "e2_e",
      "end": "t_e",
      "type": "solvus",
      "power": 1.8
    },
    "i_e1": {
      "start": "e1_a",
      "end": "e1_b",
      "type": "horizontal"
    },
    "i_eu": {
      "start": "eu_a",
      "end": "eu_g",
      "type": "horizontal"
    },
    "i_p": {
      "start": "p_im",
      "end": "p_l",
      "type": "horizontal"
    },
    "i_e2": {
      "start": "e2_d",
      "end": "e2_e",
      "type": "horizontal"
    },
    "im_vert": {
      "start": "im_t",
      "end": "im_b",
      "type": "vertical"
    }
  },
  "regions": {
    "R_a": {
      "type": "single-phase",
      "phase_name": "\u03b1",
      "label": {
        "text": "\u03b1",
        "c": 4,
        "t": 600
      },
      "bounding_curves": [
        {
          "id": "S_a",
          "dir": 1
        },
        {
          "id": "sol_a",
          "dir": 1
        },
        {
          "id": "sol_a_bot",
          "dir": 1
        },
        {
          "id": "bot_a",
          "dir": -1
        },
        {
          "id": "e_L",
          "dir": 1
        }
      ]
    }
  }
}