{
  "metadata": {
    "id": "final_boss_217",
    "axes": {
      "c_max": 100,
      "t_max": 1200
    }
  },
  "nodes": {
    "tmA": {
      "c": 0,
      "t": 1144
    },
    "tmB": {
      "c": 100,
      "t": 1129
    },
    "e1_a": {
      "c": 16.649169477273116,
      "t": 932.8669465675242
    },
    "e1_l": {
      "c": 36.47821265211699,
      "t": 932.8669465675242
    },
    "e1_b": {
      "c": 46.23889808423125,
      "t": 932.8669465675242
    },
    "eu_b": {
      "c": 43.17414872654627,
      "t": 823.569045869102
    },
    "eu_a": {
      "c": 10.007665785411564,
      "t": 823.569045869102
    },
    "eu_g": {
      "c": 54.386505889146505,
      "t": 823.569045869102
    },
    "im_t": {
      "c": 66.64785340590993,
      "t": 958.5072028642437
    },
    "im_b": {
      "c": 66.64785340590993,
      "t": 0
    },
    "p_im": {
      "c": 66.64785340590993,
      "t": 809.0420740755715
    },
    "p_l": {
      "c": 81.91369407643097,
      "t": 809.0420740755715
    },
    "p_d": {
      "c": 73.49490782242749,
      "t": 809.0420740755715
    },
    "e2_d": {
      "c": 76.1122119533242,
      "t": 649.7827409892029
    },
    "e2_l": {
      "c": 84.70464695115045,
      "t": 649.7827409892029
    },
    "e2_e": {
      "c": 91.82525976563942,
      "t": 649.7827409892029
    },
    "t_a": {
      "c": 5.605030587404479,
      "t": 0
    },
    "t_g_l": {
      "c": 53.12954009824565,
      "t": 0
    },
    "t_g_r": {
      "c": 65.5843480522609,
      "t": 0
    },
    "t_d": {
      "c": 73.847959538566,
      "t": 0
    },
    "t_e": {
      "c": 99.81081213988921,
      "t": 0
    }
  },
  "curves": {
    "L_1": {
      "start": "tmA",
      "end": "e1_l",
      "type": "liquidus",
      "power": 0.8
    },
    "L_2": {
      "start": "e1_l",
      "end": "im_t",
      "type": "liquidus",
      "power": 1.2
    },
    "L_3": {
      "start": "im_t",
      "end": "p_l",
      "type": "liquidus",
      "power": 0.9
    },
    "L_4": {
      "start": "p_l",
      "end": "e2_l",
      "type": "liquidus",
      "power": 1.1
    },
    "L_5": {
      "start": "e2_l",
      "end": "tmB",
      "type": "liquidus",
      "power": 0.8
    },
    "S_a": {
      "start": "tmA",
      "end": "e1_a",
      "type": "solidus",
      "power": 1.2
    },
    "S_e": {
      "start": "tmB",
      "end": "e2_e",
      "type": "solidus",
      "power": 1.1
    },
    "sol_a": {
      "start": "e1_a",
      "end": "eu_a",
      "type": "solvus",
      "power": 2.0
    },
    "sol_a_bot": {
      "start": "eu_a",
      "end": "t_a",
      "type": "solvus",
      "power": 1.5
    },
    "sol_e": {
      "start": "e2_e",
      "end": "t_e",
      "type": "solvus",
      "power": 1.8
    },
    "i_e1": {
      "start": "e1_a",
      "end": "e1_b",
      "type": "horizontal"
    },
    "i_eu": {
      "start": "eu_a",
      "end": "eu_g",
      "type": "horizontal"
    },
    "i_p": {
      "start": "p_im",
      "end": "p_l",
      "type": "horizontal"
    },
    "i_e2": {
      "start": "e2_d",
      "end": "e2_e",
      "type": "horizontal"
    },
    "im_vert": {
      "start": "im_t",
      "end": "im_b",
      "type": "vertical"
    }
  },
  "regions": {
    "R_a": {
      "type": "single-phase",
      "phase_name": "\u03b1",
      "label": {
        "text": "\u03b1",
        "c": 4,
        "t": 600
      },
      "bounding_curves": [
        {
          "id": "S_a",
          "dir": 1
        },
        {
          "id": "sol_a",
          "dir": 1
        },
        {
          "id": "sol_a_bot",
          "dir": 1
        },
        {
          "id": "bot_a",
          "dir": -1
        },
        {
          "id": "e_L",
          "dir": 1
        }
      ]
    }
  }
}