{
  "metadata": {
    "id": "final_boss_137",
    "axes": {
      "c_max": 100,
      "t_max": 1200
    }
  },
  "nodes": {
    "tmA": {
      "c": 0,
      "t": 1138
    },
    "tmB": {
      "c": 100,
      "t": 1063
    },
    "e1_a": {
      "c": 16.236215954843104,
      "t": 856.5935841636074
    },
    "e1_l": {
      "c": 35.37261797292953,
      "t": 856.5935841636074
    },
    "e1_b": {
      "c": 44.97583990450439,
      "t": 856.5935841636074
    },
    "eu_b": {
      "c": 42.84429139662578,
      "t": 513.3947378268342
    },
    "eu_a": {
      "c": 7.430665048233545,
      "t": 513.3947378268342
    },
    "eu_g": {
      "c": 53.56680429930286,
      "t": 513.3947378268342
    },
    "im_t": {
      "c": 71.82987087254288,
      "t": 1110.184859063342
    },
    "im_b": {
      "c": 71.82987087254288,
      "t": 0
    },
    "p_im": {
      "c": 71.82987087254288,
      "t": 1015.6362867121502
    },
    "p_l": {
      "c": 82.00620428232588,
      "t": 1015.6362867121502
    },
    "p_d": {
      "c": 78.65846247636237,
      "t": 1015.6362867121502
    },
    "e2_d": {
      "c": 79.26883762402966,
      "t": 944.6747180564095
    },
    "e2_l": {
      "c": 86.63613183724723,
      "t": 944.6747180564095
    },
    "e2_e": {
      "c": 92.57871742725894,
      "t": 944.6747180564095
    },
    "t_a": {
      "c": 1.1666479777547818,
      "t": 0
    },
    "t_g_l": {
      "c": 53.44592600165884,
      "t": 0
    },
    "t_g_r": {
      "c": 55.15550779450884,
      "t": 0
    },
    "t_d": {
      "c": 78.9059712173207,
      "t": 0
    },
    "t_e": {
      "c": 94.49115141888801,
      "t": 0
    }
  },
  "curves": {
    "L_1": {
      "start": "tmA",
      "end": "e1_l",
      "type": "liquidus",
      "power": 0.8
    },
    "L_2": {
      "start": "e1_l",
      "end": "im_t",
      "type": "liquidus",
      "power": 1.2
    },
    "L_3": {
      "start": "im_t",
      "end": "p_l",
      "type": "liquidus",
      "power": 0.9
    },
    "L_4": {
      "start": "p_l",
      "end": "e2_l",
      "type": "liquidus",
      "power": 1.1
    },
    "L_5": {
      "start": "e2_l",
      "end": "tmB",
      "type": "liquidus",
      "power": 0.8
    },
    "S_a": {
      "start": "tmA",
      "end": "e1_a",
      "type": "solidus",
      "power": 1.2
    },
    "S_e": {
      "start": "tmB",
      "end": "e2_e",
      "type": "solidus",
      "power": 1.1
    },
    "sol_a": {
      "start": "e1_a",
      "end": "eu_a",
      "type": "solvus",
      "power": 2.0
    },
    "sol_a_bot": {
      "start": "eu_a",
      "end": "t_a",
      "type": "solvus",
      "power": 1.5
    },
    "sol_e": {
      "start": "e2_e",
      "end": "t_e",
      "type": "solvus",
      "power": 1.8
    },
    "i_e1": {
      "start": "e1_a",
      "end": "e1_b",
      "type": "horizontal"
    },
    "i_eu": {
      "start": "eu_a",
      "end": "eu_g",
      "type": "horizontal"
    },
    "i_p": {
      "start": "p_im",
      "end": "p_l",
      "type": "horizontal"
    },
    "i_e2": {
      "start": "e2_d",
      "end": "e2_e",
      "type": "horizontal"
    },
    "im_vert": {
      "start": "im_t",
      "end": "im_b",
      "type": "vertical"
    }
  },
  "regions": {
    "R_a": {
      "type": "single-phase",
      "phase_name": "\u03b1",
      "label": {
        "text": "\u03b1",
        "c": 4,
        "t": 600
      },
      "bounding_curves": [
        {
          "id": "S_a",
          "dir": 1
        },
        {
          "id": "sol_a",
          "dir": 1
        },
        {
          "id": "sol_a_bot",
          "dir": 1
        },
        {
          "id": "bot_a",
          "dir": -1
        },
        {
          "id": "e_L",
          "dir": 1
        }
      ]
    }
  }
}