{
  "metadata": {
    "id": "final_boss_180",
    "axes": {
      "c_max": 100,
      "t_max": 1200
    }
  },
  "nodes": {
    "tmA": {
      "c": 0,
      "t": 1061
    },
    "tmB": {
      "c": 100,
      "t": 1132
    },
    "e1_a": {
      "c": 10.581080717804099,
      "t": 890.1581216219208
    },
    "e1_l": {
      "c": 26.71987548209775,
      "t": 890.1581216219208
    },
    "e1_b": {
      "c": 35.071101966053284,
      "t": 890.1581216219208
    },
    "eu_b": {
      "c": 30.80407151562582,
      "t": 527.9452842298862
    },
    "eu_a": {
      "c": 5.886785022087825,
      "t": 527.9452842298862
    },
    "eu_g": {
      "c": 40.38433084785605,
      "t": 527.9452842298862
    },
    "im_t": {
      "c": 63.78633433385011,
      "t": 966.7009327258492
    },
    "im_b": {
      "c": 63.78633433385011,
      "t": 0
    },
    "p_im": {
      "c": 63.78633433385011,
      "t": 844.9341668241062
    },
    "p_l": {
      "c": 81.56391030476723,
      "t": 844.9341668241062
    },
    "p_d": {
      "c": 77.30033071451798,
      "t": 844.9341668241062
    },
    "e2_d": {
      "c": 78.01260045598117,
      "t": 661.5753560101875
    },
    "e2_l": {
      "c": 83.13380969397078,
      "t": 661.5753560101875
    },
    "e2_e": {
      "c": 93.8529319102083,
      "t": 661.5753560101875
    },
    "t_a": {
      "c": 2.6790237705680155,
      "t": 0
    },
    "t_g_l": {
      "c": 39.58229920762402,
      "t": 0
    },
    "t_g_r": {
      "c": 41.12448460363021,
      "t": 0
    },
    "t_d": {
      "c": 72.3559225307787,
      "t": 0
    },
    "t_e": {
      "c": 97.22071958903928,
      "t": 0
    }
  },
  "curves": {
    "L_1": {
      "start": "tmA",
      "end": "e1_l",
      "type": "liquidus",
      "power": 0.8
    },
    "L_2": {
      "start": "e1_l",
      "end": "im_t",
      "type": "liquidus",
      "power": 1.2
    },
    "L_3": {
      "start": "im_t",
      "end": "p_l",
      "type": "liquidus",
      "power": 0.9
    },
    "L_4": {
      "start": "p_l",
      "end": "e2_l",
      "type": "liquidus",
      "power": 1.1
    },
    "L_5": {
      "start": "e2_l",
      "end": "tmB",
      "type": "liquidus",
      "power": 0.8
    },
    "S_a": {
      "start": "tmA",
      "end": "e1_a",
      "type": "solidus",
      "power": 1.2
    },
    "S_e": {
      "start": "tmB",
      "end": "e2_e",
      "type": "solidus",
      "power": 1.1
    },
    "sol_a": {
      "start": "e1_a",
      "end": "eu_a",
      "type": "solvus",
      "power": 2.0
    },
    "sol_a_bot": {
      "start": "eu_a",
      "end": "t_a",
      "type": "solvus",
      "power": 1.5
    },
    "sol_e": {
      "start": "e2_e",
      "end": "t_e",
      "type": "solvus",
      "power": 1.8
    },
    "i_e1": {
      "start": "e1_a",
      "end": "e1_b",
      "type": "horizontal"
    },
    "i_eu": {
      "start": "eu_a",
      "end": "eu_g",
      "type": "horizontal"
    },
    "i_p": {
      "start": "p_im",
      "end": "p_l",
      "type": "horizontal"
    },
    "i_e2": {
      "start": "e2_d",
      "end": "e2_e",
      "type": "horizontal"
    },
    "im_vert": {
      "start": "im_t",
      "end": "im_b",
      "type": "vertical"
    }
  },
  "regions": {
    "R_a": {
      "type": "single-phase",
      "phase_name": "\u03b1",
      "label": {
        "text": "\u03b1",
        "c": 4,
        "t": 600
      },
      "bounding_curves": [
        {
          "id": "S_a",
          "dir": 1
        },
        {
          "id": "sol_a",
          "dir": 1
        },
        {
          "id": "sol_a_bot",
          "dir": 1
        },
        {
          "id": "bot_a",
          "dir": -1
        },
        {
          "id": "e_L",
          "dir": 1
        }
      ]
    }
  }
}