{
  "metadata": {
    "id": "final_boss_198",
    "axes": {
      "c_max": 100,
      "t_max": 1200
    }
  },
  "nodes": {
    "tmA": {
      "c": 0,
      "t": 1128
    },
    "tmB": {
      "c": 100,
      "t": 1120
    },
    "e1_a": {
      "c": 8.842905365680044,
      "t": 847.1128137317218
    },
    "e1_l": {
      "c": 28.16363734674461,
      "t": 847.1128137317218
    },
    "e1_b": {
      "c": 37.70134436115092,
      "t": 847.1128137317218
    },
    "eu_b": {
      "c": 33.14818805059786,
      "t": 705.4083752181261
    },
    "eu_a": {
      "c": 6.604207170310401,
      "t": 705.4083752181261
    },
    "eu_g": {
      "c": 46.22569012105542,
      "t": 705.4083752181261
    },
    "im_t": {
      "c": 56.235178470726325,
      "t": 983.7034931786775
    },
    "im_b": {
      "c": 56.235178470726325,
      "t": 0
    },
    "p_im": {
      "c": 56.235178470726325,
      "t": 933.6473413500995
    },
    "p_l": {
      "c": 68.32594741293131,
      "t": 933.6473413500995
    },
    "p_d": {
      "c": 63.545692451453675,
      "t": 933.6473413500995
    },
    "e2_d": {
      "c": 64.4393802501858,
      "t": 447.93668425924454
    },
    "e2_l": {
      "c": 72.28591574035755,
      "t": 447.93668425924454
    },
    "e2_e": {
      "c": 81.0913393841497,
      "t": 447.93668425924454
    },
    "t_a": {
      "c": 5.153957853024576,
      "t": 0
    },
    "t_g_l": {
      "c": 44.51359957985641,
      "t": 0
    },
    "t_g_r": {
      "c": 54.455262142565644,
      "t": 0
    },
    "t_d": {
      "c": 60.932259228136054,
      "t": 0
    },
    "t_e": {
      "c": 88.67039365064629,
      "t": 0
    }
  },
  "curves": {
    "L_1": {
      "start": "tmA",
      "end": "e1_l",
      "type": "liquidus",
      "power": 0.8
    },
    "L_2": {
      "start": "e1_l",
      "end": "im_t",
      "type": "liquidus",
      "power": 1.2
    },
    "L_3": {
      "start": "im_t",
      "end": "p_l",
      "type": "liquidus",
      "power": 0.9
    },
    "L_4": {
      "start": "p_l",
      "end": "e2_l",
      "type": "liquidus",
      "power": 1.1
    },
    "L_5": {
      "start": "e2_l",
      "end": "tmB",
      "type": "liquidus",
      "power": 0.8
    },
    "S_a": {
      "start": "tmA",
      "end": "e1_a",
      "type": "solidus",
      "power": 1.2
    },
    "S_e": {
      "start": "tmB",
      "end": "e2_e",
      "type": "solidus",
      "power": 1.1
    },
    "sol_a": {
      "start": "e1_a",
      "end": "eu_a",
      "type": "solvus",
      "power": 2.0
    },
    "sol_a_bot": {
      "start": "eu_a",
      "end": "t_a",
      "type": "solvus",
      "power": 1.5
    },
    "sol_e": {
      "start": "e2_e",
      "end": "t_e",
      "type": "solvus",
      "power": 1.8
    },
    "i_e1": {
      "start": "e1_a",
      "end": "e1_b",
      "type": "horizontal"
    },
    "i_eu": {
      "start": "eu_a",
      "end": "eu_g",
      "type": "horizontal"
    },
    "i_p": {
      "start": "p_im",
      "end": "p_l",
      "type": "horizontal"
    },
    "i_e2": {
      "start": "e2_d",
      "end": "e2_e",
      "type": "horizontal"
    },
    "im_vert": {
      "start": "im_t",
      "end": "im_b",
      "type": "vertical"
    }
  },
  "regions": {
    "R_a": {
      "type": "single-phase",
      "phase_name": "\u03b1",
      "label": {
        "text": "\u03b1",
        "c": 4,
        "t": 600
      },
      "bounding_curves": [
        {
          "id": "S_a",
          "dir": 1
        },
        {
          "id": "sol_a",
          "dir": 1
        },
        {
          "id": "sol_a_bot",
          "dir": 1
        },
        {
          "id": "bot_a",
          "dir": -1
        },
        {
          "id": "e_L",
          "dir": 1
        }
      ]
    }
  }
}