{
  "metadata": {
    "id": "final_boss_22",
    "axes": {
      "c_max": 100,
      "t_max": 1200
    }
  },
  "nodes": {
    "tmA": {
      "c": 0,
      "t": 1123
    },
    "tmB": {
      "c": 100,
      "t": 1146
    },
    "e1_a": {
      "c": 17.021744165699754,
      "t": 884.0617453526147
    },
    "e1_l": {
      "c": 32.893398083770656,
      "t": 884.0617453526147
    },
    "e1_b": {
      "c": 44.127284752609356,
      "t": 884.0617453526147
    },
    "eu_b": {
      "c": 36.534405453018884,
      "t": 701.493312147408
    },
    "eu_a": {
      "c": 10.88948800578454,
      "t": 701.493312147408
    },
    "eu_g": {
      "c": 48.64560300448873,
      "t": 701.493312147408
    },
    "im_t": {
      "c": 66.23128113159797,
      "t": 973.766762431565
    },
    "im_b": {
      "c": 66.23128113159797,
      "t": 0
    },
    "p_im": {
      "c": 66.23128113159797,
      "t": 752.0264318779365
    },
    "p_l": {
      "c": 83.63239473003722,
      "t": 752.0264318779365
    },
    "p_d": {
      "c": 69.76408015916019,
      "t": 752.0264318779365
    },
    "e2_d": {
      "c": 76.8454023565987,
      "t": 418.9111392653998
    },
    "e2_l": {
      "c": 84.20342350680862,
      "t": 418.9111392653998
    },
    "e2_e": {
      "c": 89.68423902009677,
      "t": 418.9111392653998
    },
    "t_a": {
      "c": 1.3599179743576248,
      "t": 0
    },
    "t_g_l": {
      "c": 46.950272027222525,
      "t": 0
    },
    "t_g_r": {
      "c": 57.544215228199455,
      "t": 0
    },
    "t_d": {
      "c": 73.85411387996712,
      "t": 0
    },
    "t_e": {
      "c": 92.56015795383622,
      "t": 0
    }
  },
  "curves": {
    "L_1": {
      "start": "tmA",
      "end": "e1_l",
      "type": "liquidus",
      "power": 0.8
    },
    "L_2": {
      "start": "e1_l",
      "end": "im_t",
      "type": "liquidus",
      "power": 1.2
    },
    "L_3": {
      "start": "im_t",
      "end": "p_l",
      "type": "liquidus",
      "power": 0.9
    },
    "L_4": {
      "start": "p_l",
      "end": "e2_l",
      "type": "liquidus",
      "power": 1.1
    },
    "L_5": {
      "start": "e2_l",
      "end": "tmB",
      "type": "liquidus",
      "power": 0.8
    },
    "S_a": {
      "start": "tmA",
      "end": "e1_a",
      "type": "solidus",
      "power": 1.2
    },
    "S_e": {
      "start": "tmB",
      "end": "e2_e",
      "type": "solidus",
      "power": 1.1
    },
    "sol_a": {
      "start": "e1_a",
      "end": "eu_a",
      "type": "solvus",
      "power": 2.0
    },
    "sol_a_bot": {
      "start": "eu_a",
      "end": "t_a",
      "type": "solvus",
      "power": 1.5
    },
    "sol_e": {
      "start": "e2_e",
      "end": "t_e",
      "type": "solvus",
      "power": 1.8
    },
    "i_e1": {
      "start": "e1_a",
      "end": "e1_b",
      "type": "horizontal"
    },
    "i_eu": {
      "start": "eu_a",
      "end": "eu_g",
      "type": "horizontal"
    },
    "i_p": {
      "start": "p_im",
      "end": "p_l",
      "type": "horizontal"
    },
    "i_e2": {
      "start": "e2_d",
      "end": "e2_e",
      "type": "horizontal"
    },
    "im_vert": {
      "start": "im_t",
      "end": "im_b",
      "type": "vertical"
    }
  },
  "regions": {
    "R_a": {
      "type": "single-phase",
      "phase_name": "\u03b1",
      "label": {
        "text": "\u03b1",
        "c": 4,
        "t": 600
      },
      "bounding_curves": [
        {
          "id": "S_a",
          "dir": 1
        },
        {
          "id": "sol_a",
          "dir": 1
        },
        {
          "id": "sol_a_bot",
          "dir": 1
        },
        {
          "id": "bot_a",
          "dir": -1
        },
        {
          "id": "e_L",
          "dir": 1
        }
      ]
    }
  }
}