{
  "metadata": {
    "id": "final_boss_374",
    "axes": {
      "c_max": 100,
      "t_max": 1200
    }
  },
  "nodes": {
    "tmA": {
      "c": 0,
      "t": 1079
    },
    "tmB": {
      "c": 100,
      "t": 1148
    },
    "e1_a": {
      "c": 11.810055282657482,
      "t": 890.5928777526556
    },
    "e1_l": {
      "c": 20.707973823361243,
      "t": 890.5928777526556
    },
    "e1_b": {
      "c": 32.917026723758994,
      "t": 890.5928777526556
    },
    "eu_b": {
      "c": 24.12120824863382,
      "t": 586.2823965371684
    },
    "eu_a": {
      "c": 6.066494705392457,
      "t": 586.2823965371684
    },
    "eu_g": {
      "c": 34.49195094849912,
      "t": 586.2823965371684
    },
    "im_t": {
      "c": 68.04085959528693,
      "t": 1124.4140123366617
    },
    "im_b": {
      "c": 68.04085959528693,
      "t": 0
    },
    "p_im": {
      "c": 68.04085959528693,
      "t": 888.3521312025081
    },
    "p_l": {
      "c": 84.20226104204656,
      "t": 888.3521312025081
    },
    "p_d": {
      "c": 80.53399857818965,
      "t": 888.3521312025081
    },
    "e2_d": {
      "c": 82.24701284357985,
      "t": 711.2785511362572
    },
    "e2_l": {
      "c": 87.31004271837598,
      "t": 711.2785511362572
    },
    "e2_e": {
      "c": 94.53872358142299,
      "t": 711.2785511362572
    },
    "t_a": {
      "c": 2.944470780394245,
      "t": 0
    },
    "t_g_l": {
      "c": 32.33872020007508,
      "t": 0
    },
    "t_g_r": {
      "c": 34.91191692401605,
      "t": 0
    },
    "t_d": {
      "c": 79.84876826174883,
      "t": 0
    },
    "t_e": {
      "c": 98.80270207083332,
      "t": 0
    }
  },
  "curves": {
    "L_1": {
      "start": "tmA",
      "end": "e1_l",
      "type": "liquidus",
      "power": 0.8
    },
    "L_2": {
      "start": "e1_l",
      "end": "im_t",
      "type": "liquidus",
      "power": 1.2
    },
    "L_3": {
      "start": "im_t",
      "end": "p_l",
      "type": "liquidus",
      "power": 0.9
    },
    "L_4": {
      "start": "p_l",
      "end": "e2_l",
      "type": "liquidus",
      "power": 1.1
    },
    "L_5": {
      "start": "e2_l",
      "end": "tmB",
      "type": "liquidus",
      "power": 0.8
    },
    "S_a": {
      "start": "tmA",
      "end": "e1_a",
      "type": "solidus",
      "power": 1.2
    },
    "S_e": {
      "start": "tmB",
      "end": "e2_e",
      "type": "solidus",
      "power": 1.1
    },
    "sol_a": {
      "start": "e1_a",
      "end": "eu_a",
      "type": "solvus",
      "power": 2.0
    },
    "sol_a_bot": {
      "start": "eu_a",
      "end": "t_a",
      "type": "solvus",
      "power": 1.5
    },
    "sol_e": {
      "start": "e2_e",
      "end": "t_e",
      "type": "solvus",
      "power": 1.8
    },
    "i_e1": {
      "start": "e1_a",
      "end": "e1_b",
      "type": "horizontal"
    },
    "i_eu": {
      "start": "eu_a",
      "end": "eu_g",
      "type": "horizontal"
    },
    "i_p": {
      "start": "p_im",
      "end": "p_l",
      "type": "horizontal"
    },
    "i_e2": {
      "start": "e2_d",
      "end": "e2_e",
      "type": "horizontal"
    },
    "im_vert": {
      "start": "im_t",
      "end": "im_b",
      "type": "vertical"
    }
  },
  "regions": {
    "R_a": {
      "type": "single-phase",
      "phase_name": "\u03b1",
      "label": {
        "text": "\u03b1",
        "c": 4,
        "t": 600
      },
      "bounding_curves": [
        {
          "id": "S_a",
          "dir": 1
        },
        {
          "id": "sol_a",
          "dir": 1
        },
        {
          "id": "sol_a_bot",
          "dir": 1
        },
        {
          "id": "bot_a",
          "dir": -1
        },
        {
          "id": "e_L",
          "dir": 1
        }
      ]
    }
  }
}