{
  "metadata": {
    "id": "final_boss_151",
    "axes": {
      "c_max": 100,
      "t_max": 1200
    }
  },
  "nodes": {
    "tmA": {
      "c": 0,
      "t": 1122
    },
    "tmB": {
      "c": 100,
      "t": 1011
    },
    "e1_a": {
      "c": 10.367474853034805,
      "t": 812.2611647902381
    },
    "e1_l": {
      "c": 24.16569727271844,
      "t": 812.2611647902381
    },
    "e1_b": {
      "c": 37.27465231768176,
      "t": 812.2611647902381
    },
    "eu_b": {
      "c": 28.705921378504737,
      "t": 613.8924691015452
    },
    "eu_a": {
      "c": 4.57336717742448,
      "t": 613.8924691015452
    },
    "eu_g": {
      "c": 36.74766678362129,
      "t": 613.8924691015452
    },
    "im_t": {
      "c": 56.03815556416568,
      "t": 1076.8469469672273
    },
    "im_b": {
      "c": 56.03815556416568,
      "t": 0
    },
    "p_im": {
      "c": 56.03815556416568,
      "t": 979.7561818744862
    },
    "p_l": {
      "c": 75.91625420108437,
      "t": 979.7561818744862
    },
    "p_d": {
      "c": 64.68581121405367,
      "t": 979.7561818744862
    },
    "e2_d": {
      "c": 71.6880329977689,
      "t": 868.9485554803304
    },
    "e2_l": {
      "c": 77.14955029314929,
      "t": 868.9485554803304
    },
    "e2_e": {
      "c": 88.76701889222622,
      "t": 868.9485554803304
    },
    "t_a": {
      "c": 3.5717721383346546,
      "t": 0
    },
    "t_g_l": {
      "c": 34.93030112261054,
      "t": 0
    },
    "t_g_r": {
      "c": 52.458328049716755,
      "t": 0
    },
    "t_d": {
      "c": 71.58786011166501,
      "t": 0
    },
    "t_e": {
      "c": 92.1210458824582,
      "t": 0
    }
  },
  "curves": {
    "L_1": {
      "start": "tmA",
      "end": "e1_l",
      "type": "liquidus",
      "power": 0.8
    },
    "L_2": {
      "start": "e1_l",
      "end": "im_t",
      "type": "liquidus",
      "power": 1.2
    },
    "L_3": {
      "start": "im_t",
      "end": "p_l",
      "type": "liquidus",
      "power": 0.9
    },
    "L_4": {
      "start": "p_l",
      "end": "e2_l",
      "type": "liquidus",
      "power": 1.1
    },
    "L_5": {
      "start": "e2_l",
      "end": "tmB",
      "type": "liquidus",
      "power": 0.8
    },
    "S_a": {
      "start": "tmA",
      "end": "e1_a",
      "type": "solidus",
      "power": 1.2
    },
    "S_e": {
      "start": "tmB",
      "end": "e2_e",
      "type": "solidus",
      "power": 1.1
    },
    "sol_a": {
      "start": "e1_a",
      "end": "eu_a",
      "type": "solvus",
      "power": 2.0
    },
    "sol_a_bot": {
      "start": "eu_a",
      "end": "t_a",
      "type": "solvus",
      "power": 1.5
    },
    "sol_e": {
      "start": "e2_e",
      "end": "t_e",
      "type": "solvus",
      "power": 1.8
    },
    "i_e1": {
      "start": "e1_a",
      "end": "e1_b",
      "type": "horizontal"
    },
    "i_eu": {
      "start": "eu_a",
      "end": "eu_g",
      "type": "horizontal"
    },
    "i_p": {
      "start": "p_im",
      "end": "p_l",
      "type": "horizontal"
    },
    "i_e2": {
      "start": "e2_d",
      "end": "e2_e",
      "type": "horizontal"
    },
    "im_vert": {
      "start": "im_t",
      "end": "im_b",
      "type": "vertical"
    }
  },
  "regions": {
    "R_a": {
      "type": "single-phase",
      "phase_name": "\u03b1",
      "label": {
        "text": "\u03b1",
        "c": 4,
        "t": 600
      },
      "bounding_curves": [
        {
          "id": "S_a",
          "dir": 1
        },
        {
          "id": "sol_a",
          "dir": 1
        },
        {
          "id": "sol_a_bot",
          "dir": 1
        },
        {
          "id": "bot_a",
          "dir": -1
        },
        {
          "id": "e_L",
          "dir": 1
        }
      ]
    }
  }
}