{
  "metadata": {
    "id": "final_boss_124",
    "axes": {
      "c_max": 100,
      "t_max": 1200
    }
  },
  "nodes": {
    "tmA": {
      "c": 0,
      "t": 1095
    },
    "tmB": {
      "c": 100,
      "t": 1045
    },
    "e1_a": {
      "c": 16.254097346339016,
      "t": 866.2609726163507
    },
    "e1_l": {
      "c": 30.269108360212158,
      "t": 866.2609726163507
    },
    "e1_b": {
      "c": 42.20460861389841,
      "t": 866.2609726163507
    },
    "eu_b": {
      "c": 38.67917956452857,
      "t": 742.1483076238139
    },
    "eu_a": {
      "c": 13.999480439884842,
      "t": 742.1483076238139
    },
    "eu_g": {
      "c": 48.35929410955293,
      "t": 742.1483076238139
    },
    "im_t": {
      "c": 62.84669678339118,
      "t": 978.5514499262356
    },
    "im_b": {
      "c": 62.84669678339118,
      "t": 0
    },
    "p_im": {
      "c": 62.84669678339118,
      "t": 822.0709761156883
    },
    "p_l": {
      "c": 74.92281353706892,
      "t": 822.0709761156883
    },
    "p_d": {
      "c": 71.07841499651477,
      "t": 822.0709761156883
    },
    "e2_d": {
      "c": 72.36551297213651,
      "t": 568.1952175646285
    },
    "e2_l": {
      "c": 77.81003819282984,
      "t": 568.1952175646285
    },
    "e2_e": {
      "c": 95.94917352683473,
      "t": 568.1952175646285
    },
    "t_a": {
      "c": 2.9261456679974334,
      "t": 0
    },
    "t_g_l": {
      "c": 48.00080583405851,
      "t": 0
    },
    "t_g_r": {
      "c": 55.58734249192786,
      "t": 0
    },
    "t_d": {
      "c": 67.87175272247241,
      "t": 0
    },
    "t_e": {
      "c": 96.99158056785339,
      "t": 0
    }
  },
  "curves": {
    "L_1": {
      "start": "tmA",
      "end": "e1_l",
      "type": "liquidus",
      "power": 0.8
    },
    "L_2": {
      "start": "e1_l",
      "end": "im_t",
      "type": "liquidus",
      "power": 1.2
    },
    "L_3": {
      "start": "im_t",
      "end": "p_l",
      "type": "liquidus",
      "power": 0.9
    },
    "L_4": {
      "start": "p_l",
      "end": "e2_l",
      "type": "liquidus",
      "power": 1.1
    },
    "L_5": {
      "start": "e2_l",
      "end": "tmB",
      "type": "liquidus",
      "power": 0.8
    },
    "S_a": {
      "start": "tmA",
      "end": "e1_a",
      "type": "solidus",
      "power": 1.2
    },
    "S_e": {
      "start": "tmB",
      "end": "e2_e",
      "type": "solidus",
      "power": 1.1
    },
    "sol_a": {
      "start": "e1_a",
      "end": "eu_a",
      "type": "solvus",
      "power": 2.0
    },
    "sol_a_bot": {
      "start": "eu_a",
      "end": "t_a",
      "type": "solvus",
      "power": 1.5
    },
    "sol_e": {
      "start": "e2_e",
      "end": "t_e",
      "type": "solvus",
      "power": 1.8
    },
    "i_e1": {
      "start": "e1_a",
      "end": "e1_b",
      "type": "horizontal"
    },
    "i_eu": {
      "start": "eu_a",
      "end": "eu_g",
      "type": "horizontal"
    },
    "i_p": {
      "start": "p_im",
      "end": "p_l",
      "type": "horizontal"
    },
    "i_e2": {
      "start": "e2_d",
      "end": "e2_e",
      "type": "horizontal"
    },
    "im_vert": {
      "start": "im_t",
      "end": "im_b",
      "type": "vertical"
    }
  },
  "regions": {
    "R_a": {
      "type": "single-phase",
      "phase_name": "\u03b1",
      "label": {
        "text": "\u03b1",
        "c": 4,
        "t": 600
      },
      "bounding_curves": [
        {
          "id": "S_a",
          "dir": 1
        },
        {
          "id": "sol_a",
          "dir": 1
        },
        {
          "id": "sol_a_bot",
          "dir": 1
        },
        {
          "id": "bot_a",
          "dir": -1
        },
        {
          "id": "e_L",
          "dir": 1
        }
      ]
    }
  }
}