{
  "metadata": {
    "id": "final_boss_228",
    "axes": {
      "c_max": 100,
      "t_max": 1200
    }
  },
  "nodes": {
    "tmA": {
      "c": 0,
      "t": 1112
    },
    "tmB": {
      "c": 100,
      "t": 1067
    },
    "e1_a": {
      "c": 18.59920913298523,
      "t": 903.5280583849038
    },
    "e1_l": {
      "c": 30.963416729388154,
      "t": 903.5280583849038
    },
    "e1_b": {
      "c": 45.79333565730891,
      "t": 903.5280583849038
    },
    "eu_b": {
      "c": 35.08461391640026,
      "t": 625.0072870913846
    },
    "eu_a": {
      "c": 14.42512079487775,
      "t": 625.0072870913846
    },
    "eu_g": {
      "c": 42.772452540280575,
      "t": 625.0072870913846
    },
    "im_t": {
      "c": 60.909769435119955,
      "t": 1158.7044161068907
    },
    "im_b": {
      "c": 60.909769435119955,
      "t": 0
    },
    "p_im": {
      "c": 60.909769435119955,
      "t": 932.4473936439871
    },
    "p_l": {
      "c": 83.96082414481346,
      "t": 932.4473936439871
    },
    "p_d": {
      "c": 64.39498640063259,
      "t": 932.4473936439871
    },
    "e2_d": {
      "c": 76.88597137577895,
      "t": 681.819766596935
    },
    "e2_l": {
      "c": 83.72744446326249,
      "t": 681.819766596935
    },
    "e2_e": {
      "c": 94.42944495169725,
      "t": 681.819766596935
    },
    "t_a": {
      "c": 1.2061205582369867,
      "t": 0
    },
    "t_g_l": {
      "c": 40.488668214656386,
      "t": 0
    },
    "t_g_r": {
      "c": 43.672721989794354,
      "t": 0
    },
    "t_d": {
      "c": 73.20927623814545,
      "t": 0
    },
    "t_e": {
      "c": 98.99971879671303,
      "t": 0
    }
  },
  "curves": {
    "L_1": {
      "start": "tmA",
      "end": "e1_l",
      "type": "liquidus",
      "power": 0.8
    },
    "L_2": {
      "start": "e1_l",
      "end": "im_t",
      "type": "liquidus",
      "power": 1.2
    },
    "L_3": {
      "start": "im_t",
      "end": "p_l",
      "type": "liquidus",
      "power": 0.9
    },
    "L_4": {
      "start": "p_l",
      "end": "e2_l",
      "type": "liquidus",
      "power": 1.1
    },
    "L_5": {
      "start": "e2_l",
      "end": "tmB",
      "type": "liquidus",
      "power": 0.8
    },
    "S_a": {
      "start": "tmA",
      "end": "e1_a",
      "type": "solidus",
      "power": 1.2
    },
    "S_e": {
      "start": "tmB",
      "end": "e2_e",
      "type": "solidus",
      "power": 1.1
    },
    "sol_a": {
      "start": "e1_a",
      "end": "eu_a",
      "type": "solvus",
      "power": 2.0
    },
    "sol_a_bot": {
      "start": "eu_a",
      "end": "t_a",
      "type": "solvus",
      "power": 1.5
    },
    "sol_e": {
      "start": "e2_e",
      "end": "t_e",
      "type": "solvus",
      "power": 1.8
    },
    "i_e1": {
      "start": "e1_a",
      "end": "e1_b",
      "type": "horizontal"
    },
    "i_eu": {
      "start": "eu_a",
      "end": "eu_g",
      "type": "horizontal"
    },
    "i_p": {
      "start": "p_im",
      "end": "p_l",
      "type": "horizontal"
    },
    "i_e2": {
      "start": "e2_d",
      "end": "e2_e",
      "type": "horizontal"
    },
    "im_vert": {
      "start": "im_t",
      "end": "im_b",
      "type": "vertical"
    }
  },
  "regions": {
    "R_a": {
      "type": "single-phase",
      "phase_name": "\u03b1",
      "label": {
        "text": "\u03b1",
        "c": 4,
        "t": 600
      },
      "bounding_curves": [
        {
          "id": "S_a",
          "dir": 1
        },
        {
          "id": "sol_a",
          "dir": 1
        },
        {
          "id": "sol_a_bot",
          "dir": 1
        },
        {
          "id": "bot_a",
          "dir": -1
        },
        {
          "id": "e_L",
          "dir": 1
        }
      ]
    }
  }
}