{
  "metadata": {
    "id": "final_boss_200",
    "axes": {
      "c_max": 100,
      "t_max": 1200
    }
  },
  "nodes": {
    "tmA": {
      "c": 0,
      "t": 1082
    },
    "tmB": {
      "c": 100,
      "t": 1012
    },
    "e1_a": {
      "c": 17.684514881789816,
      "t": 856.5075657557059
    },
    "e1_l": {
      "c": 35.24856182591309,
      "t": 856.5075657557059
    },
    "e1_b": {
      "c": 45.850415003447296,
      "t": 856.5075657557059
    },
    "eu_b": {
      "c": 37.720206703455496,
      "t": 609.491079642256
    },
    "eu_a": {
      "c": 10.274479630528031,
      "t": 609.491079642256
    },
    "eu_g": {
      "c": 47.00571497631493,
      "t": 609.491079642256
    },
    "im_t": {
      "c": 60.39306330940236,
      "t": 1063.146683687459
    },
    "im_b": {
      "c": 60.39306330940236,
      "t": 0
    },
    "p_im": {
      "c": 60.39306330940236,
      "t": 820.6908785720337
    },
    "p_l": {
      "c": 74.5568187032722,
      "t": 820.6908785720337
    },
    "p_d": {
      "c": 70.85648061036,
      "t": 820.6908785720337
    },
    "e2_d": {
      "c": 72.42587958305941,
      "t": 643.0095711137944
    },
    "e2_l": {
      "c": 78.24030131372147,
      "t": 643.0095711137944
    },
    "e2_e": {
      "c": 91.3341530863249,
      "t": 643.0095711137944
    },
    "t_a": {
      "c": 4.4076245815007145,
      "t": 0
    },
    "t_g_l": {
      "c": 45.93513538759526,
      "t": 0
    },
    "t_g_r": {
      "c": 50.376671455473925,
      "t": 0
    },
    "t_d": {
      "c": 69.76606904949686,
      "t": 0
    },
    "t_e": {
      "c": 99.17926204968917,
      "t": 0
    }
  },
  "curves": {
    "L_1": {
      "start": "tmA",
      "end": "e1_l",
      "type": "liquidus",
      "power": 0.8
    },
    "L_2": {
      "start": "e1_l",
      "end": "im_t",
      "type": "liquidus",
      "power": 1.2
    },
    "L_3": {
      "start": "im_t",
      "end": "p_l",
      "type": "liquidus",
      "power": 0.9
    },
    "L_4": {
      "start": "p_l",
      "end": "e2_l",
      "type": "liquidus",
      "power": 1.1
    },
    "L_5": {
      "start": "e2_l",
      "end": "tmB",
      "type": "liquidus",
      "power": 0.8
    },
    "S_a": {
      "start": "tmA",
      "end": "e1_a",
      "type": "solidus",
      "power": 1.2
    },
    "S_e": {
      "start": "tmB",
      "end": "e2_e",
      "type": "solidus",
      "power": 1.1
    },
    "sol_a": {
      "start": "e1_a",
      "end": "eu_a",
      "type": "solvus",
      "power": 2.0
    },
    "sol_a_bot": {
      "start": "eu_a",
      "end": "t_a",
      "type": "solvus",
      "power": 1.5
    },
    "sol_e": {
      "start": "e2_e",
      "end": "t_e",
      "type": "solvus",
      "power": 1.8
    },
    "i_e1": {
      "start": "e1_a",
      "end": "e1_b",
      "type": "horizontal"
    },
    "i_eu": {
      "start": "eu_a",
      "end": "eu_g",
      "type": "horizontal"
    },
    "i_p": {
      "start": "p_im",
      "end": "p_l",
      "type": "horizontal"
    },
    "i_e2": {
      "start": "e2_d",
      "end": "e2_e",
      "type": "horizontal"
    },
    "im_vert": {
      "start": "im_t",
      "end": "im_b",
      "type": "vertical"
    }
  },
  "regions": {
    "R_a": {
      "type": "single-phase",
      "phase_name": "\u03b1",
      "label": {
        "text": "\u03b1",
        "c": 4,
        "t": 600
      },
      "bounding_curves": [
        {
          "id": "S_a",
          "dir": 1
        },
        {
          "id": "sol_a",
          "dir": 1
        },
        {
          "id": "sol_a_bot",
          "dir": 1
        },
        {
          "id": "bot_a",
          "dir": -1
        },
        {
          "id": "e_L",
          "dir": 1
        }
      ]
    }
  }
}