{
  "metadata": {
    "id": "final_boss_322",
    "axes": {
      "c_max": 100,
      "t_max": 1200
    }
  },
  "nodes": {
    "tmA": {
      "c": 0,
      "t": 1097
    },
    "tmB": {
      "c": 100,
      "t": 1024
    },
    "e1_a": {
      "c": 16.515182172742534,
      "t": 850.4709077908537
    },
    "e1_l": {
      "c": 29.92528478616831,
      "t": 850.4709077908537
    },
    "e1_b": {
      "c": 44.75960153394055,
      "t": 850.4709077908537
    },
    "eu_b": {
      "c": 34.369481938370285,
      "t": 577.3399439322069
    },
    "eu_a": {
      "c": 9.17085250713458,
      "t": 577.3399439322069
    },
    "eu_g": {
      "c": 44.807784857826306,
      "t": 577.3399439322069
    },
    "im_t": {
      "c": 63.67437369552945,
      "t": 1137.6014414068013
    },
    "im_b": {
      "c": 63.67437369552945,
      "t": 0
    },
    "p_im": {
      "c": 63.67437369552945,
      "t": 1016.3645196923744
    },
    "p_l": {
      "c": 82.49872149007142,
      "t": 1016.3645196923744
    },
    "p_d": {
      "c": 76.3280737049358,
      "t": 1016.3645196923744
    },
    "e2_d": {
      "c": 78.3366982028989,
      "t": 790.593172171486
    },
    "e2_l": {
      "c": 85.27554878072475,
      "t": 790.593172171486
    },
    "e2_e": {
      "c": 94.10895840262693,
      "t": 790.593172171486
    },
    "t_a": {
      "c": 2.7504847136706023,
      "t": 0
    },
    "t_g_l": {
      "c": 42.64817614875263,
      "t": 0
    },
    "t_g_r": {
      "c": 56.80032980621671,
      "t": 0
    },
    "t_d": {
      "c": 71.79450982786356,
      "t": 0
    },
    "t_e": {
      "c": 99.84441356651726,
      "t": 0
    }
  },
  "curves": {
    "L_1": {
      "start": "tmA",
      "end": "e1_l",
      "type": "liquidus",
      "power": 0.8
    },
    "L_2": {
      "start": "e1_l",
      "end": "im_t",
      "type": "liquidus",
      "power": 1.2
    },
    "L_3": {
      "start": "im_t",
      "end": "p_l",
      "type": "liquidus",
      "power": 0.9
    },
    "L_4": {
      "start": "p_l",
      "end": "e2_l",
      "type": "liquidus",
      "power": 1.1
    },
    "L_5": {
      "start": "e2_l",
      "end": "tmB",
      "type": "liquidus",
      "power": 0.8
    },
    "S_a": {
      "start": "tmA",
      "end": "e1_a",
      "type": "solidus",
      "power": 1.2
    },
    "S_e": {
      "start": "tmB",
      "end": "e2_e",
      "type": "solidus",
      "power": 1.1
    },
    "sol_a": {
      "start": "e1_a",
      "end": "eu_a",
      "type": "solvus",
      "power": 2.0
    },
    "sol_a_bot": {
      "start": "eu_a",
      "end": "t_a",
      "type": "solvus",
      "power": 1.5
    },
    "sol_e": {
      "start": "e2_e",
      "end": "t_e",
      "type": "solvus",
      "power": 1.8
    },
    "i_e1": {
      "start": "e1_a",
      "end": "e1_b",
      "type": "horizontal"
    },
    "i_eu": {
      "start": "eu_a",
      "end": "eu_g",
      "type": "horizontal"
    },
    "i_p": {
      "start": "p_im",
      "end": "p_l",
      "type": "horizontal"
    },
    "i_e2": {
      "start": "e2_d",
      "end": "e2_e",
      "type": "horizontal"
    },
    "im_vert": {
      "start": "im_t",
      "end": "im_b",
      "type": "vertical"
    }
  },
  "regions": {
    "R_a": {
      "type": "single-phase",
      "phase_name": "\u03b1",
      "label": {
        "text": "\u03b1",
        "c": 4,
        "t": 600
      },
      "bounding_curves": [
        {
          "id": "S_a",
          "dir": 1
        },
        {
          "id": "sol_a",
          "dir": 1
        },
        {
          "id": "sol_a_bot",
          "dir": 1
        },
        {
          "id": "bot_a",
          "dir": -1
        },
        {
          "id": "e_L",
          "dir": 1
        }
      ]
    }
  }
}