{
  "metadata": {
    "id": "final_boss_400",
    "axes": {
      "c_max": 100,
      "t_max": 1200
    }
  },
  "nodes": {
    "tmA": {
      "c": 0,
      "t": 1072
    },
    "tmB": {
      "c": 100,
      "t": 1115
    },
    "e1_a": {
      "c": 13.912663309504147,
      "t": 904.6771958708583
    },
    "e1_l": {
      "c": 22.145012900435002,
      "t": 904.6771958708583
    },
    "e1_b": {
      "c": 32.674699917089136,
      "t": 904.6771958708583
    },
    "eu_b": {
      "c": 29.17033830771021,
      "t": 644.0372470383816
    },
    "eu_a": {
      "c": 7.101770976277601,
      "t": 644.0372470383816
    },
    "eu_g": {
      "c": 44.141073188835335,
      "t": 644.0372470383816
    },
    "im_t": {
      "c": 69.78354522773098,
      "t": 1055.5779483474764
    },
    "im_b": {
      "c": 69.78354522773098,
      "t": 0
    },
    "p_im": {
      "c": 69.78354522773098,
      "t": 928.6412117577086
    },
    "p_l": {
      "c": 85.2288433318847,
      "t": 928.6412117577086
    },
    "p_d": {
      "c": 77.13626462189686,
      "t": 928.6412117577086
    },
    "e2_d": {
      "c": 79.98861298649835,
      "t": 422.60089119348163
    },
    "e2_l": {
      "c": 89.31904665367205,
      "t": 422.60089119348163
    },
    "e2_e": {
      "c": 95.07083961151301,
      "t": 422.60089119348163
    },
    "t_a": {
      "c": 4.980402138323455,
      "t": 0
    },
    "t_g_l": {
      "c": 43.47682852157043,
      "t": 0
    },
    "t_g_r": {
      "c": 50.570301264706515,
      "t": 0
    },
    "t_d": {
      "c": 78.0182137819322,
      "t": 0
    },
    "t_e": {
      "c": 96.94831508231971,
      "t": 0
    }
  },
  "curves": {
    "L_1": {
      "start": "tmA",
      "end": "e1_l",
      "type": "liquidus",
      "power": 0.8
    },
    "L_2": {
      "start": "e1_l",
      "end": "im_t",
      "type": "liquidus",
      "power": 1.2
    },
    "L_3": {
      "start": "im_t",
      "end": "p_l",
      "type": "liquidus",
      "power": 0.9
    },
    "L_4": {
      "start": "p_l",
      "end": "e2_l",
      "type": "liquidus",
      "power": 1.1
    },
    "L_5": {
      "start": "e2_l",
      "end": "tmB",
      "type": "liquidus",
      "power": 0.8
    },
    "S_a": {
      "start": "tmA",
      "end": "e1_a",
      "type": "solidus",
      "power": 1.2
    },
    "S_e": {
      "start": "tmB",
      "end": "e2_e",
      "type": "solidus",
      "power": 1.1
    },
    "sol_a": {
      "start": "e1_a",
      "end": "eu_a",
      "type": "solvus",
      "power": 2.0
    },
    "sol_a_bot": {
      "start": "eu_a",
      "end": "t_a",
      "type": "solvus",
      "power": 1.5
    },
    "sol_e": {
      "start": "e2_e",
      "end": "t_e",
      "type": "solvus",
      "power": 1.8
    },
    "i_e1": {
      "start": "e1_a",
      "end": "e1_b",
      "type": "horizontal"
    },
    "i_eu": {
      "start": "eu_a",
      "end": "eu_g",
      "type": "horizontal"
    },
    "i_p": {
      "start": "p_im",
      "end": "p_l",
      "type": "horizontal"
    },
    "i_e2": {
      "start": "e2_d",
      "end": "e2_e",
      "type": "horizontal"
    },
    "im_vert": {
      "start": "im_t",
      "end": "im_b",
      "type": "vertical"
    }
  },
  "regions": {
    "R_a": {
      "type": "single-phase",
      "phase_name": "\u03b1",
      "label": {
        "text": "\u03b1",
        "c": 4,
        "t": 600
      },
      "bounding_curves": [
        {
          "id": "S_a",
          "dir": 1
        },
        {
          "id": "sol_a",
          "dir": 1
        },
        {
          "id": "sol_a_bot",
          "dir": 1
        },
        {
          "id": "bot_a",
          "dir": -1
        },
        {
          "id": "e_L",
          "dir": 1
        }
      ]
    }
  }
}