{
  "metadata": {
    "id": "final_boss_338",
    "axes": {
      "c_max": 100,
      "t_max": 1200
    }
  },
  "nodes": {
    "tmA": {
      "c": 0,
      "t": 1057
    },
    "tmB": {
      "c": 100,
      "t": 1127
    },
    "e1_a": {
      "c": 13.886388248080216,
      "t": 846.7413757281452
    },
    "e1_l": {
      "c": 28.55384444198291,
      "t": 846.7413757281452
    },
    "e1_b": {
      "c": 37.69815722486702,
      "t": 846.7413757281452
    },
    "eu_b": {
      "c": 30.826602250176986,
      "t": 683.6619218034814
    },
    "eu_a": {
      "c": 11.599798847162425,
      "t": 683.6619218034814
    },
    "eu_g": {
      "c": 41.81673276152239,
      "t": 683.6619218034814
    },
    "im_t": {
      "c": 62.2675373615141,
      "t": 1005.2866959912236
    },
    "im_b": {
      "c": 62.2675373615141,
      "t": 0
    },
    "p_im": {
      "c": 62.2675373615141,
      "t": 913.6101953167606
    },
    "p_l": {
      "c": 84.34630451401517,
      "t": 913.6101953167606
    },
    "p_d": {
      "c": 76.55270315031025,
      "t": 913.6101953167606
    },
    "e2_d": {
      "c": 79.53711332437253,
      "t": 743.8316933455394
    },
    "e2_l": {
      "c": 86.82917516930033,
      "t": 743.8316933455394
    },
    "e2_e": {
      "c": 93.69921714809938,
      "t": 743.8316933455394
    },
    "t_a": {
      "c": 2.1884571522179677,
      "t": 0
    },
    "t_g_l": {
      "c": 41.136825184569005,
      "t": 0
    },
    "t_g_r": {
      "c": 53.93919107370829,
      "t": 0
    },
    "t_d": {
      "c": 73.91790385462875,
      "t": 0
    },
    "t_e": {
      "c": 99.63122601740366,
      "t": 0
    }
  },
  "curves": {
    "L_1": {
      "start": "tmA",
      "end": "e1_l",
      "type": "liquidus",
      "power": 0.8
    },
    "L_2": {
      "start": "e1_l",
      "end": "im_t",
      "type": "liquidus",
      "power": 1.2
    },
    "L_3": {
      "start": "im_t",
      "end": "p_l",
      "type": "liquidus",
      "power": 0.9
    },
    "L_4": {
      "start": "p_l",
      "end": "e2_l",
      "type": "liquidus",
      "power": 1.1
    },
    "L_5": {
      "start": "e2_l",
      "end": "tmB",
      "type": "liquidus",
      "power": 0.8
    },
    "S_a": {
      "start": "tmA",
      "end": "e1_a",
      "type": "solidus",
      "power": 1.2
    },
    "S_e": {
      "start": "tmB",
      "end": "e2_e",
      "type": "solidus",
      "power": 1.1
    },
    "sol_a": {
      "start": "e1_a",
      "end": "eu_a",
      "type": "solvus",
      "power": 2.0
    },
    "sol_a_bot": {
      "start": "eu_a",
      "end": "t_a",
      "type": "solvus",
      "power": 1.5
    },
    "sol_e": {
      "start": "e2_e",
      "end": "t_e",
      "type": "solvus",
      "power": 1.8
    },
    "i_e1": {
      "start": "e1_a",
      "end": "e1_b",
      "type": "horizontal"
    },
    "i_eu": {
      "start": "eu_a",
      "end": "eu_g",
      "type": "horizontal"
    },
    "i_p": {
      "start": "p_im",
      "end": "p_l",
      "type": "horizontal"
    },
    "i_e2": {
      "start": "e2_d",
      "end": "e2_e",
      "type": "horizontal"
    },
    "im_vert": {
      "start": "im_t",
      "end": "im_b",
      "type": "vertical"
    }
  },
  "regions": {
    "R_a": {
      "type": "single-phase",
      "phase_name": "\u03b1",
      "label": {
        "text": "\u03b1",
        "c": 4,
        "t": 600
      },
      "bounding_curves": [
        {
          "id": "S_a",
          "dir": 1
        },
        {
          "id": "sol_a",
          "dir": 1
        },
        {
          "id": "sol_a_bot",
          "dir": 1
        },
        {
          "id": "bot_a",
          "dir": -1
        },
        {
          "id": "e_L",
          "dir": 1
        }
      ]
    }
  }
}