{
  "metadata": {
    "id": "final_boss_424",
    "axes": {
      "c_max": 100,
      "t_max": 1200
    }
  },
  "nodes": {
    "tmA": {
      "c": 0,
      "t": 1112
    },
    "tmB": {
      "c": 100,
      "t": 1066
    },
    "e1_a": {
      "c": 19.967378955027506,
      "t": 818.88272952907
    },
    "e1_l": {
      "c": 31.41602727550498,
      "t": 818.88272952907
    },
    "e1_b": {
      "c": 41.397683356336366,
      "t": 818.88272952907
    },
    "eu_b": {
      "c": 34.41708810985168,
      "t": 684.8790693840818
    },
    "eu_a": {
      "c": 11.333709358695328,
      "t": 684.8790693840818
    },
    "eu_g": {
      "c": 43.04981893139227,
      "t": 684.8790693840818
    },
    "im_t": {
      "c": 62.54864231457029,
      "t": 1124.6636984146112
    },
    "im_b": {
      "c": 62.54864231457029,
      "t": 0
    },
    "p_im": {
      "c": 62.54864231457029,
      "t": 880.4048750409363
    },
    "p_l": {
      "c": 85.67583939252894,
      "t": 880.4048750409363
    },
    "p_d": {
      "c": 82.0248156646754,
      "t": 880.4048750409363
    },
    "e2_d": {
      "c": 83.09609354601608,
      "t": 820.2429276295552
    },
    "e2_l": {
      "c": 90.2490329408501,
      "t": 820.2429276295552
    },
    "e2_e": {
      "c": 94.47971580987489,
      "t": 820.2429276295552
    },
    "t_a": {
      "c": 1.8768310079334016,
      "t": 0
    },
    "t_g_l": {
      "c": 40.644556333833336,
      "t": 0
    },
    "t_g_r": {
      "c": 58.72030065121245,
      "t": 0
    },
    "t_d": {
      "c": 75.7770080676635,
      "t": 0
    },
    "t_e": {
      "c": 96.70080277202281,
      "t": 0
    }
  },
  "curves": {
    "L_1": {
      "start": "tmA",
      "end": "e1_l",
      "type": "liquidus",
      "power": 0.8
    },
    "L_2": {
      "start": "e1_l",
      "end": "im_t",
      "type": "liquidus",
      "power": 1.2
    },
    "L_3": {
      "start": "im_t",
      "end": "p_l",
      "type": "liquidus",
      "power": 0.9
    },
    "L_4": {
      "start": "p_l",
      "end": "e2_l",
      "type": "liquidus",
      "power": 1.1
    },
    "L_5": {
      "start": "e2_l",
      "end": "tmB",
      "type": "liquidus",
      "power": 0.8
    },
    "S_a": {
      "start": "tmA",
      "end": "e1_a",
      "type": "solidus",
      "power": 1.2
    },
    "S_e": {
      "start": "tmB",
      "end": "e2_e",
      "type": "solidus",
      "power": 1.1
    },
    "sol_a": {
      "start": "e1_a",
      "end": "eu_a",
      "type": "solvus",
      "power": 2.0
    },
    "sol_a_bot": {
      "start": "eu_a",
      "end": "t_a",
      "type": "solvus",
      "power": 1.5
    },
    "sol_e": {
      "start": "e2_e",
      "end": "t_e",
      "type": "solvus",
      "power": 1.8
    },
    "i_e1": {
      "start": "e1_a",
      "end": "e1_b",
      "type": "horizontal"
    },
    "i_eu": {
      "start": "eu_a",
      "end": "eu_g",
      "type": "horizontal"
    },
    "i_p": {
      "start": "p_im",
      "end": "p_l",
      "type": "horizontal"
    },
    "i_e2": {
      "start": "e2_d",
      "end": "e2_e",
      "type": "horizontal"
    },
    "im_vert": {
      "start": "im_t",
      "end": "im_b",
      "type": "vertical"
    }
  },
  "regions": {
    "R_a": {
      "type": "single-phase",
      "phase_name": "\u03b1",
      "label": {
        "text": "\u03b1",
        "c": 4,
        "t": 600
      },
      "bounding_curves": [
        {
          "id": "S_a",
          "dir": 1
        },
        {
          "id": "sol_a",
          "dir": 1
        },
        {
          "id": "sol_a_bot",
          "dir": 1
        },
        {
          "id": "bot_a",
          "dir": -1
        },
        {
          "id": "e_L",
          "dir": 1
        }
      ]
    }
  }
}