{
  "metadata": {
    "id": "final_boss_157",
    "axes": {
      "c_max": 100,
      "t_max": 1200
    }
  },
  "nodes": {
    "tmA": {
      "c": 0,
      "t": 1074
    },
    "tmB": {
      "c": 100,
      "t": 1091
    },
    "e1_a": {
      "c": 8.276446286830907,
      "t": 806.634122157
    },
    "e1_l": {
      "c": 24.034582805276294,
      "t": 806.634122157
    },
    "e1_b": {
      "c": 38.87667097087283,
      "t": 806.634122157
    },
    "eu_b": {
      "c": 35.68653598356133,
      "t": 514.5882197404555
    },
    "eu_a": {
      "c": 5.5683162427004635,
      "t": 514.5882197404555
    },
    "eu_g": {
      "c": 47.01210773163106,
      "t": 514.5882197404555
    },
    "im_t": {
      "c": 61.10462853070342,
      "t": 1063.888836812618
    },
    "im_b": {
      "c": 61.10462853070342,
      "t": 0
    },
    "p_im": {
      "c": 61.10462853070342,
      "t": 898.441793875713
    },
    "p_l": {
      "c": 78.8481642364279,
      "t": 898.441793875713
    },
    "p_d": {
      "c": 67.41654986106904,
      "t": 898.441793875713
    },
    "e2_d": {
      "c": 72.36822224783934,
      "t": 662.2014790648047
    },
    "e2_l": {
      "c": 83.6671798457866,
      "t": 662.2014790648047
    },
    "e2_e": {
      "c": 88.64541331150502,
      "t": 662.2014790648047
    },
    "t_a": {
      "c": 3.3132987736760824,
      "t": 0
    },
    "t_g_l": {
      "c": 45.33527534561747,
      "t": 0
    },
    "t_g_r": {
      "c": 55.25060086846496,
      "t": 0
    },
    "t_d": {
      "c": 70.1573195684408,
      "t": 0
    },
    "t_e": {
      "c": 92.1176011793236,
      "t": 0
    }
  },
  "curves": {
    "L_1": {
      "start": "tmA",
      "end": "e1_l",
      "type": "liquidus",
      "power": 0.8
    },
    "L_2": {
      "start": "e1_l",
      "end": "im_t",
      "type": "liquidus",
      "power": 1.2
    },
    "L_3": {
      "start": "im_t",
      "end": "p_l",
      "type": "liquidus",
      "power": 0.9
    },
    "L_4": {
      "start": "p_l",
      "end": "e2_l",
      "type": "liquidus",
      "power": 1.1
    },
    "L_5": {
      "start": "e2_l",
      "end": "tmB",
      "type": "liquidus",
      "power": 0.8
    },
    "S_a": {
      "start": "tmA",
      "end": "e1_a",
      "type": "solidus",
      "power": 1.2
    },
    "S_e": {
      "start": "tmB",
      "end": "e2_e",
      "type": "solidus",
      "power": 1.1
    },
    "sol_a": {
      "start": "e1_a",
      "end": "eu_a",
      "type": "solvus",
      "power": 2.0
    },
    "sol_a_bot": {
      "start": "eu_a",
      "end": "t_a",
      "type": "solvus",
      "power": 1.5
    },
    "sol_e": {
      "start": "e2_e",
      "end": "t_e",
      "type": "solvus",
      "power": 1.8
    },
    "i_e1": {
      "start": "e1_a",
      "end": "e1_b",
      "type": "horizontal"
    },
    "i_eu": {
      "start": "eu_a",
      "end": "eu_g",
      "type": "horizontal"
    },
    "i_p": {
      "start": "p_im",
      "end": "p_l",
      "type": "horizontal"
    },
    "i_e2": {
      "start": "e2_d",
      "end": "e2_e",
      "type": "horizontal"
    },
    "im_vert": {
      "start": "im_t",
      "end": "im_b",
      "type": "vertical"
    }
  },
  "regions": {
    "R_a": {
      "type": "single-phase",
      "phase_name": "\u03b1",
      "label": {
        "text": "\u03b1",
        "c": 4,
        "t": 600
      },
      "bounding_curves": [
        {
          "id": "S_a",
          "dir": 1
        },
        {
          "id": "sol_a",
          "dir": 1
        },
        {
          "id": "sol_a_bot",
          "dir": 1
        },
        {
          "id": "bot_a",
          "dir": -1
        },
        {
          "id": "e_L",
          "dir": 1
        }
      ]
    }
  }
}