{
  "metadata": {
    "id": "final_boss_387",
    "axes": {
      "c_max": 100,
      "t_max": 1200
    }
  },
  "nodes": {
    "tmA": {
      "c": 0,
      "t": 1066
    },
    "tmB": {
      "c": 100,
      "t": 1059
    },
    "e1_a": {
      "c": 16.93712787999937,
      "t": 847.8677858023136
    },
    "e1_l": {
      "c": 32.69022349626202,
      "t": 847.8677858023136
    },
    "e1_b": {
      "c": 47.39346509949831,
      "t": 847.8677858023136
    },
    "eu_b": {
      "c": 36.056247658707576,
      "t": 633.3572217525214
    },
    "eu_a": {
      "c": 12.878480690411639,
      "t": 633.3572217525214
    },
    "eu_g": {
      "c": 46.93959936185393,
      "t": 633.3572217525214
    },
    "im_t": {
      "c": 70.1708093428912,
      "t": 1137.7522653289107
    },
    "im_b": {
      "c": 70.1708093428912,
      "t": 0
    },
    "p_im": {
      "c": 70.1708093428912,
      "t": 1019.2170269075509
    },
    "p_l": {
      "c": 85.63007035750182,
      "t": 1019.2170269075509
    },
    "p_d": {
      "c": 77.35554387440473,
      "t": 1019.2170269075509
    },
    "e2_d": {
      "c": 81.4485773649887,
      "t": 759.6503209558873
    },
    "e2_l": {
      "c": 89.17461252312468,
      "t": 759.6503209558873
    },
    "e2_e": {
      "c": 94.07345548470133,
      "t": 759.6503209558873
    },
    "t_a": {
      "c": 7.031159114619032,
      "t": 0
    },
    "t_g_l": {
      "c": 46.7809316013487,
      "t": 0
    },
    "t_g_r": {
      "c": 59.08636597796394,
      "t": 0
    },
    "t_d": {
      "c": 76.41262169555628,
      "t": 0
    },
    "t_e": {
      "c": 97.76023645356678,
      "t": 0
    }
  },
  "curves": {
    "L_1": {
      "start": "tmA",
      "end": "e1_l",
      "type": "liquidus",
      "power": 0.8
    },
    "L_2": {
      "start": "e1_l",
      "end": "im_t",
      "type": "liquidus",
      "power": 1.2
    },
    "L_3": {
      "start": "im_t",
      "end": "p_l",
      "type": "liquidus",
      "power": 0.9
    },
    "L_4": {
      "start": "p_l",
      "end": "e2_l",
      "type": "liquidus",
      "power": 1.1
    },
    "L_5": {
      "start": "e2_l",
      "end": "tmB",
      "type": "liquidus",
      "power": 0.8
    },
    "S_a": {
      "start": "tmA",
      "end": "e1_a",
      "type": "solidus",
      "power": 1.2
    },
    "S_e": {
      "start": "tmB",
      "end": "e2_e",
      "type": "solidus",
      "power": 1.1
    },
    "sol_a": {
      "start": "e1_a",
      "end": "eu_a",
      "type": "solvus",
      "power": 2.0
    },
    "sol_a_bot": {
      "start": "eu_a",
      "end": "t_a",
      "type": "solvus",
      "power": 1.5
    },
    "sol_e": {
      "start": "e2_e",
      "end": "t_e",
      "type": "solvus",
      "power": 1.8
    },
    "i_e1": {
      "start": "e1_a",
      "end": "e1_b",
      "type": "horizontal"
    },
    "i_eu": {
      "start": "eu_a",
      "end": "eu_g",
      "type": "horizontal"
    },
    "i_p": {
      "start": "p_im",
      "end": "p_l",
      "type": "horizontal"
    },
    "i_e2": {
      "start": "e2_d",
      "end": "e2_e",
      "type": "horizontal"
    },
    "im_vert": {
      "start": "im_t",
      "end": "im_b",
      "type": "vertical"
    }
  },
  "regions": {
    "R_a": {
      "type": "single-phase",
      "phase_name": "\u03b1",
      "label": {
        "text": "\u03b1",
        "c": 4,
        "t": 600
      },
      "bounding_curves": [
        {
          "id": "S_a",
          "dir": 1
        },
        {
          "id": "sol_a",
          "dir": 1
        },
        {
          "id": "sol_a_bot",
          "dir": 1
        },
        {
          "id": "bot_a",
          "dir": -1
        },
        {
          "id": "e_L",
          "dir": 1
        }
      ]
    }
  }
}