{
  "metadata": {
    "id": "final_boss_221",
    "axes": {
      "c_max": 100,
      "t_max": 1200
    }
  },
  "nodes": {
    "tmA": {
      "c": 0,
      "t": 1115
    },
    "tmB": {
      "c": 100,
      "t": 1078
    },
    "e1_a": {
      "c": 19.24820767605366,
      "t": 826.2564762541954
    },
    "e1_l": {
      "c": 35.61415644464013,
      "t": 826.2564762541954
    },
    "e1_b": {
      "c": 45.16766534279361,
      "t": 826.2564762541954
    },
    "eu_b": {
      "c": 40.180768021364244,
      "t": 672.6960412812366
    },
    "eu_a": {
      "c": 10.512247759934183,
      "t": 672.6960412812366
    },
    "eu_g": {
      "c": 52.83075733272252,
      "t": 672.6960412812366
    },
    "im_t": {
      "c": 71.27684573537712,
      "t": 1028.9212204087366
    },
    "im_b": {
      "c": 71.27684573537712,
      "t": 0
    },
    "p_im": {
      "c": 71.27684573537712,
      "t": 910.9931987431398
    },
    "p_l": {
      "c": 86.56319792630303,
      "t": 910.9931987431398
    },
    "p_d": {
      "c": 82.77273669818935,
      "t": 910.9931987431398
    },
    "e2_d": {
      "c": 83.34436396598797,
      "t": 834.5621516156837
    },
    "e2_l": {
      "c": 88.45480469619612,
      "t": 834.5621516156837
    },
    "e2_e": {
      "c": 95.21964110675093,
      "t": 834.5621516156837
    },
    "t_a": {
      "c": 6.229879374844779,
      "t": 0
    },
    "t_g_l": {
      "c": 51.42721180823849,
      "t": 0
    },
    "t_g_r": {
      "c": 60.88848765290426,
      "t": 0
    },
    "t_d": {
      "c": 77.31606541698712,
      "t": 0
    },
    "t_e": {
      "c": 98.06747688134956,
      "t": 0
    }
  },
  "curves": {
    "L_1": {
      "start": "tmA",
      "end": "e1_l",
      "type": "liquidus",
      "power": 0.8
    },
    "L_2": {
      "start": "e1_l",
      "end": "im_t",
      "type": "liquidus",
      "power": 1.2
    },
    "L_3": {
      "start": "im_t",
      "end": "p_l",
      "type": "liquidus",
      "power": 0.9
    },
    "L_4": {
      "start": "p_l",
      "end": "e2_l",
      "type": "liquidus",
      "power": 1.1
    },
    "L_5": {
      "start": "e2_l",
      "end": "tmB",
      "type": "liquidus",
      "power": 0.8
    },
    "S_a": {
      "start": "tmA",
      "end": "e1_a",
      "type": "solidus",
      "power": 1.2
    },
    "S_e": {
      "start": "tmB",
      "end": "e2_e",
      "type": "solidus",
      "power": 1.1
    },
    "sol_a": {
      "start": "e1_a",
      "end": "eu_a",
      "type": "solvus",
      "power": 2.0
    },
    "sol_a_bot": {
      "start": "eu_a",
      "end": "t_a",
      "type": "solvus",
      "power": 1.5
    },
    "sol_e": {
      "start": "e2_e",
      "end": "t_e",
      "type": "solvus",
      "power": 1.8
    },
    "i_e1": {
      "start": "e1_a",
      "end": "e1_b",
      "type": "horizontal"
    },
    "i_eu": {
      "start": "eu_a",
      "end": "eu_g",
      "type": "horizontal"
    },
    "i_p": {
      "start": "p_im",
      "end": "p_l",
      "type": "horizontal"
    },
    "i_e2": {
      "start": "e2_d",
      "end": "e2_e",
      "type": "horizontal"
    },
    "im_vert": {
      "start": "im_t",
      "end": "im_b",
      "type": "vertical"
    }
  },
  "regions": {
    "R_a": {
      "type": "single-phase",
      "phase_name": "\u03b1",
      "label": {
        "text": "\u03b1",
        "c": 4,
        "t": 600
      },
      "bounding_curves": [
        {
          "id": "S_a",
          "dir": 1
        },
        {
          "id": "sol_a",
          "dir": 1
        },
        {
          "id": "sol_a_bot",
          "dir": 1
        },
        {
          "id": "bot_a",
          "dir": -1
        },
        {
          "id": "e_L",
          "dir": 1
        }
      ]
    }
  }
}