{
  "metadata": {
    "id": "final_boss_483",
    "axes": {
      "c_max": 100,
      "t_max": 1200
    }
  },
  "nodes": {
    "tmA": {
      "c": 0,
      "t": 1122
    },
    "tmB": {
      "c": 100,
      "t": 1018
    },
    "e1_a": {
      "c": 12.437526236480258,
      "t": 831.9192784651087
    },
    "e1_l": {
      "c": 28.145435100324047,
      "t": 831.9192784651087
    },
    "e1_b": {
      "c": 36.30738895885929,
      "t": 831.9192784651087
    },
    "eu_b": {
      "c": 32.45889374548289,
      "t": 577.8096131066441
    },
    "eu_a": {
      "c": 5.748055861609702,
      "t": 577.8096131066441
    },
    "eu_g": {
      "c": 46.2091786092702,
      "t": 577.8096131066441
    },
    "im_t": {
      "c": 66.32300195684591,
      "t": 1100.2430351885575
    },
    "im_b": {
      "c": 66.32300195684591,
      "t": 0
    },
    "p_im": {
      "c": 66.32300195684591,
      "t": 897.0814870561885
    },
    "p_l": {
      "c": 81.44318710141724,
      "t": 897.0814870561885
    },
    "p_d": {
      "c": 73.13505880220062,
      "t": 897.0814870561885
    },
    "e2_d": {
      "c": 76.10545289695298,
      "t": 647.2780388130648
    },
    "e2_l": {
      "c": 82.44961783796333,
      "t": 647.2780388130648
    },
    "e2_e": {
      "c": 95.79339165712102,
      "t": 647.2780388130648
    },
    "t_a": {
      "c": 4.18721843264318,
      "t": 0
    },
    "t_g_l": {
      "c": 45.77810492864608,
      "t": 0
    },
    "t_g_r": {
      "c": 48.037104544397934,
      "t": 0
    },
    "t_d": {
      "c": 73.80072246539049,
      "t": 0
    },
    "t_e": {
      "c": 99.22875486078274,
      "t": 0
    }
  },
  "curves": {
    "L_1": {
      "start": "tmA",
      "end": "e1_l",
      "type": "liquidus",
      "power": 0.8
    },
    "L_2": {
      "start": "e1_l",
      "end": "im_t",
      "type": "liquidus",
      "power": 1.2
    },
    "L_3": {
      "start": "im_t",
      "end": "p_l",
      "type": "liquidus",
      "power": 0.9
    },
    "L_4": {
      "start": "p_l",
      "end": "e2_l",
      "type": "liquidus",
      "power": 1.1
    },
    "L_5": {
      "start": "e2_l",
      "end": "tmB",
      "type": "liquidus",
      "power": 0.8
    },
    "S_a": {
      "start": "tmA",
      "end": "e1_a",
      "type": "solidus",
      "power": 1.2
    },
    "S_e": {
      "start": "tmB",
      "end": "e2_e",
      "type": "solidus",
      "power": 1.1
    },
    "sol_a": {
      "start": "e1_a",
      "end": "eu_a",
      "type": "solvus",
      "power": 2.0
    },
    "sol_a_bot": {
      "start": "eu_a",
      "end": "t_a",
      "type": "solvus",
      "power": 1.5
    },
    "sol_e": {
      "start": "e2_e",
      "end": "t_e",
      "type": "solvus",
      "power": 1.8
    },
    "i_e1": {
      "start": "e1_a",
      "end": "e1_b",
      "type": "horizontal"
    },
    "i_eu": {
      "start": "eu_a",
      "end": "eu_g",
      "type": "horizontal"
    },
    "i_p": {
      "start": "p_im",
      "end": "p_l",
      "type": "horizontal"
    },
    "i_e2": {
      "start": "e2_d",
      "end": "e2_e",
      "type": "horizontal"
    },
    "im_vert": {
      "start": "im_t",
      "end": "im_b",
      "type": "vertical"
    }
  },
  "regions": {
    "R_a": {
      "type": "single-phase",
      "phase_name": "\u03b1",
      "label": {
        "text": "\u03b1",
        "c": 4,
        "t": 600
      },
      "bounding_curves": [
        {
          "id": "S_a",
          "dir": 1
        },
        {
          "id": "sol_a",
          "dir": 1
        },
        {
          "id": "sol_a_bot",
          "dir": 1
        },
        {
          "id": "bot_a",
          "dir": -1
        },
        {
          "id": "e_L",
          "dir": 1
        }
      ]
    }
  }
}