{
  "metadata": {
    "id": "final_boss_264",
    "axes": {
      "c_max": 100,
      "t_max": 1200
    }
  },
  "nodes": {
    "tmA": {
      "c": 0,
      "t": 1090
    },
    "tmB": {
      "c": 100,
      "t": 1119
    },
    "e1_a": {
      "c": 8.30118005284293,
      "t": 883.2595317308251
    },
    "e1_l": {
      "c": 22.33100449424625,
      "t": 883.2595317308251
    },
    "e1_b": {
      "c": 36.13872038063182,
      "t": 883.2595317308251
    },
    "eu_b": {
      "c": 27.083973046100688,
      "t": 549.2196456286553
    },
    "eu_a": {
      "c": 4.866933788793766,
      "t": 549.2196456286553
    },
    "eu_g": {
      "c": 35.84603171906164,
      "t": 549.2196456286553
    },
    "im_t": {
      "c": 48.252743895750044,
      "t": 1003.4898085526451
    },
    "im_b": {
      "c": 48.252743895750044,
      "t": 0
    },
    "p_im": {
      "c": 48.252743895750044,
      "t": 778.7512966691367
    },
    "p_l": {
      "c": 83.43632666128147,
      "t": 778.7512966691367
    },
    "p_d": {
      "c": 62.87502878537168,
      "t": 778.7512966691367
    },
    "e2_d": {
      "c": 65.13855039034486,
      "t": 586.0624648357982
    },
    "e2_l": {
      "c": 70.41473767504823,
      "t": 586.0624648357982
    },
    "e2_e": {
      "c": 74.86109030122198,
      "t": 586.0624648357982
    },
    "t_a": {
      "c": 2.2541443524756066,
      "t": 0
    },
    "t_g_l": {
      "c": 34.39691443235721,
      "t": 0
    },
    "t_g_r": {
      "c": 43.33843202890586,
      "t": 0
    },
    "t_d": {
      "c": 57.277639948916956,
      "t": 0
    },
    "t_e": {
      "c": 92.58250656684699,
      "t": 0
    }
  },
  "curves": {
    "L_1": {
      "start": "tmA",
      "end": "e1_l",
      "type": "liquidus",
      "power": 0.8
    },
    "L_2": {
      "start": "e1_l",
      "end": "im_t",
      "type": "liquidus",
      "power": 1.2
    },
    "L_3": {
      "start": "im_t",
      "end": "p_l",
      "type": "liquidus",
      "power": 0.9
    },
    "L_4": {
      "start": "p_l",
      "end": "e2_l",
      "type": "liquidus",
      "power": 1.1
    },
    "L_5": {
      "start": "e2_l",
      "end": "tmB",
      "type": "liquidus",
      "power": 0.8
    },
    "S_a": {
      "start": "tmA",
      "end": "e1_a",
      "type": "solidus",
      "power": 1.2
    },
    "S_e": {
      "start": "tmB",
      "end": "e2_e",
      "type": "solidus",
      "power": 1.1
    },
    "sol_a": {
      "start": "e1_a",
      "end": "eu_a",
      "type": "solvus",
      "power": 2.0
    },
    "sol_a_bot": {
      "start": "eu_a",
      "end": "t_a",
      "type": "solvus",
      "power": 1.5
    },
    "sol_e": {
      "start": "e2_e",
      "end": "t_e",
      "type": "solvus",
      "power": 1.8
    },
    "i_e1": {
      "start": "e1_a",
      "end": "e1_b",
      "type": "horizontal"
    },
    "i_eu": {
      "start": "eu_a",
      "end": "eu_g",
      "type": "horizontal"
    },
    "i_p": {
      "start": "p_im",
      "end": "p_l",
      "type": "horizontal"
    },
    "i_e2": {
      "start": "e2_d",
      "end": "e2_e",
      "type": "horizontal"
    },
    "im_vert": {
      "start": "im_t",
      "end": "im_b",
      "type": "vertical"
    }
  },
  "regions": {
    "R_a": {
      "type": "single-phase",
      "phase_name": "\u03b1",
      "label": {
        "text": "\u03b1",
        "c": 4,
        "t": 600
      },
      "bounding_curves": [
        {
          "id": "S_a",
          "dir": 1
        },
        {
          "id": "sol_a",
          "dir": 1
        },
        {
          "id": "sol_a_bot",
          "dir": 1
        },
        {
          "id": "bot_a",
          "dir": -1
        },
        {
          "id": "e_L",
          "dir": 1
        }
      ]
    }
  }
}