{
  "metadata": {
    "id": "final_boss_206",
    "axes": {
      "c_max": 100,
      "t_max": 1200
    }
  },
  "nodes": {
    "tmA": {
      "c": 0,
      "t": 1100
    },
    "tmB": {
      "c": 100,
      "t": 1144
    },
    "e1_a": {
      "c": 12.767190975530376,
      "t": 812.666542178178
    },
    "e1_l": {
      "c": 28.427631155969067,
      "t": 812.666542178178
    },
    "e1_b": {
      "c": 37.51566741565991,
      "t": 812.666542178178
    },
    "eu_b": {
      "c": 32.21952107275606,
      "t": 522.8651037899725
    },
    "eu_a": {
      "c": 4.632590882628918,
      "t": 522.8651037899725
    },
    "eu_g": {
      "c": 44.35149938230553,
      "t": 522.8651037899725
    },
    "im_t": {
      "c": 68.64091040717973,
      "t": 1080.3647209480434
    },
    "im_b": {
      "c": 68.64091040717973,
      "t": 0
    },
    "p_im": {
      "c": 68.64091040717973,
      "t": 988.2798684285837
    },
    "p_l": {
      "c": 81.60952999764814,
      "t": 988.2798684285837
    },
    "p_d": {
      "c": 75.25995696841068,
      "t": 988.2798684285837
    },
    "e2_d": {
      "c": 77.57204499101469,
      "t": 631.9251673631629
    },
    "e2_l": {
      "c": 82.63744145164131,
      "t": 631.9251673631629
    },
    "e2_e": {
      "c": 93.63250023330147,
      "t": 631.9251673631629
    },
    "t_a": {
      "c": 3.0768193410736395,
      "t": 0
    },
    "t_g_l": {
      "c": 42.669812972145415,
      "t": 0
    },
    "t_g_r": {
      "c": 46.76874430479212,
      "t": 0
    },
    "t_d": {
      "c": 75.46153268077317,
      "t": 0
    },
    "t_e": {
      "c": 99.83365142720749,
      "t": 0
    }
  },
  "curves": {
    "L_1": {
      "start": "tmA",
      "end": "e1_l",
      "type": "liquidus",
      "power": 0.8
    },
    "L_2": {
      "start": "e1_l",
      "end": "im_t",
      "type": "liquidus",
      "power": 1.2
    },
    "L_3": {
      "start": "im_t",
      "end": "p_l",
      "type": "liquidus",
      "power": 0.9
    },
    "L_4": {
      "start": "p_l",
      "end": "e2_l",
      "type": "liquidus",
      "power": 1.1
    },
    "L_5": {
      "start": "e2_l",
      "end": "tmB",
      "type": "liquidus",
      "power": 0.8
    },
    "S_a": {
      "start": "tmA",
      "end": "e1_a",
      "type": "solidus",
      "power": 1.2
    },
    "S_e": {
      "start": "tmB",
      "end": "e2_e",
      "type": "solidus",
      "power": 1.1
    },
    "sol_a": {
      "start": "e1_a",
      "end": "eu_a",
      "type": "solvus",
      "power": 2.0
    },
    "sol_a_bot": {
      "start": "eu_a",
      "end": "t_a",
      "type": "solvus",
      "power": 1.5
    },
    "sol_e": {
      "start": "e2_e",
      "end": "t_e",
      "type": "solvus",
      "power": 1.8
    },
    "i_e1": {
      "start": "e1_a",
      "end": "e1_b",
      "type": "horizontal"
    },
    "i_eu": {
      "start": "eu_a",
      "end": "eu_g",
      "type": "horizontal"
    },
    "i_p": {
      "start": "p_im",
      "end": "p_l",
      "type": "horizontal"
    },
    "i_e2": {
      "start": "e2_d",
      "end": "e2_e",
      "type": "horizontal"
    },
    "im_vert": {
      "start": "im_t",
      "end": "im_b",
      "type": "vertical"
    }
  },
  "regions": {
    "R_a": {
      "type": "single-phase",
      "phase_name": "\u03b1",
      "label": {
        "text": "\u03b1",
        "c": 4,
        "t": 600
      },
      "bounding_curves": [
        {
          "id": "S_a",
          "dir": 1
        },
        {
          "id": "sol_a",
          "dir": 1
        },
        {
          "id": "sol_a_bot",
          "dir": 1
        },
        {
          "id": "bot_a",
          "dir": -1
        },
        {
          "id": "e_L",
          "dir": 1
        }
      ]
    }
  }
}