{
  "metadata": {
    "id": "final_boss_147",
    "axes": {
      "c_max": 100,
      "t_max": 1200
    }
  },
  "nodes": {
    "tmA": {
      "c": 0,
      "t": 1111
    },
    "tmB": {
      "c": 100,
      "t": 1048
    },
    "e1_a": {
      "c": 12.433070924670385,
      "t": 902.6593925098522
    },
    "e1_l": {
      "c": 28.75100135427205,
      "t": 902.6593925098522
    },
    "e1_b": {
      "c": 37.79455511031478,
      "t": 902.6593925098522
    },
    "eu_b": {
      "c": 31.581832917473164,
      "t": 715.431288695818
    },
    "eu_a": {
      "c": 9.908968208298703,
      "t": 715.431288695818
    },
    "eu_g": {
      "c": 37.39564995085211,
      "t": 715.431288695818
    },
    "im_t": {
      "c": 69.16123324846106,
      "t": 1079.9976111555802
    },
    "im_b": {
      "c": 69.16123324846106,
      "t": 0
    },
    "p_im": {
      "c": 69.16123324846106,
      "t": 752.8083431640069
    },
    "p_l": {
      "c": 80.34206984287164,
      "t": 752.8083431640069
    },
    "p_d": {
      "c": 73.05727195297813,
      "t": 752.8083431640069
    },
    "e2_d": {
      "c": 76.23016719272371,
      "t": 512.4193282480026
    },
    "e2_l": {
      "c": 85.04979942473622,
      "t": 512.4193282480026
    },
    "e2_e": {
      "c": 95.47615642330307,
      "t": 512.4193282480026
    },
    "t_a": {
      "c": 4.122482543219548,
      "t": 0
    },
    "t_g_l": {
      "c": 36.22227895556343,
      "t": 0
    },
    "t_g_r": {
      "c": 64.62270945913248,
      "t": 0
    },
    "t_d": {
      "c": 73.02048890432411,
      "t": 0
    },
    "t_e": {
      "c": 98.66223861698583,
      "t": 0
    }
  },
  "curves": {
    "L_1": {
      "start": "tmA",
      "end": "e1_l",
      "type": "liquidus",
      "power": 0.8
    },
    "L_2": {
      "start": "e1_l",
      "end": "im_t",
      "type": "liquidus",
      "power": 1.2
    },
    "L_3": {
      "start": "im_t",
      "end": "p_l",
      "type": "liquidus",
      "power": 0.9
    },
    "L_4": {
      "start": "p_l",
      "end": "e2_l",
      "type": "liquidus",
      "power": 1.1
    },
    "L_5": {
      "start": "e2_l",
      "end": "tmB",
      "type": "liquidus",
      "power": 0.8
    },
    "S_a": {
      "start": "tmA",
      "end": "e1_a",
      "type": "solidus",
      "power": 1.2
    },
    "S_e": {
      "start": "tmB",
      "end": "e2_e",
      "type": "solidus",
      "power": 1.1
    },
    "sol_a": {
      "start": "e1_a",
      "end": "eu_a",
      "type": "solvus",
      "power": 2.0
    },
    "sol_a_bot": {
      "start": "eu_a",
      "end": "t_a",
      "type": "solvus",
      "power": 1.5
    },
    "sol_e": {
      "start": "e2_e",
      "end": "t_e",
      "type": "solvus",
      "power": 1.8
    },
    "i_e1": {
      "start": "e1_a",
      "end": "e1_b",
      "type": "horizontal"
    },
    "i_eu": {
      "start": "eu_a",
      "end": "eu_g",
      "type": "horizontal"
    },
    "i_p": {
      "start": "p_im",
      "end": "p_l",
      "type": "horizontal"
    },
    "i_e2": {
      "start": "e2_d",
      "end": "e2_e",
      "type": "horizontal"
    },
    "im_vert": {
      "start": "im_t",
      "end": "im_b",
      "type": "vertical"
    }
  },
  "regions": {
    "R_a": {
      "type": "single-phase",
      "phase_name": "\u03b1",
      "label": {
        "text": "\u03b1",
        "c": 4,
        "t": 600
      },
      "bounding_curves": [
        {
          "id": "S_a",
          "dir": 1
        },
        {
          "id": "sol_a",
          "dir": 1
        },
        {
          "id": "sol_a_bot",
          "dir": 1
        },
        {
          "id": "bot_a",
          "dir": -1
        },
        {
          "id": "e_L",
          "dir": 1
        }
      ]
    }
  }
}