{
  "metadata": {
    "id": "final_boss_345",
    "axes": {
      "c_max": 100,
      "t_max": 1200
    }
  },
  "nodes": {
    "tmA": {
      "c": 0,
      "t": 1079
    },
    "tmB": {
      "c": 100,
      "t": 1142
    },
    "e1_a": {
      "c": 12.810887746655007,
      "t": 903.2602374904898
    },
    "e1_l": {
      "c": 21.509537910249502,
      "t": 903.2602374904898
    },
    "e1_b": {
      "c": 31.996765854205186,
      "t": 903.2602374904898
    },
    "eu_b": {
      "c": 28.69364240054992,
      "t": 793.4656455921204
    },
    "eu_a": {
      "c": 8.082403812108627,
      "t": 793.4656455921204
    },
    "eu_g": {
      "c": 40.49645948285514,
      "t": 793.4656455921204
    },
    "im_t": {
      "c": 70.32695038398924,
      "t": 1086.9156706827284
    },
    "im_b": {
      "c": 70.32695038398924,
      "t": 0
    },
    "p_im": {
      "c": 70.32695038398924,
      "t": 965.0470704876282
    },
    "p_l": {
      "c": 87.16348846888789,
      "t": 965.0470704876282
    },
    "p_d": {
      "c": 83.84393739874375,
      "t": 965.0470704876282
    },
    "e2_d": {
      "c": 85.33530761431396,
      "t": 864.609125367648
    },
    "e2_l": {
      "c": 90.81528491231035,
      "t": 864.609125367648
    },
    "e2_e": {
      "c": 95.89720916871462,
      "t": 864.609125367648
    },
    "t_a": {
      "c": 4.321979131435896,
      "t": 0
    },
    "t_g_l": {
      "c": 39.540390816862,
      "t": 0
    },
    "t_g_r": {
      "c": 57.92253506517095,
      "t": 0
    },
    "t_d": {
      "c": 83.1428354220589,
      "t": 0
    },
    "t_e": {
      "c": 99.00656061598515,
      "t": 0
    }
  },
  "curves": {
    "L_1": {
      "start": "tmA",
      "end": "e1_l",
      "type": "liquidus",
      "power": 0.8
    },
    "L_2": {
      "start": "e1_l",
      "end": "im_t",
      "type": "liquidus",
      "power": 1.2
    },
    "L_3": {
      "start": "im_t",
      "end": "p_l",
      "type": "liquidus",
      "power": 0.9
    },
    "L_4": {
      "start": "p_l",
      "end": "e2_l",
      "type": "liquidus",
      "power": 1.1
    },
    "L_5": {
      "start": "e2_l",
      "end": "tmB",
      "type": "liquidus",
      "power": 0.8
    },
    "S_a": {
      "start": "tmA",
      "end": "e1_a",
      "type": "solidus",
      "power": 1.2
    },
    "S_e": {
      "start": "tmB",
      "end": "e2_e",
      "type": "solidus",
      "power": 1.1
    },
    "sol_a": {
      "start": "e1_a",
      "end": "eu_a",
      "type": "solvus",
      "power": 2.0
    },
    "sol_a_bot": {
      "start": "eu_a",
      "end": "t_a",
      "type": "solvus",
      "power": 1.5
    },
    "sol_e": {
      "start": "e2_e",
      "end": "t_e",
      "type": "solvus",
      "power": 1.8
    },
    "i_e1": {
      "start": "e1_a",
      "end": "e1_b",
      "type": "horizontal"
    },
    "i_eu": {
      "start": "eu_a",
      "end": "eu_g",
      "type": "horizontal"
    },
    "i_p": {
      "start": "p_im",
      "end": "p_l",
      "type": "horizontal"
    },
    "i_e2": {
      "start": "e2_d",
      "end": "e2_e",
      "type": "horizontal"
    },
    "im_vert": {
      "start": "im_t",
      "end": "im_b",
      "type": "vertical"
    }
  },
  "regions": {
    "R_a": {
      "type": "single-phase",
      "phase_name": "\u03b1",
      "label": {
        "text": "\u03b1",
        "c": 4,
        "t": 600
      },
      "bounding_curves": [
        {
          "id": "S_a",
          "dir": 1
        },
        {
          "id": "sol_a",
          "dir": 1
        },
        {
          "id": "sol_a_bot",
          "dir": 1
        },
        {
          "id": "bot_a",
          "dir": -1
        },
        {
          "id": "e_L",
          "dir": 1
        }
      ]
    }
  }
}