{
  "metadata": {
    "id": "final_boss_16",
    "axes": {
      "c_max": 100,
      "t_max": 1200
    }
  },
  "nodes": {
    "tmA": {
      "c": 0,
      "t": 1101
    },
    "tmB": {
      "c": 100,
      "t": 1150
    },
    "e1_a": {
      "c": 15.214610472423482,
      "t": 812.6230053250074
    },
    "e1_l": {
      "c": 29.22327051509052,
      "t": 812.6230053250074
    },
    "e1_b": {
      "c": 41.4969205402299,
      "t": 812.6230053250074
    },
    "eu_b": {
      "c": 32.667503763114034,
      "t": 611.189556543332
    },
    "eu_a": {
      "c": 12.011011352576073,
      "t": 611.189556543332
    },
    "eu_g": {
      "c": 42.863812701785555,
      "t": 611.189556543332
    },
    "im_t": {
      "c": 72.38392417728389,
      "t": 1048.5712235367034
    },
    "im_b": {
      "c": 72.38392417728389,
      "t": 0
    },
    "p_im": {
      "c": 72.38392417728389,
      "t": 818.3121712670193
    },
    "p_l": {
      "c": 82.4914296133377,
      "t": 818.3121712670193
    },
    "p_d": {
      "c": 76.99023806721573,
      "t": 818.3121712670193
    },
    "e2_d": {
      "c": 78.71641084457539,
      "t": 697.5275040753991
    },
    "e2_l": {
      "c": 87.08679243722739,
      "t": 697.5275040753991
    },
    "e2_e": {
      "c": 92.37151840765154,
      "t": 697.5275040753991
    },
    "t_a": {
      "c": 3.588811329970258,
      "t": 0
    },
    "t_g_l": {
      "c": 39.95759608905227,
      "t": 0
    },
    "t_g_r": {
      "c": 66.51848355718423,
      "t": 0
    },
    "t_d": {
      "c": 75.6580228308065,
      "t": 0
    },
    "t_e": {
      "c": 95.56003397504072,
      "t": 0
    }
  },
  "curves": {
    "L_1": {
      "start": "tmA",
      "end": "e1_l",
      "type": "liquidus",
      "power": 0.8
    },
    "L_2": {
      "start": "e1_l",
      "end": "im_t",
      "type": "liquidus",
      "power": 1.2
    },
    "L_3": {
      "start": "im_t",
      "end": "p_l",
      "type": "liquidus",
      "power": 0.9
    },
    "L_4": {
      "start": "p_l",
      "end": "e2_l",
      "type": "liquidus",
      "power": 1.1
    },
    "L_5": {
      "start": "e2_l",
      "end": "tmB",
      "type": "liquidus",
      "power": 0.8
    },
    "S_a": {
      "start": "tmA",
      "end": "e1_a",
      "type": "solidus",
      "power": 1.2
    },
    "S_e": {
      "start": "tmB",
      "end": "e2_e",
      "type": "solidus",
      "power": 1.1
    },
    "sol_a": {
      "start": "e1_a",
      "end": "eu_a",
      "type": "solvus",
      "power": 2.0
    },
    "sol_a_bot": {
      "start": "eu_a",
      "end": "t_a",
      "type": "solvus",
      "power": 1.5
    },
    "sol_e": {
      "start": "e2_e",
      "end": "t_e",
      "type": "solvus",
      "power": 1.8
    },
    "i_e1": {
      "start": "e1_a",
      "end": "e1_b",
      "type": "horizontal"
    },
    "i_eu": {
      "start": "eu_a",
      "end": "eu_g",
      "type": "horizontal"
    },
    "i_p": {
      "start": "p_im",
      "end": "p_l",
      "type": "horizontal"
    },
    "i_e2": {
      "start": "e2_d",
      "end": "e2_e",
      "type": "horizontal"
    },
    "im_vert": {
      "start": "im_t",
      "end": "im_b",
      "type": "vertical"
    }
  },
  "regions": {
    "R_a": {
      "type": "single-phase",
      "phase_name": "\u03b1",
      "label": {
        "text": "\u03b1",
        "c": 4,
        "t": 600
      },
      "bounding_curves": [
        {
          "id": "S_a",
          "dir": 1
        },
        {
          "id": "sol_a",
          "dir": 1
        },
        {
          "id": "sol_a_bot",
          "dir": 1
        },
        {
          "id": "bot_a",
          "dir": -1
        },
        {
          "id": "e_L",
          "dir": 1
        }
      ]
    }
  }
}