{
  "metadata": {
    "id": "final_boss_188",
    "axes": {
      "c_max": 100,
      "t_max": 1200
    }
  },
  "nodes": {
    "tmA": {
      "c": 0,
      "t": 1094
    },
    "tmB": {
      "c": 100,
      "t": 1118
    },
    "e1_a": {
      "c": 10.574802383237742,
      "t": 920.2770535733764
    },
    "e1_l": {
      "c": 23.73193618253321,
      "t": 920.2770535733764
    },
    "e1_b": {
      "c": 37.54162434330101,
      "t": 920.2770535733764
    },
    "eu_b": {
      "c": 34.179448512359876,
      "t": 628.3718281310271
    },
    "eu_a": {
      "c": 8.059093976970898,
      "t": 628.3718281310271
    },
    "eu_g": {
      "c": 43.25014438721074,
      "t": 628.3718281310271
    },
    "im_t": {
      "c": 62.67533194925836,
      "t": 1148.4914276761372
    },
    "im_b": {
      "c": 62.67533194925836,
      "t": 0
    },
    "p_im": {
      "c": 62.67533194925836,
      "t": 778.8960509808096
    },
    "p_l": {
      "c": 74.77431936140817,
      "t": 778.8960509808096
    },
    "p_d": {
      "c": 70.42797968102803,
      "t": 778.8960509808096
    },
    "e2_d": {
      "c": 70.83624570302072,
      "t": 547.2925009468316
    },
    "e2_l": {
      "c": 77.83919122534388,
      "t": 547.2925009468316
    },
    "e2_e": {
      "c": 85.54389714771156,
      "t": 547.2925009468316
    },
    "t_a": {
      "c": 4.262993248921671,
      "t": 0
    },
    "t_g_l": {
      "c": 42.54912627298863,
      "t": 0
    },
    "t_g_r": {
      "c": 58.93428568028243,
      "t": 0
    },
    "t_d": {
      "c": 70.732077228405,
      "t": 0
    },
    "t_e": {
      "c": 90.2634708419983,
      "t": 0
    }
  },
  "curves": {
    "L_1": {
      "start": "tmA",
      "end": "e1_l",
      "type": "liquidus",
      "power": 0.8
    },
    "L_2": {
      "start": "e1_l",
      "end": "im_t",
      "type": "liquidus",
      "power": 1.2
    },
    "L_3": {
      "start": "im_t",
      "end": "p_l",
      "type": "liquidus",
      "power": 0.9
    },
    "L_4": {
      "start": "p_l",
      "end": "e2_l",
      "type": "liquidus",
      "power": 1.1
    },
    "L_5": {
      "start": "e2_l",
      "end": "tmB",
      "type": "liquidus",
      "power": 0.8
    },
    "S_a": {
      "start": "tmA",
      "end": "e1_a",
      "type": "solidus",
      "power": 1.2
    },
    "S_e": {
      "start": "tmB",
      "end": "e2_e",
      "type": "solidus",
      "power": 1.1
    },
    "sol_a": {
      "start": "e1_a",
      "end": "eu_a",
      "type": "solvus",
      "power": 2.0
    },
    "sol_a_bot": {
      "start": "eu_a",
      "end": "t_a",
      "type": "solvus",
      "power": 1.5
    },
    "sol_e": {
      "start": "e2_e",
      "end": "t_e",
      "type": "solvus",
      "power": 1.8
    },
    "i_e1": {
      "start": "e1_a",
      "end": "e1_b",
      "type": "horizontal"
    },
    "i_eu": {
      "start": "eu_a",
      "end": "eu_g",
      "type": "horizontal"
    },
    "i_p": {
      "start": "p_im",
      "end": "p_l",
      "type": "horizontal"
    },
    "i_e2": {
      "start": "e2_d",
      "end": "e2_e",
      "type": "horizontal"
    },
    "im_vert": {
      "start": "im_t",
      "end": "im_b",
      "type": "vertical"
    }
  },
  "regions": {
    "R_a": {
      "type": "single-phase",
      "phase_name": "\u03b1",
      "label": {
        "text": "\u03b1",
        "c": 4,
        "t": 600
      },
      "bounding_curves": [
        {
          "id": "S_a",
          "dir": 1
        },
        {
          "id": "sol_a",
          "dir": 1
        },
        {
          "id": "sol_a_bot",
          "dir": 1
        },
        {
          "id": "bot_a",
          "dir": -1
        },
        {
          "id": "e_L",
          "dir": 1
        }
      ]
    }
  }
}