{
  "metadata": {
    "id": "final_boss_108",
    "axes": {
      "c_max": 100,
      "t_max": 1200
    }
  },
  "nodes": {
    "tmA": {
      "c": 0,
      "t": 1145
    },
    "tmB": {
      "c": 100,
      "t": 1129
    },
    "e1_a": {
      "c": 19.130589353871017,
      "t": 922.605105724476
    },
    "e1_l": {
      "c": 36.382135282499,
      "t": 922.605105724476
    },
    "e1_b": {
      "c": 47.77002285990433,
      "t": 922.605105724476
    },
    "eu_b": {
      "c": 44.86609566446672,
      "t": 624.6667744031294
    },
    "eu_a": {
      "c": 8.579953754473078,
      "t": 624.6667744031294
    },
    "eu_g": {
      "c": 54.73724212279558,
      "t": 624.6667744031294
    },
    "im_t": {
      "c": 70.909814276011,
      "t": 958.6966602340661
    },
    "im_b": {
      "c": 70.909814276011,
      "t": 0
    },
    "p_im": {
      "c": 70.909814276011,
      "t": 790.1548441435441
    },
    "p_l": {
      "c": 86.17970234589282,
      "t": 790.1548441435441
    },
    "p_d": {
      "c": 80.01875632018096,
      "t": 790.1548441435441
    },
    "e2_d": {
      "c": 82.17364658369947,
      "t": 518.598101047697
    },
    "e2_l": {
      "c": 89.13269751004255,
      "t": 518.598101047697
    },
    "e2_e": {
      "c": 93.93813643367432,
      "t": 518.598101047697
    },
    "t_a": {
      "c": 3.9014556448695896,
      "t": 0
    },
    "t_g_l": {
      "c": 51.79427410497664,
      "t": 0
    },
    "t_g_r": {
      "c": 58.446437056145705,
      "t": 0
    },
    "t_d": {
      "c": 81.75819988008408,
      "t": 0
    },
    "t_e": {
      "c": 99.76515643684432,
      "t": 0
    }
  },
  "curves": {
    "L_1": {
      "start": "tmA",
      "end": "e1_l",
      "type": "liquidus",
      "power": 0.8
    },
    "L_2": {
      "start": "e1_l",
      "end": "im_t",
      "type": "liquidus",
      "power": 1.2
    },
    "L_3": {
      "start": "im_t",
      "end": "p_l",
      "type": "liquidus",
      "power": 0.9
    },
    "L_4": {
      "start": "p_l",
      "end": "e2_l",
      "type": "liquidus",
      "power": 1.1
    },
    "L_5": {
      "start": "e2_l",
      "end": "tmB",
      "type": "liquidus",
      "power": 0.8
    },
    "S_a": {
      "start": "tmA",
      "end": "e1_a",
      "type": "solidus",
      "power": 1.2
    },
    "S_e": {
      "start": "tmB",
      "end": "e2_e",
      "type": "solidus",
      "power": 1.1
    },
    "sol_a": {
      "start": "e1_a",
      "end": "eu_a",
      "type": "solvus",
      "power": 2.0
    },
    "sol_a_bot": {
      "start": "eu_a",
      "end": "t_a",
      "type": "solvus",
      "power": 1.5
    },
    "sol_e": {
      "start": "e2_e",
      "end": "t_e",
      "type": "solvus",
      "power": 1.8
    },
    "i_e1": {
      "start": "e1_a",
      "end": "e1_b",
      "type": "horizontal"
    },
    "i_eu": {
      "start": "eu_a",
      "end": "eu_g",
      "type": "horizontal"
    },
    "i_p": {
      "start": "p_im",
      "end": "p_l",
      "type": "horizontal"
    },
    "i_e2": {
      "start": "e2_d",
      "end": "e2_e",
      "type": "horizontal"
    },
    "im_vert": {
      "start": "im_t",
      "end": "im_b",
      "type": "vertical"
    }
  },
  "regions": {
    "R_a": {
      "type": "single-phase",
      "phase_name": "\u03b1",
      "label": {
        "text": "\u03b1",
        "c": 4,
        "t": 600
      },
      "bounding_curves": [
        {
          "id": "S_a",
          "dir": 1
        },
        {
          "id": "sol_a",
          "dir": 1
        },
        {
          "id": "sol_a_bot",
          "dir": 1
        },
        {
          "id": "bot_a",
          "dir": -1
        },
        {
          "id": "e_L",
          "dir": 1
        }
      ]
    }
  }
}