{
  "metadata": {
    "id": "final_boss_445",
    "axes": {
      "c_max": 100,
      "t_max": 1200
    },
    "intermetallics": [
      "AB4",
      "AB3"
    ],
    "mirrored": true
  },
  "nodes": {
    "top_L": {
      "c": 100.0,
      "t": 1200.0
    },
    "top_R": {
      "c": 0.0,
      "t": 1200.0
    },
    "bot_L": {
      "c": 100.0,
      "t": 0.0
    },
    "bot_R": {
      "c": 0.0,
      "t": 0.0
    },
    "tmA": {
      "c": 100.0,
      "t": 1104.8775
    },
    "tmB": {
      "c": 0.0,
      "t": 1104.8775
    },
    "im1_top": {
      "c": 25.0,
      "t": 1128.9279461773115
    },
    "bot_mid1": {
      "c": 25.0,
      "t": 0.0
    },
    "bot_mid2": {
      "c": 20.0,
      "t": 0.0
    },
    "e1_a": {
      "c": 68.0,
      "t": 844.1622
    },
    "e1_l": {
      "c": 22.5,
      "t": 844.1622,
      "is_nexus": true
    },
    "im1_e1": {
      "c": 25.0,
      "t": 844.1622
    },
    "po_a": {
      "c": 78.4707,
      "t": 567.9456
    },
    "im2_po": {
      "c": 20.0,
      "t": 567.9456,
      "is_nexus": true
    },
    "im1_po": {
      "c": 25.0,
      "t": 567.9456
    },
    "sol_a_bot": {
      "c": 89.2354,
      "t": 0.0
    },
    "sol_e_bot": {
      "c": 3.4375,
      "t": 0.0
    },
    "im1_p": {
      "c": 25.0,
      "t": 927.8431
    },
    "p_g": {
      "c": 19.25,
      "t": 927.8431,
      "is_nexus": true
    },
    "p_l": {
      "c": 13.5,
      "t": 927.8431
    },
    "e2_g": {
      "c": 16.375,
      "t": 729.991
    },
    "e2_l": {
      "c": 10.625,
      "t": 729.991,
      "is_nexus": true
    },
    "e2_e": {
      "c": 7.75,
      "t": 729.991
    },
    "im1_eu": {
      "c": 25.0,
      "t": 624.8772
    },
    "eu_g": {
      "c": 22.125,
      "t": 624.8772,
      "is_nexus": true
    },
    "eu_e": {
      "c": 4.875,
      "t": 624.8772
    }
  },
  "curves": {
    "L_1": {
      "start": "tmA",
      "end": "e1_l",
      "type": "liquidus",
      "cx": -5.065112682313096
    },
    "L_2": {
      "start": "e1_l",
      "end": "im1_top",
      "type": "liquidus",
      "cx": 3.700300772537811
    },
    "L_3": {
      "start": "im1_top",
      "end": "p_l",
      "type": "liquidus",
      "cx": -5.899775823911451
    },
    "L_4": {
      "start": "p_l",
      "end": "e2_l",
      "type": "liquidus",
      "cx": -1.1526114574687472
    },
    "L_5": {
      "start": "e2_l",
      "end": "tmB",
      "type": "liquidus",
      "cx": 5.882841828719514
    },
    "S_a": {
      "start": "tmA",
      "end": "e1_a",
      "type": "solidus",
      "cx": 2.632595770224233
    },
    "S_g": {
      "start": "p_g",
      "end": "e2_g",
      "type": "solidus",
      "cx": -1.0
    },
    "S_e": {
      "start": "tmB",
      "end": "e2_e",
      "type": "solidus",
      "cx": -2.571428611324806
    },
    "sol_a": {
      "start": "e1_a",
      "end": "sol_a_bot",
      "type": "solvus",
      "cx": -3.3538942036476724
    },
    "sol_g_L": {
      "start": "p_g",
      "end": "eu_g",
      "type": "solvus",
      "cx": 1.4682142156737905
    },
    "sol_g_R": {
      "start": "e2_g",
      "end": "eu_g",
      "type": "solvus",
      "cx": -1.716325065823665
    },
    "sol_e": {
      "start": "e2_e",
      "end": "sol_e_bot",
      "type": "solvus",
      "cx": 3.0956341684653896
    },
    "IM1": {
      "start": "im1_top",
      "end": "bot_mid1",
      "type": "vertical"
    },
    "IM2": {
      "start": "im2_po",
      "end": "bot_mid2",
      "type": "vertical"
    },
    "iso_e1": {
      "start": "e1_a",
      "end": "im1_e1",
      "type": "horizontal"
    },
    "iso_po": {
      "start": "po_a",
      "end": "im1_po",
      "type": "horizontal"
    },
    "iso_p": {
      "start": "im1_p",
      "end": "p_l",
      "type": "horizontal"
    },
    "iso_e2": {
      "start": "e2_g",
      "end": "e2_e",
      "type": "horizontal"
    },
    "iso_eu": {
      "start": "im1_eu",
      "end": "eu_e",
      "type": "horizontal"
    },
    "ed_top": {
      "start": "top_L",
      "end": "top_R",
      "type": "edge"
    },
    "ed_L_axis_top": {
      "start": "top_L",
      "end": "tmA",
      "type": "edge"
    },
    "ed_R_axis_top": {
      "start": "top_R",
      "end": "tmB",
      "type": "edge"
    },
    "ed_e1_L": {
      "start": "e1_a",
      "end": "e1_l",
      "type": "edge"
    },
    "ed_e1_R": {
      "start": "e1_l",
      "end": "im1_e1",
      "type": "edge"
    },
    "ed_po_L": {
      "start": "po_a",
      "end": "im2_po",
      "type": "edge"
    },
    "ed_po_R": {
      "start": "im2_po",
      "end": "im1_po",
      "type": "edge"
    },
    "ed_p_L": {
      "start": "im1_p",
      "end": "p_g",
      "type": "edge"
    },
    "ed_p_R": {
      "start": "p_g",
      "end": "p_l",
      "type": "edge"
    },
    "ed_e2_L": {
      "start": "e2_g",
      "end": "e2_l",
      "type": "edge"
    },
    "ed_e2_R": {
      "start": "e2_l",
      "end": "e2_e",
      "type": "edge"
    },
    "ed_eu_L": {
      "start": "im1_eu",
      "end": "eu_g",
      "type": "edge"
    },
    "ed_eu_R": {
      "start": "eu_g",
      "end": "eu_e",
      "type": "edge"
    },
    "ed_sol_a_up": {
      "start": "e1_a",
      "end": "po_a",
      "type": "edge",
      "cx": -3.3538942036476724
    },
    "ed_sol_a_bot": {
      "start": "po_a",
      "end": "sol_a_bot",
      "type": "edge",
      "cx": -3.3538942036476724
    },
    "ed_sol_e_up": {
      "start": "e2_e",
      "end": "eu_e",
      "type": "edge",
      "cx": 3.0956341684653896
    },
    "ed_sol_e_bot": {
      "start": "eu_e",
      "end": "sol_e_bot",
      "type": "edge",
      "cx": 3.0956341684653896
    },
    "ed_im1_1": {
      "start": "im1_top",
      "end": "im1_p",
      "type": "edge"
    },
    "ed_im1_2": {
      "start": "im1_p",
      "end": "im1_e1",
      "type": "edge"
    },
    "ed_im1_3": {
      "start": "im1_e1",
      "end": "im1_eu",
      "type": "edge"
    },
    "ed_im1_4": {
      "start": "im1_eu",
      "end": "im1_po",
      "type": "edge"
    },
    "ed_im1_5": {
      "start": "im1_po",
      "end": "bot_mid1",
      "type": "edge"
    },
    "ed_axis_L": {
      "start": "tmA",
      "end": "bot_L",
      "type": "edge"
    },
    "ed_axis_R": {
      "start": "tmB",
      "end": "bot_R",
      "type": "edge"
    },
    "ed_bot_a": {
      "start": "bot_L",
      "end": "sol_a_bot",
      "type": "edge"
    },
    "ed_bot_im2": {
      "start": "sol_a_bot",
      "end": "bot_mid2",
      "type": "edge"
    },
    "ed_bot_im1": {
      "start": "bot_mid2",
      "end": "bot_mid1",
      "type": "edge"
    },
    "ed_bot_im1_e": {
      "start": "bot_mid1",
      "end": "sol_e_bot",
      "type": "edge"
    },
    "ed_bot_e_phase": {
      "start": "sol_e_bot",
      "end": "bot_R",
      "type": "edge"
    }
  },
  "regions": {
    "R_L": {
      "type": "single-phase",
      "phase_name": "L",
      "bounding_curves": [
        {
          "id": "ed_L_axis_top",
          "dir": -1
        },
        {
          "id": "ed_top",
          "dir": 1
        },
        {
          "id": "ed_R_axis_top",
          "dir": 1
        },
        {
          "id": "L_5",
          "dir": -1
        },
        {
          "id": "L_4",
          "dir": -1
        },
        {
          "id": "L_3",
          "dir": -1
        },
        {
          "id": "L_2",
          "dir": -1
        },
        {
          "id": "L_1",
          "dir": -1
        }
      ]
    },
    "R_L_a": {
      "type": "two-phase",
      "phases": [
        "L",
        "\u03b3"
      ],
      "bounding_curves": [
        {
          "id": "L_1",
          "dir": 1
        },
        {
          "id": "ed_e1_L",
          "dir": -1
        },
        {
          "id": "S_a",
          "dir": -1
        }
      ]
    },
    "R_L_IM1_L": {
      "type": "two-phase",
      "phases": [
        "L",
        "AB3"
      ],
      "bounding_curves": [
        {
          "id": "L_2",