{
  "metadata": {
    "id": "final_boss_88",
    "axes": {
      "c_max": 100,
      "t_max": 1200
    }
  },
  "nodes": {
    "tmA": {
      "c": 0,
      "t": 1097
    },
    "tmB": {
      "c": 100,
      "t": 1146
    },
    "e1_a": {
      "c": 12.334008189848475,
      "t": 924.0487330311905
    },
    "e1_l": {
      "c": 21.456114229990305,
      "t": 924.0487330311905
    },
    "e1_b": {
      "c": 30.12739084293159,
      "t": 924.0487330311905
    },
    "eu_b": {
      "c": 26.7354414320299,
      "t": 617.7561312118381
    },
    "eu_a": {
      "c": 7.437099643435229,
      "t": 617.7561312118381
    },
    "eu_g": {
      "c": 32.13105578335118,
      "t": 617.7561312118381
    },
    "im_t": {
      "c": 49.38317139693429,
      "t": 975.2367326877817
    },
    "im_b": {
      "c": 49.38317139693429,
      "t": 0
    },
    "p_im": {
      "c": 49.38317139693429,
      "t": 779.8257131683438
    },
    "p_l": {
      "c": 71.96534626794134,
      "t": 779.8257131683438
    },
    "p_d": {
      "c": 57.67204795304404,
      "t": 779.8257131683438
    },
    "e2_d": {
      "c": 63.024075637521555,
      "t": 433.8140729662003
    },
    "e2_l": {
      "c": 68.84336363732777,
      "t": 433.8140729662003
    },
    "e2_e": {
      "c": 76.01899973931549,
      "t": 433.8140729662003
    },
    "t_a": {
      "c": 2.2012609089830684,
      "t": 0
    },
    "t_g_l": {
      "c": 29.374355152378868,
      "t": 0
    },
    "t_g_r": {
      "c": 42.75714452003244,
      "t": 0
    },
    "t_d": {
      "c": 57.15820803827518,
      "t": 0
    },
    "t_e": {
      "c": 83.34625490770833,
      "t": 0
    }
  },
  "curves": {
    "L_1": {
      "start": "tmA",
      "end": "e1_l",
      "type": "liquidus",
      "power": 0.8
    },
    "L_2": {
      "start": "e1_l",
      "end": "im_t",
      "type": "liquidus",
      "power": 1.2
    },
    "L_3": {
      "start": "im_t",
      "end": "p_l",
      "type": "liquidus",
      "power": 0.9
    },
    "L_4": {
      "start": "p_l",
      "end": "e2_l",
      "type": "liquidus",
      "power": 1.1
    },
    "L_5": {
      "start": "e2_l",
      "end": "tmB",
      "type": "liquidus",
      "power": 0.8
    },
    "S_a": {
      "start": "tmA",
      "end": "e1_a",
      "type": "solidus",
      "power": 1.2
    },
    "S_e": {
      "start": "tmB",
      "end": "e2_e",
      "type": "solidus",
      "power": 1.1
    },
    "sol_a": {
      "start": "e1_a",
      "end": "eu_a",
      "type": "solvus",
      "power": 2.0
    },
    "sol_a_bot": {
      "start": "eu_a",
      "end": "t_a",
      "type": "solvus",
      "power": 1.5
    },
    "sol_e": {
      "start": "e2_e",
      "end": "t_e",
      "type": "solvus",
      "power": 1.8
    },
    "i_e1": {
      "start": "e1_a",
      "end": "e1_b",
      "type": "horizontal"
    },
    "i_eu": {
      "start": "eu_a",
      "end": "eu_g",
      "type": "horizontal"
    },
    "i_p": {
      "start": "p_im",
      "end": "p_l",
      "type": "horizontal"
    },
    "i_e2": {
      "start": "e2_d",
      "end": "e2_e",
      "type": "horizontal"
    },
    "im_vert": {
      "start": "im_t",
      "end": "im_b",
      "type": "vertical"
    }
  },
  "regions": {
    "R_a": {
      "type": "single-phase",
      "phase_name": "\u03b1",
      "label": {
        "text": "\u03b1",
        "c": 4,
        "t": 600
      },
      "bounding_curves": [
        {
          "id": "S_a",
          "dir": 1
        },
        {
          "id": "sol_a",
          "dir": 1
        },
        {
          "id": "sol_a_bot",
          "dir": 1
        },
        {
          "id": "bot_a",
          "dir": -1
        },
        {
          "id": "e_L",
          "dir": 1
        }
      ]
    }
  }
}