{
  "metadata": {
    "id": "final_boss_202",
    "axes": {
      "c_max": 100,
      "t_max": 1200
    }
  },
  "nodes": {
    "tmA": {
      "c": 0,
      "t": 1131
    },
    "tmB": {
      "c": 100,
      "t": 1077
    },
    "e1_a": {
      "c": 11.38066889635103,
      "t": 931.6453312515437
    },
    "e1_l": {
      "c": 29.015290215894588,
      "t": 931.6453312515437
    },
    "e1_b": {
      "c": 38.77497388918103,
      "t": 931.6453312515437
    },
    "eu_b": {
      "c": 31.029167589845052,
      "t": 590.320101553904
    },
    "eu_a": {
      "c": 9.300953795208617,
      "t": 590.320101553904
    },
    "eu_g": {
      "c": 42.65386397944339,
      "t": 590.320101553904
    },
    "im_t": {
      "c": 59.18982756006664,
      "t": 972.1576171355576
    },
    "im_b": {
      "c": 59.18982756006664,
      "t": 0
    },
    "p_im": {
      "c": 59.18982756006664,
      "t": 909.8412204317777
    },
    "p_l": {
      "c": 73.70140408750514,
      "t": 909.8412204317777
    },
    "p_d": {
      "c": 67.78617472723298,
      "t": 909.8412204317777
    },
    "e2_d": {
      "c": 69.77273048630396,
      "t": 496.551922860628
    },
    "e2_l": {
      "c": 76.70422189979259,
      "t": 496.551922860628
    },
    "e2_e": {
      "c": 89.08223514243687,
      "t": 496.551922860628
    },
    "t_a": {
      "c": 5.592271735869615,
      "t": 0
    },
    "t_g_l": {
      "c": 41.568872696722764,
      "t": 0
    },
    "t_g_r": {
      "c": 48.07482015421678,
      "t": 0
    },
    "t_d": {
      "c": 65.99366539989481,
      "t": 0
    },
    "t_e": {
      "c": 99.82386840549164,
      "t": 0
    }
  },
  "curves": {
    "L_1": {
      "start": "tmA",
      "end": "e1_l",
      "type": "liquidus",
      "power": 0.8
    },
    "L_2": {
      "start": "e1_l",
      "end": "im_t",
      "type": "liquidus",
      "power": 1.2
    },
    "L_3": {
      "start": "im_t",
      "end": "p_l",
      "type": "liquidus",
      "power": 0.9
    },
    "L_4": {
      "start": "p_l",
      "end": "e2_l",
      "type": "liquidus",
      "power": 1.1
    },
    "L_5": {
      "start": "e2_l",
      "end": "tmB",
      "type": "liquidus",
      "power": 0.8
    },
    "S_a": {
      "start": "tmA",
      "end": "e1_a",
      "type": "solidus",
      "power": 1.2
    },
    "S_e": {
      "start": "tmB",
      "end": "e2_e",
      "type": "solidus",
      "power": 1.1
    },
    "sol_a": {
      "start": "e1_a",
      "end": "eu_a",
      "type": "solvus",
      "power": 2.0
    },
    "sol_a_bot": {
      "start": "eu_a",
      "end": "t_a",
      "type": "solvus",
      "power": 1.5
    },
    "sol_e": {
      "start": "e2_e",
      "end": "t_e",
      "type": "solvus",
      "power": 1.8
    },
    "i_e1": {
      "start": "e1_a",
      "end": "e1_b",
      "type": "horizontal"
    },
    "i_eu": {
      "start": "eu_a",
      "end": "eu_g",
      "type": "horizontal"
    },
    "i_p": {
      "start": "p_im",
      "end": "p_l",
      "type": "horizontal"
    },
    "i_e2": {
      "start": "e2_d",
      "end": "e2_e",
      "type": "horizontal"
    },
    "im_vert": {
      "start": "im_t",
      "end": "im_b",
      "type": "vertical"
    }
  },
  "regions": {
    "R_a": {
      "type": "single-phase",
      "phase_name": "\u03b1",
      "label": {
        "text": "\u03b1",
        "c": 4,
        "t": 600
      },
      "bounding_curves": [
        {
          "id": "S_a",
          "dir": 1
        },
        {
          "id": "sol_a",
          "dir": 1
        },
        {
          "id": "sol_a_bot",
          "dir": 1
        },
        {
          "id": "bot_a",
          "dir": -1
        },
        {
          "id": "e_L",
          "dir": 1
        }
      ]
    }
  }
}