{
  "metadata": {
    "id": "final_boss_106",
    "axes": {
      "c_max": 100,
      "t_max": 1200
    }
  },
  "nodes": {
    "tmA": {
      "c": 0,
      "t": 1135
    },
    "tmB": {
      "c": 100,
      "t": 1145
    },
    "e1_a": {
      "c": 18.570942370881745,
      "t": 946.0784738485773
    },
    "e1_l": {
      "c": 34.488446320254766,
      "t": 946.0784738485773
    },
    "e1_b": {
      "c": 48.6840427749171,
      "t": 946.0784738485773
    },
    "eu_b": {
      "c": 46.5966307869371,
      "t": 702.5304559901509
    },
    "eu_a": {
      "c": 11.560560803319246,
      "t": 702.5304559901509
    },
    "eu_g": {
      "c": 52.52417339927178,
      "t": 702.5304559901509
    },
    "im_t": {
      "c": 72.09349793816456,
      "t": 1001.0339039832966
    },
    "im_b": {
      "c": 72.09349793816456,
      "t": 0
    },
    "p_im": {
      "c": 72.09349793816456,
      "t": 850.6057668684365
    },
    "p_l": {
      "c": 82.12919280327681,
      "t": 850.6057668684365
    },
    "p_d": {
      "c": 75.76440794420859,
      "t": 850.6057668684365
    },
    "e2_d": {
      "c": 77.82239093745352,
      "t": 445.86589095007866
    },
    "e2_l": {
      "c": 83.11065974834585,
      "t": 445.86589095007866
    },
    "e2_e": {
      "c": 92.9223424209479,
      "t": 445.86589095007866
    },
    "t_a": {
      "c": 8.620672879416146,
      "t": 0
    },
    "t_g_l": {
      "c": 49.89516978144131,
      "t": 0
    },
    "t_g_r": {
      "c": 63.098574477843925,
      "t": 0
    },
    "t_d": {
      "c": 76.5631567030638,
      "t": 0
    },
    "t_e": {
      "c": 96.689506360925,
      "t": 0
    }
  },
  "curves": {
    "L_1": {
      "start": "tmA",
      "end": "e1_l",
      "type": "liquidus",
      "power": 0.8
    },
    "L_2": {
      "start": "e1_l",
      "end": "im_t",
      "type": "liquidus",
      "power": 1.2
    },
    "L_3": {
      "start": "im_t",
      "end": "p_l",
      "type": "liquidus",
      "power": 0.9
    },
    "L_4": {
      "start": "p_l",
      "end": "e2_l",
      "type": "liquidus",
      "power": 1.1
    },
    "L_5": {
      "start": "e2_l",
      "end": "tmB",
      "type": "liquidus",
      "power": 0.8
    },
    "S_a": {
      "start": "tmA",
      "end": "e1_a",
      "type": "solidus",
      "power": 1.2
    },
    "S_e": {
      "start": "tmB",
      "end": "e2_e",
      "type": "solidus",
      "power": 1.1
    },
    "sol_a": {
      "start": "e1_a",
      "end": "eu_a",
      "type": "solvus",
      "power": 2.0
    },
    "sol_a_bot": {
      "start": "eu_a",
      "end": "t_a",
      "type": "solvus",
      "power": 1.5
    },
    "sol_e": {
      "start": "e2_e",
      "end": "t_e",
      "type": "solvus",
      "power": 1.8
    },
    "i_e1": {
      "start": "e1_a",
      "end": "e1_b",
      "type": "horizontal"
    },
    "i_eu": {
      "start": "eu_a",
      "end": "eu_g",
      "type": "horizontal"
    },
    "i_p": {
      "start": "p_im",
      "end": "p_l",
      "type": "horizontal"
    },
    "i_e2": {
      "start": "e2_d",
      "end": "e2_e",
      "type": "horizontal"
    },
    "im_vert": {
      "start": "im_t",
      "end": "im_b",
      "type": "vertical"
    }
  },
  "regions": {
    "R_a": {
      "type": "single-phase",
      "phase_name": "\u03b1",
      "label": {
        "text": "\u03b1",
        "c": 4,
        "t": 600
      },
      "bounding_curves": [
        {
          "id": "S_a",
          "dir": 1
        },
        {
          "id": "sol_a",
          "dir": 1
        },
        {
          "id": "sol_a_bot",
          "dir": 1
        },
        {
          "id": "bot_a",
          "dir": -1
        },
        {
          "id": "e_L",
          "dir": 1
        }
      ]
    }
  }
}