{
  "metadata": {
    "id": "final_boss_62",
    "axes": {
      "c_max": 100,
      "t_max": 1200
    }
  },
  "nodes": {
    "tmA": {
      "c": 0,
      "t": 1132
    },
    "tmB": {
      "c": 100,
      "t": 1121
    },
    "e1_a": {
      "c": 18.471016567346673,
      "t": 872.6549149219315
    },
    "e1_l": {
      "c": 27.70657057358234,
      "t": 872.6549149219315
    },
    "e1_b": {
      "c": 35.897423871854045,
      "t": 872.6549149219315
    },
    "eu_b": {
      "c": 31.29908177255821,
      "t": 589.2300129943919
    },
    "eu_a": {
      "c": 4.145105149261251,
      "t": 589.2300129943919
    },
    "eu_g": {
      "c": 44.47815998545728,
      "t": 589.2300129943919
    },
    "im_t": {
      "c": 71.31692152978493,
      "t": 969.5369990159205
    },
    "im_b": {
      "c": 71.31692152978493,
      "t": 0
    },
    "p_im": {
      "c": 71.31692152978493,
      "t": 843.2226938411501
    },
    "p_l": {
      "c": 85.33037860976125,
      "t": 843.2226938411501
    },
    "p_d": {
      "c": 77.69782355651346,
      "t": 843.2226938411501
    },
    "e2_d": {
      "c": 80.4025934872384,
      "t": 694.2510099717235
    },
    "e2_l": {
      "c": 88.47453637733523,
      "t": 694.2510099717235
    },
    "e2_e": {
      "c": 93.29234008493039,
      "t": 694.2510099717235
    },
    "t_a": {
      "c": 1.0440190080961687,
      "t": 0
    },
    "t_g_l": {
      "c": 42.943854937877404,
      "t": 0
    },
    "t_g_r": {
      "c": 57.243539196063665,
      "t": 0
    },
    "t_d": {
      "c": 80.0514726111503,
      "t": 0
    },
    "t_e": {
      "c": 98.32680631903008,
      "t": 0
    }
  },
  "curves": {
    "L_1": {
      "start": "tmA",
      "end": "e1_l",
      "type": "liquidus",
      "power": 0.8
    },
    "L_2": {
      "start": "e1_l",
      "end": "im_t",
      "type": "liquidus",
      "power": 1.2
    },
    "L_3": {
      "start": "im_t",
      "end": "p_l",
      "type": "liquidus",
      "power": 0.9
    },
    "L_4": {
      "start": "p_l",
      "end": "e2_l",
      "type": "liquidus",
      "power": 1.1
    },
    "L_5": {
      "start": "e2_l",
      "end": "tmB",
      "type": "liquidus",
      "power": 0.8
    },
    "S_a": {
      "start": "tmA",
      "end": "e1_a",
      "type": "solidus",
      "power": 1.2
    },
    "S_e": {
      "start": "tmB",
      "end": "e2_e",
      "type": "solidus",
      "power": 1.1
    },
    "sol_a": {
      "start": "e1_a",
      "end": "eu_a",
      "type": "solvus",
      "power": 2.0
    },
    "sol_a_bot": {
      "start": "eu_a",
      "end": "t_a",
      "type": "solvus",
      "power": 1.5
    },
    "sol_e": {
      "start": "e2_e",
      "end": "t_e",
      "type": "solvus",
      "power": 1.8
    },
    "i_e1": {
      "start": "e1_a",
      "end": "e1_b",
      "type": "horizontal"
    },
    "i_eu": {
      "start": "eu_a",
      "end": "eu_g",
      "type": "horizontal"
    },
    "i_p": {
      "start": "p_im",
      "end": "p_l",
      "type": "horizontal"
    },
    "i_e2": {
      "start": "e2_d",
      "end": "e2_e",
      "type": "horizontal"
    },
    "im_vert": {
      "start": "im_t",
      "end": "im_b",
      "type": "vertical"
    }
  },
  "regions": {
    "R_a": {
      "type": "single-phase",
      "phase_name": "\u03b1",
      "label": {
        "text": "\u03b1",
        "c": 4,
        "t": 600
      },
      "bounding_curves": [
        {
          "id": "S_a",
          "dir": 1
        },
        {
          "id": "sol_a",
          "dir": 1
        },
        {
          "id": "sol_a_bot",
          "dir": 1
        },
        {
          "id": "bot_a",
          "dir": -1
        },
        {
          "id": "e_L",
          "dir": 1
        }
      ]
    }
  }
}